start_route_id,end_route_id,start_stop_id,end_stop_id,walking_distance_m,walking_path_nodes
RSdPdtwiGzlvedMSUpA36,-H9LP4vuOqj-RIRCZNg_6,322,321,139.9497237497058,"[2712663257, 1605614943, 6953697314, 6953697312, 6948570678, 2712663245]"
-Z1R0bmP-3IQrktLaw1-i,-H9LP4vuOqj-RIRCZNg_6,301,326,92.16306949973314,"[4166052725, 1886821074, 1886821204]"
O-PLpyiKLXCmTOTN2ykl2,-H9LP4vuOqj-RIRCZNg_6,192,321,88.90297949528872,"[2712663239, 5413673836, 2712663245]"
d1tk5YD606wPnGF4CLm4i,-H9LP4vuOqj-RIRCZNg_6,427,326,181.65884038086884,"[6952133530, 1886821135, 11462532250, 1886821204]"
-H9LP4vuOqj-RIRCZNg_6,-Z1R0bmP-3IQrktLaw1-i,326,327,92.16306949973314,"[1886821204, 1886821074, 4166052725]"
2HEouGQcgjyXwlsq69h3S,-Z1R0bmP-3IQrktLaw1-i,300,298,249.80652235647767,"[9414993322, 7014712781, 7043828810, 9414993328, 7023732362, 7023732364, 7023732365]"
50n7_gqFiIrgeNHtVzwF0,-Z1R0bmP-3IQrktLaw1-i,326,327,92.16306949973314,"[1886821204, 1886821074, 4166052725]"
8CWoTtootKoeWNjoE5oOP,-Z1R0bmP-3IQrktLaw1-i,326,327,92.16306949973314,"[1886821204, 1886821074, 4166052725]"
BKzwbCqAolUfyoXfpTwIC,-Z1R0bmP-3IQrktLaw1-i,325,327,1256.981164658676,"[4326474663, 11462717726, 5439510412, 4326474661, 11527409521, 6950754299, 6950754336, 6950754293, 6950754289, 6952133530, 1886821135, 11462532250, 1886821204, 1886821074, 4166052725]"
cQIW-LxFXCIuxPpIw4MR2,-Z1R0bmP-3IQrktLaw1-i,296,296,0.0,[5392019571]
kdziSzfhBj4JiBeVoloxo,-Z1R0bmP-3IQrktLaw1-i,344,344,0.0,[6480742784]
1Ctgvye_a8bTjvozOsfEX,-Z1R0bmP-3IQrktLaw1-i,177,301,1993.1691896509014,"[317908405, 7041564226, 9368718200, 4168311512, 9368774130, 5392019578, 7113581386, 7113581387, 7113581389, 7113581393, 7023732365, 7023732364, 7023732362, 9414993328, 7043828810, 7043828811]"
2vubw4wDlR7h4SuBBiS6p,-Z1R0bmP-3IQrktLaw1-i,425,301,0.0,[7043828811]
CTJ48OMS2Nn2CyW093CBk,-Z1R0bmP-3IQrktLaw1-i,15,301,0.0,[7043828811]
DaGuT_I6g5QpO40EcF4u7,-Z1R0bmP-3IQrktLaw1-i,419,301,81.24395009563578,"[9359493413, 7043828816, 7043828811]"
FaHumA7HIyjyuC7E4M1jZ,-Z1R0bmP-3IQrktLaw1-i,189,301,1993.1691896509014,"[317908405, 7041564226, 9368718200, 4168311512, 9368774130, 5392019578, 7113581386, 7113581387, 7113581389, 7113581393, 7023732365, 7023732364, 7023732362, 9414993328, 7043828810, 7043828811]"
RSdPdtwiGzlvedMSUpA36,-Z1R0bmP-3IQrktLaw1-i,322,296,1792.7267033132398,"[6485868051, 7011812107, 6485857211, 6486022036, 7014739939, 6485857224, 7011812106, 6485857238, 6485868050, 6977240809, 6977240799, 8482032648, 2578743473, 7043828811, 7043828810, 9414993328, 7023732362, 7023732364, 5392019571]"
d1tk5YD606wPnGF4CLm4i,-Z1R0bmP-3IQrktLaw1-i,427,327,273.821909880602,"[6952133530, 1886821135, 11462532250, 1886821204, 1886821074, 4166052725]"
hx4EeoLjM7NJfnYrVfGvk,-Z1R0bmP-3IQrktLaw1-i,180,301,1993.1691896509014,"[317908405, 7041564226, 9368718200, 4168311512, 9368774130, 5392019578, 7113581386, 7113581387, 7113581389, 7113581393, 7023732365, 7023732364, 7023732362, 9414993328, 7043828810, 7043828811]"
tMb6GY09D_zaob3QQV8vM,-Z1R0bmP-3IQrktLaw1-i,179,301,1993.1691896509014,"[317908405, 7041564226, 9368718200, 4168311512, 9368774130, 5392019578, 7113581386, 7113581387, 7113581389, 7113581393, 7023732365, 7023732364, 7023732362, 9414993328, 7043828810, 7043828811]"
7udRe7A9ekRD6rtEEN_uD,0WNbk9MGSKJVqVAWMBS1q,189,195,198.9339859709625,"[6446573515, 276659249, 1885931733, 6818143503, 276659446, 1892904326]"
FaHumA7HIyjyuC7E4M1jZ,0WNbk9MGSKJVqVAWMBS1q,189,195,198.9339859709625,"[6446573515, 276659249, 1885931733, 6818143503, 276659446, 1892904326]"
O-PLpyiKLXCmTOTN2ykl2,0WNbk9MGSKJVqVAWMBS1q,192,192,0.0,[1814665419]
T6BRc19d7TrtHQroCLymy,0WNbk9MGSKJVqVAWMBS1q,192,192,0.0,[1814665419]
V_vEOLz-VvDvsJC4jk5JR,0WNbk9MGSKJVqVAWMBS1q,190,192,117.06575927290262,"[262336905, 274589372, 1814665419]"
_RCpDqcLlmzJHSPPy8bli,0WNbk9MGSKJVqVAWMBS1q,192,192,0.0,[1814665419]
edXbrlxHb468dADNBXJ2G,0WNbk9MGSKJVqVAWMBS1q,216,219,308.5375535809871,"[6985079820, 339081311, 7048869158, 527831696, 8442698477, 6985153417]"
lbr0LeYaqC-PO2eSd5dsH,0WNbk9MGSKJVqVAWMBS1q,189,195,198.9339859709625,"[6446573515, 276659249, 1885931733, 6818143503, 276659446, 1892904326]"
nd53PomhCqmjY7ykLQy83,0WNbk9MGSKJVqVAWMBS1q,79,80,0.0,[3879996652]
ruQq1su0J7bVhBjmIi2kw,0WNbk9MGSKJVqVAWMBS1q,195,195,0.0,[1892904326]
xkITynYnba-VdPTlpu5kL,0WNbk9MGSKJVqVAWMBS1q,219,219,0.0,[6985153417]
2z926Q9o3YtgjyoxtMW1d,0WNbk9MGSKJVqVAWMBS1q,425,195,0.0,[1892904326]
5NjpP8xmvr1-OYnw7E5Jn,0WNbk9MGSKJVqVAWMBS1q,258,195,0.0,[1892904326]
DKfQEdGZMwRbkHDkrwcPx,0WNbk9MGSKJVqVAWMBS1q,54,195,172.0613700674482,"[6943200496, 276659249, 1885931733, 6818143503, 276659446, 1892904326]"
E14B9x9RNkVqAHJvJBYqa,0WNbk9MGSKJVqVAWMBS1q,260,195,0.0,[1892904326]
Jahu5bHSRsdCyh3p5H6cJ,0WNbk9MGSKJVqVAWMBS1q,156,80,143.028829084899,"[6992201151, 5503106644, 5503106645, 3879996652]"
NwvVKB38LtB63C0PtEo-i,0WNbk9MGSKJVqVAWMBS1q,425,230,0.0,[6952038537]
dC4CWsX_TbK9g5r1kzt4S,0WNbk9MGSKJVqVAWMBS1q,48,80,528.1542977656857,"[6947834641, 6947834652, 6950701610, 6950701510, 6950701618, 6950701584, 6950701583, 6123228790, 6950701628, 4168310070, 6485810773, 5672090625, 5503106644, 5503106645, 3879996652]"
jmLM1TsmnRPlkOtGUD0nu,0WNbk9MGSKJVqVAWMBS1q,85,182,12.670053350258444,"[3883555026, 260754134]"
kdziSzfhBj4JiBeVoloxo,0WNbk9MGSKJVqVAWMBS1q,344,195,70.91761918018832,"[1892904334, 4323956583, 1892904326]"
o8mSXE7IgJWToUsU4NnFr,0WNbk9MGSKJVqVAWMBS1q,277,192,0.0,[1814665419]
oepuTc06iN5U0ZwjmqZIj,0WNbk9MGSKJVqVAWMBS1q,424,199,180.97182328188137,"[6953678227, 261726784]"
rJNlVBeJYLnin9iUCfQ8_,0WNbk9MGSKJVqVAWMBS1q,310,195,70.91761918018832,"[1892904334, 4323956583, 1892904326]"
xg6X_6yI3-x6agQaIKy0r,0WNbk9MGSKJVqVAWMBS1q,309,192,117.06575927290262,"[262336905, 274589372, 1814665419]"
BDGXXpou9Eb38xEVTNUs2,0fV-oHdZjqIXEVAq-5E7b,120,7,0.0,[1175843806]
CTJ48OMS2Nn2CyW093CBk,0fV-oHdZjqIXEVAq-5E7b,15,7,0.0,[1175843806]
Rx10-oSKyoIJDvbVd1Py3,0fV-oHdZjqIXEVAq-5E7b,29,7,0.0,[1175843806]
XQFjzrlmVSDo00hpPwPD9,0fV-oHdZjqIXEVAq-5E7b,39,7,0.0,[1175843806]
djf-0ENVceYNg5x6O7HGq,0fV-oHdZjqIXEVAq-5E7b,109,7,0.0,[1175843806]
gboAfb13A28YhAJkt-Pkx,0fV-oHdZjqIXEVAq-5E7b,400,400,0.0,[2430596313]
wh9cIxqRBTvvkxeMtkHAi,0fV-oHdZjqIXEVAq-5E7b,400,400,0.0,[2430596313]
zwjvZyv-K7qfVyipl6li5,0fV-oHdZjqIXEVAq-5E7b,2,7,0.0,[1175843806]
2HEouGQcgjyXwlsq69h3S,0fV-oHdZjqIXEVAq-5E7b,300,360,349.74068937636184,"[1886295998, 1888346013, 260758574, 4781919524, 4781919525, 4323952889, 5727317783, 10562355384, 1886295269]"
2sefONCZ5v5w4bCF1ybYX,0fV-oHdZjqIXEVAq-5E7b,85,360,349.74068937636184,"[1886295998, 1888346013, 260758574, 4781919524, 4781919525, 4323952889, 5727317783, 10562355384, 1886295269]"
50n7_gqFiIrgeNHtVzwF0,0fV-oHdZjqIXEVAq-5E7b,326,7,0.0,[1175843806]
6Jzbm71jwnmQuuO9P7ngg,0fV-oHdZjqIXEVAq-5E7b,267,7,0.0,[1175843806]
8CWoTtootKoeWNjoE5oOP,0fV-oHdZjqIXEVAq-5E7b,326,7,0.0,[1175843806]
EYuJpRuohnv2M2djd0oRb,0fV-oHdZjqIXEVAq-5E7b,397,360,349.74068937636184,"[1886295998, 1888346013, 260758574, 4781919524, 4781919525, 4323952889, 5727317783, 10562355384, 1886295269]"
EqpMMSAPpyyeIs0OPJu7A,0fV-oHdZjqIXEVAq-5E7b,98,360,349.74068937636184,"[1886295998, 1888346013, 260758574, 4781919524, 4781919525, 4323952889, 5727317783, 10562355384, 1886295269]"
EvMcmidrqDryWEcBEqdU2,0fV-oHdZjqIXEVAq-5E7b,425,360,349.74068937636184,"[1886295998, 1888346013, 260758574, 4781919524, 4781919525, 4323952889, 5727317783, 10562355384, 1886295269]"
I4AY9d0_JCb661dki5jy7,0fV-oHdZjqIXEVAq-5E7b,425,7,0.0,[1175843806]
KNOT7t80YXwsfYupjUiTk,0fV-oHdZjqIXEVAq-5E7b,426,7,0.0,[1175843806]
QcjXCusjL37XD0vtFPM_z,0fV-oHdZjqIXEVAq-5E7b,269,360,349.74068937636184,"[1886295998, 1888346013, 260758574, 4781919524, 4781919525, 4323952889, 5727317783, 10562355384, 1886295269]"
T6BRc19d7TrtHQroCLymy,0fV-oHdZjqIXEVAq-5E7b,192,7,0.0,[1175843806]
V-tNyPwMd_7j2AAdXrBPe,0fV-oHdZjqIXEVAq-5E7b,278,360,349.74068937636184,"[1886295998, 1888346013, 260758574, 4781919524, 4781919525, 4323952889, 5727317783, 10562355384, 1886295269]"
VqsKdXjc_nTkIE8PZUK7V,0fV-oHdZjqIXEVAq-5E7b,93,360,349.74068937636184,"[1886295998, 1888346013, 260758574, 4781919524, 4781919525, 4323952889, 5727317783, 10562355384, 1886295269]"
XxUPXIlZHVjWT_a7YqhHy,0fV-oHdZjqIXEVAq-5E7b,426,7,0.0,[1175843806]
_RCpDqcLlmzJHSPPy8bli,0fV-oHdZjqIXEVAq-5E7b,192,7,0.0,[1175843806]
cQIW-LxFXCIuxPpIw4MR2,0fV-oHdZjqIXEVAq-5E7b,296,7,0.0,[1175843806]
dzTiXNOiyKbSpiehbFk-a,0fV-oHdZjqIXEVAq-5E7b,360,7,0.0,[1175843806]
eW27jXPyPLkZFOoF5g9lr,0fV-oHdZjqIXEVAq-5E7b,433,360,349.74068937636184,"[1886295998, 1888346013, 260758574, 4781919524, 4781919525, 4323952889, 5727317783, 10562355384, 1886295269]"
lQGthxPF7d3FXnmoZFGLV,0fV-oHdZjqIXEVAq-5E7b,426,7,0.0,[1175843806]
p2DY4x4NaqXRC1gG9cwiY,0fV-oHdZjqIXEVAq-5E7b,359,7,0.0,[1175843806]
w5lnA7aOkl9RbW6RzoEdG,0fV-oHdZjqIXEVAq-5E7b,416,360,349.74068937636184,"[1886295998, 1888346013, 260758574, 4781919524, 4781919525, 4323952889, 5727317783, 10562355384, 1886295269]"
z2W-2EVP76_5pF_4R0HbR,0fV-oHdZjqIXEVAq-5E7b,360,7,0.0,[1175843806]
-Z1R0bmP-3IQrktLaw1-i,1Ctgvye_a8bTjvozOsfEX,301,307,1993.1691896509012,"[7043828811, 7043828810, 9414993328, 7023732362, 7023732364, 7023732365, 7113581393, 7113581389, 7113581387, 7113581386, 5392019578, 9368774130, 4168311512, 9368718200, 7041564226, 317908405]"
2HEouGQcgjyXwlsq69h3S,1Ctgvye_a8bTjvozOsfEX,300,307,1854.8090433424386,"[9414993322, 7014712781, 7043828810, 9414993328, 7023732362, 7023732364, 7023732365, 7113581393, 7113581389, 7113581387, 7113581386, 5392019578, 9368774130, 4168311512, 9368718200, 7041564226, 317908405]"
2vubw4wDlR7h4SuBBiS6p,1Ctgvye_a8bTjvozOsfEX,425,307,1993.1691896509012,"[7043828811, 7043828810, 9414993328, 7023732362, 7023732364, 7023732365, 7113581393, 7113581389, 7113581387, 7113581386, 5392019578, 9368774130, 4168311512, 9368718200, 7041564226, 317908405]"
CTJ48OMS2Nn2CyW093CBk,1Ctgvye_a8bTjvozOsfEX,15,307,1993.1691896509012,"[7043828811, 7043828810, 9414993328, 7023732362, 7023732364, 7023732365, 7113581393, 7113581389, 7113581387, 7113581386, 5392019578, 9368774130, 4168311512, 9368718200, 7041564226, 317908405]"
DaGuT_I6g5QpO40EcF4u7,1Ctgvye_a8bTjvozOsfEX,419,307,2013.0140755243524,"[9359493413, 9359493410, 9359493415, 9414993319, 9414993322, 7014712781, 7043828810, 9414993328, 7023732362, 7023732364, 7023732365, 7113581393, 7113581389, 7113581387, 7113581386, 5392019578, 9368774130, 4168311512, 9368718200, 7041564226, 317908405]"
FaHumA7HIyjyuC7E4M1jZ,1Ctgvye_a8bTjvozOsfEX,189,307,0.0,[317908405]
hx4EeoLjM7NJfnYrVfGvk,1Ctgvye_a8bTjvozOsfEX,180,307,0.0,[317908405]
tMb6GY09D_zaob3QQV8vM,1Ctgvye_a8bTjvozOsfEX,179,307,0.0,[317908405]
0fV-oHdZjqIXEVAq-5E7b,2HEouGQcgjyXwlsq69h3S,360,359,349.74068937636184,"[1886295269, 10562355384, 5727317783, 4323952889, 4781919525, 4781919524, 260758574, 1888346013, 1886295998]"
3I93k-8Viq6W8QFXbpmUU,2HEouGQcgjyXwlsq69h3S,362,359,174.1628211676752,"[260758678, 1888346077, 1888346018, 1888346013, 1886295998]"
8NzGmmMDzhEhQEXbQjJTl,2HEouGQcgjyXwlsq69h3S,362,359,174.1628211676752,"[260758678, 1888346077, 1888346018, 1888346013, 1886295998]"
E_oc6kDbFdlvVaZssBQex,2HEouGQcgjyXwlsq69h3S,405,405,0.0,[7927564332]
LrIznn0Nk3YYvE6SV4NT_,2HEouGQcgjyXwlsq69h3S,361,359,177.45045235544677,"[260758565, 260758574, 1888346013, 1886295998]"
SqToUMEw-z1wSe52v0JGh,2HEouGQcgjyXwlsq69h3S,362,359,174.1628211676752,"[260758678, 1888346077, 1888346018, 1888346013, 1886295998]"
cQIW-LxFXCIuxPpIw4MR2,2HEouGQcgjyXwlsq69h3S,296,296,0.0,[5392019571]
dzTiXNOiyKbSpiehbFk-a,2HEouGQcgjyXwlsq69h3S,360,359,349.74068937636184,"[1886295269, 10562355384, 5727317783, 4323952889, 4781919525, 4781919524, 260758574, 1888346013, 1886295998]"
oepuTc06iN5U0ZwjmqZIj,2HEouGQcgjyXwlsq69h3S,424,424,0.0,[4323950582]
p2DY4x4NaqXRC1gG9cwiY,2HEouGQcgjyXwlsq69h3S,359,359,0.0,[1886295998]
pIaHBI4j1KA7mIDUenoKC,2HEouGQcgjyXwlsq69h3S,360,359,349.74068937636184,"[1886295269, 10562355384, 5727317783, 4323952889, 4781919525, 4781919524, 260758574, 1888346013, 1886295998]"
ujMXATExhhRj9qgxcopKv,2HEouGQcgjyXwlsq69h3S,362,359,174.1628211676752,"[260758678, 1888346077, 1888346018, 1888346013, 1886295998]"
wk7z0bHFULyZrQtvEvO1X,2HEouGQcgjyXwlsq69h3S,360,359,349.74068937636184,"[1886295269, 10562355384, 5727317783, 4323952889, 4781919525, 4781919524, 260758574, 1888346013, 1886295998]"
z2W-2EVP76_5pF_4R0HbR,2HEouGQcgjyXwlsq69h3S,360,359,349.74068937636184,"[1886295269, 10562355384, 5727317783, 4323952889, 4781919525, 4781919524, 260758574, 1888346013, 1886295998]"
1Ctgvye_a8bTjvozOsfEX,2HEouGQcgjyXwlsq69h3S,177,300,1854.8090433424386,"[317908405, 7041564226, 9368718200, 4168311512, 9368774130, 5392019578, 7113581386, 7113581387, 7113581389, 7113581393, 7023732365, 7023732364, 7023732362, 9414993328, 7043828810, 7014712781, 9414993322]"
2sefONCZ5v5w4bCF1ybYX,2HEouGQcgjyXwlsq69h3S,85,359,0.0,[1886295998]
2vubw4wDlR7h4SuBBiS6p,2HEouGQcgjyXwlsq69h3S,425,300,224.34326387801144,"[7043828811, 7043828816, 7014712781, 9414993322]"
CTJ48OMS2Nn2CyW093CBk,2HEouGQcgjyXwlsq69h3S,15,300,224.34326387801144,"[7043828811, 7043828816, 7014712781, 9414993322]"
DaGuT_I6g5QpO40EcF4u7,2HEouGQcgjyXwlsq69h3S,419,300,158.20503218191382,"[9359493413, 9359493410, 9359493415, 9414993319, 9414993322]"
EYuJpRuohnv2M2djd0oRb,2HEouGQcgjyXwlsq69h3S,397,359,0.0,[1886295998]
EqpMMSAPpyyeIs0OPJu7A,2HEouGQcgjyXwlsq69h3S,98,359,0.0,[1886295998]
EvMcmidrqDryWEcBEqdU2,2HEouGQcgjyXwlsq69h3S,425,359,0.0,[1886295998]
FaHumA7HIyjyuC7E4M1jZ,2HEouGQcgjyXwlsq69h3S,189,300,1854.8090433424386,"[317908405, 7041564226, 9368718200, 4168311512, 9368774130, 5392019578, 7113581386, 7113581387, 7113581389, 7113581393, 7023732365, 7023732364, 7023732362, 9414993328, 7043828810, 7014712781, 9414993322]"
QcjXCusjL37XD0vtFPM_z,2HEouGQcgjyXwlsq69h3S,269,359,0.0,[1886295998]
RSdPdtwiGzlvedMSUpA36,2HEouGQcgjyXwlsq69h3S,322,296,1792.7267033132398,"[6485868051, 7011812107, 6485857211, 6486022036, 7014739939, 6485857224, 7011812106, 6485857238, 6485868050, 6977240809, 6977240799, 8482032648, 2578743473, 7043828811, 7043828810, 9414993328, 7023732362, 7023732364, 5392019571]"
V-tNyPwMd_7j2AAdXrBPe,2HEouGQcgjyXwlsq69h3S,278,359,0.0,[1886295998]
VqsKdXjc_nTkIE8PZUK7V,2HEouGQcgjyXwlsq69h3S,93,359,0.0,[1886295998]
djf-0ENVceYNg5x6O7HGq,2HEouGQcgjyXwlsq69h3S,109,359,0.0,[1886295998]
eW27jXPyPLkZFOoF5g9lr,2HEouGQcgjyXwlsq69h3S,433,359,0.0,[1886295998]
hx4EeoLjM7NJfnYrVfGvk,2HEouGQcgjyXwlsq69h3S,180,300,1854.8090433424386,"[317908405, 7041564226, 9368718200, 4168311512, 9368774130, 5392019578, 7113581386, 7113581387, 7113581389, 7113581393, 7023732365, 7023732364, 7023732362, 9414993328, 7043828810, 7014712781, 9414993322]"
nl0Bhq5jfJUhmpghbnEaV,2HEouGQcgjyXwlsq69h3S,48,402,0.0,[5720425342]
tMb6GY09D_zaob3QQV8vM,2HEouGQcgjyXwlsq69h3S,179,300,1854.8090433424386,"[317908405, 7041564226, 9368718200, 4168311512, 9368774130, 5392019578, 7113581386, 7113581387, 7113581389, 7113581393, 7023732365, 7023732364, 7023732362, 9414993328, 7043828810, 7014712781, 9414993322]"
w5lnA7aOkl9RbW6RzoEdG,2HEouGQcgjyXwlsq69h3S,416,359,0.0,[1886295998]
0fV-oHdZjqIXEVAq-5E7b,2sefONCZ5v5w4bCF1ybYX,360,359,349.74068937636184,"[1886295269, 10562355384, 5727317783, 4323952889, 4781919525, 4781919524, 260758574, 1888346013, 1886295998]"
3I93k-8Viq6W8QFXbpmUU,2sefONCZ5v5w4bCF1ybYX,362,359,174.1628211676752,"[260758678, 1888346077, 1888346018, 1888346013, 1886295998]"
8NzGmmMDzhEhQEXbQjJTl,2sefONCZ5v5w4bCF1ybYX,362,359,174.1628211676752,"[260758678, 1888346077, 1888346018, 1888346013, 1886295998]"
EWmI2x176BtYHecDIWm2H,2sefONCZ5v5w4bCF1ybYX,89,89,0.0,[5392895112]
I46ZQc9g0OMvTpnnq0RXs,2sefONCZ5v5w4bCF1ybYX,14,14,0.0,[4168314500]
LrIznn0Nk3YYvE6SV4NT_,2sefONCZ5v5w4bCF1ybYX,361,359,177.45045235544677,"[260758565, 260758574, 1888346013, 1886295998]"
SqToUMEw-z1wSe52v0JGh,2sefONCZ5v5w4bCF1ybYX,362,359,174.1628211676752,"[260758678, 1888346077, 1888346018, 1888346013, 1886295998]"
VqsKdXjc_nTkIE8PZUK7V,2sefONCZ5v5w4bCF1ybYX,93,89,117.68109633372404,"[3143411495, 6989895844, 2578433065, 6989895843, 5392895112]"
dzTiXNOiyKbSpiehbFk-a,2sefONCZ5v5w4bCF1ybYX,360,359,349.74068937636184,"[1886295269, 10562355384, 5727317783, 4323952889, 4781919525, 4781919524, 260758574, 1888346013, 1886295998]"
edXbrlxHb468dADNBXJ2G,2sefONCZ5v5w4bCF1ybYX,216,218,308.5375535809871,"[6985079820, 339081311, 7048869158, 527831696, 8442698477, 6985153417]"
p2DY4x4NaqXRC1gG9cwiY,2sefONCZ5v5w4bCF1ybYX,359,359,0.0,[1886295998]
pIaHBI4j1KA7mIDUenoKC,2sefONCZ5v5w4bCF1ybYX,360,359,349.74068937636184,"[1886295269, 10562355384, 5727317783, 4323952889, 4781919525, 4781919524, 260758574, 1888346013, 1886295998]"
ujMXATExhhRj9qgxcopKv,2sefONCZ5v5w4bCF1ybYX,362,359,174.1628211676752,"[260758678, 1888346077, 1888346018, 1888346013, 1886295998]"
wk7z0bHFULyZrQtvEvO1X,2sefONCZ5v5w4bCF1ybYX,360,359,349.74068937636184,"[1886295269, 10562355384, 5727317783, 4323952889, 4781919525, 4781919524, 260758574, 1888346013, 1886295998]"
xkITynYnba-VdPTlpu5kL,2sefONCZ5v5w4bCF1ybYX,219,218,0.0,[6985153417]
z2W-2EVP76_5pF_4R0HbR,2sefONCZ5v5w4bCF1ybYX,360,359,349.74068937636184,"[1886295269, 10562355384, 5727317783, 4323952889, 4781919525, 4781919524, 260758574, 1888346013, 1886295998]"
2HEouGQcgjyXwlsq69h3S,2sefONCZ5v5w4bCF1ybYX,300,359,0.0,[1886295998]
EYuJpRuohnv2M2djd0oRb,2sefONCZ5v5w4bCF1ybYX,397,359,0.0,[1886295998]
EqpMMSAPpyyeIs0OPJu7A,2sefONCZ5v5w4bCF1ybYX,98,359,0.0,[1886295998]
EvMcmidrqDryWEcBEqdU2,2sefONCZ5v5w4bCF1ybYX,425,359,0.0,[1886295998]
NwvVKB38LtB63C0PtEo-i,2sefONCZ5v5w4bCF1ybYX,425,225,6805.614686096191,"[6952038537, 6952038534, 6952038526, 6953539418, 6952038523, 6952038519, 6952035739, 6952035732, 6491614424, 6491614425, 6953678243, 6953678227, 261726784, 6942560970, 1892876501, 260755102, 1128125313, 1128125375, 274591723, 1884999064, 1884999079, 1884999061, 1884999051, 260755101, 5434591444, 5434591442, 1814665424, 1814665419, 274589372, 1128126150, 1128125930, 1128126056, 1128126117, 316916763, 1885696441, 276659446, 1892904326, 1885696346, 276659536, 276659637, 7025440170, 8431951862, 6513299697, 8431951870, 1885907570, 4323956955, 3890628560, 4075818998, 274589385, 274589386, 417395073, 417395122, 274589389, 260754134, 3883555026, 6971317922, 6971317926, 10904528616]"
QcjXCusjL37XD0vtFPM_z,2sefONCZ5v5w4bCF1ybYX,269,359,0.0,[1886295998]
V-tNyPwMd_7j2AAdXrBPe,2sefONCZ5v5w4bCF1ybYX,278,359,0.0,[1886295998]
W1YoMQsS8c1ZcZdd_AJ4R,2sefONCZ5v5w4bCF1ybYX,122,85,449.48983805365873,"[6966026052, 6966026040, 6966026038, 6966026042, 6966026049, 6966026051, 6953774176, 5392868394, 5392868419, 5392868396, 12287636104, 4168314394, 6491266231, 6952128710, 6952128699, 6952128713]"
d591FuxnMulU7vr6uNxrB,2sefONCZ5v5w4bCF1ybYX,351,136,2880.3098032071616,"[339079953, 11730533096, 11730525724, 6478134168, 6943204913, 2578533950, 6943204888, 6943204886, 6495045252, 6487695560, 4168311210, 339079951, 3143414570, 3143414617, 2578504588, 2578504563, 5392868396, 12287636104, 6491234133, 4168312575, 1128090074, 6953774159, 1128090046, 339079362, 2578499668, 12053003697, 8424959089, 8424959109, 8424959097, 8424959095, 12053003701]"
djf-0ENVceYNg5x6O7HGq,2sefONCZ5v5w4bCF1ybYX,109,359,0.0,[1886295998]
eW27jXPyPLkZFOoF5g9lr,2sefONCZ5v5w4bCF1ybYX,433,359,0.0,[1886295998]
nl0Bhq5jfJUhmpghbnEaV,2sefONCZ5v5w4bCF1ybYX,48,402,0.0,[5720425342]
w5lnA7aOkl9RbW6RzoEdG,2sefONCZ5v5w4bCF1ybYX,416,359,0.0,[1886295998]
yX2mhzfbx4_bbd2DANmLp,2sefONCZ5v5w4bCF1ybYX,135,85,449.48983805365873,"[6966026052, 6966026040, 6966026038, 6966026042, 6966026049, 6966026051, 6953774176, 5392868394, 5392868419, 5392868396, 12287636104, 4168314394, 6491266231, 6952128710, 6952128699, 6952128713]"
-Z1R0bmP-3IQrktLaw1-i,2vubw4wDlR7h4SuBBiS6p,301,302,0.0,[7043828811]
2HEouGQcgjyXwlsq69h3S,2vubw4wDlR7h4SuBBiS6p,300,299,1435.3456329605206,"[9414993322, 7014712781, 7043828816, 7043828811, 2578743473, 8482032648, 6977240799, 6977240809, 6485868050, 6485857238, 7011812106, 6485857224, 7014739939, 6486022036, 6485857211, 7011812107, 6485868051]"
cQIW-LxFXCIuxPpIw4MR2,2vubw4wDlR7h4SuBBiS6p,296,297,0.0,[5392019571]
oepuTc06iN5U0ZwjmqZIj,2vubw4wDlR7h4SuBBiS6p,424,423,0.0,[4323950582]
1Ctgvye_a8bTjvozOsfEX,2vubw4wDlR7h4SuBBiS6p,177,302,1993.1691896509014,"[317908405, 7041564226, 9368718200, 4168311512, 9368774130, 5392019578, 7113581386, 7113581387, 7113581389, 7113581393, 7023732365, 7023732364, 7023732362, 9414993328, 7043828810, 7043828811]"
CTJ48OMS2Nn2CyW093CBk,2vubw4wDlR7h4SuBBiS6p,15,302,0.0,[7043828811]
DaGuT_I6g5QpO40EcF4u7,2vubw4wDlR7h4SuBBiS6p,419,302,81.24395009563578,"[9359493413, 7043828816, 7043828811]"
FaHumA7HIyjyuC7E4M1jZ,2vubw4wDlR7h4SuBBiS6p,189,302,1993.1691896509014,"[317908405, 7041564226, 9368718200, 4168311512, 9368774130, 5392019578, 7113581386, 7113581387, 7113581389, 7113581393, 7023732365, 7023732364, 7023732362, 9414993328, 7043828810, 7043828811]"
RSdPdtwiGzlvedMSUpA36,2vubw4wDlR7h4SuBBiS6p,322,297,1792.7267033132398,"[6485868051, 7011812107, 6485857211, 6486022036, 7014739939, 6485857224, 7011812106, 6485857238, 6485868050, 6977240809, 6977240799, 8482032648, 2578743473, 7043828811, 7043828810, 9414993328, 7023732362, 7023732364, 5392019571]"
hx4EeoLjM7NJfnYrVfGvk,2vubw4wDlR7h4SuBBiS6p,180,302,1993.1691896509014,"[317908405, 7041564226, 9368718200, 4168311512, 9368774130, 5392019578, 7113581386, 7113581387, 7113581389, 7113581393, 7023732365, 7023732364, 7023732362, 9414993328, 7043828810, 7043828811]"
tMb6GY09D_zaob3QQV8vM,2vubw4wDlR7h4SuBBiS6p,179,302,1993.1691896509014,"[317908405, 7041564226, 9368718200, 4168311512, 9368774130, 5392019578, 7113581386, 7113581387, 7113581389, 7113581393, 7023732365, 7023732364, 7023732362, 9414993328, 7043828810, 7043828811]"
7udRe7A9ekRD6rtEEN_uD,2z926Q9o3YtgjyoxtMW1d,189,194,198.9339859709625,"[6446573515, 276659249, 1885931733, 6818143503, 276659446, 1892904326]"
E_oc6kDbFdlvVaZssBQex,2z926Q9o3YtgjyoxtMW1d,405,405,0.0,[7927564332]
FaHumA7HIyjyuC7E4M1jZ,2z926Q9o3YtgjyoxtMW1d,189,194,198.9339859709625,"[6446573515, 276659249, 1885931733, 6818143503, 276659446, 1892904326]"
O-PLpyiKLXCmTOTN2ykl2,2z926Q9o3YtgjyoxtMW1d,192,193,0.0,[1814665419]
T6BRc19d7TrtHQroCLymy,2z926Q9o3YtgjyoxtMW1d,192,193,0.0,[1814665419]
V_vEOLz-VvDvsJC4jk5JR,2z926Q9o3YtgjyoxtMW1d,190,193,117.06575927290262,"[262336905, 274589372, 1814665419]"
_RCpDqcLlmzJHSPPy8bli,2z926Q9o3YtgjyoxtMW1d,192,193,0.0,[1814665419]
lbr0LeYaqC-PO2eSd5dsH,2z926Q9o3YtgjyoxtMW1d,189,194,198.9339859709625,"[6446573515, 276659249, 1885931733, 6818143503, 276659446, 1892904326]"
oepuTc06iN5U0ZwjmqZIj,2z926Q9o3YtgjyoxtMW1d,424,424,0.0,[4323950582]
ruQq1su0J7bVhBjmIi2kw,2z926Q9o3YtgjyoxtMW1d,195,194,0.0,[1892904326]
5NjpP8xmvr1-OYnw7E5Jn,2z926Q9o3YtgjyoxtMW1d,258,194,0.0,[1892904326]
DKfQEdGZMwRbkHDkrwcPx,2z926Q9o3YtgjyoxtMW1d,54,194,172.0613700674482,"[6943200496, 276659249, 1885931733, 6818143503, 276659446, 1892904326]"
E14B9x9RNkVqAHJvJBYqa,2z926Q9o3YtgjyoxtMW1d,260,194,0.0,[1892904326]
NwvVKB38LtB63C0PtEo-i,2z926Q9o3YtgjyoxtMW1d,425,225,6805.614686096191,"[6952038537, 6952038534, 6952038526, 6953539418, 6952038523, 6952038519, 6952035739, 6952035732, 6491614424, 6491614425, 6953678243, 6953678227, 261726784, 6942560970, 1892876501, 260755102, 1128125313, 1128125375, 274591723, 1884999064, 1884999079, 1884999061, 1884999051, 260755101, 5434591444, 5434591442, 1814665424, 1814665419, 274589372, 1128126150, 1128125930, 1128126056, 1128126117, 316916763, 1885696441, 276659446, 1892904326, 1885696346, 276659536, 276659637, 7025440170, 8431951862, 6513299697, 8431951870, 1885907570, 4323956955, 3890628560, 4075818998, 274589385, 274589386, 417395073, 417395122, 274589389, 260754134, 3883555026, 6971317922, 6971317926, 10904528616]"
kdziSzfhBj4JiBeVoloxo,2z926Q9o3YtgjyoxtMW1d,344,194,70.91761918018832,"[1892904334, 4323956583, 1892904326]"
o8mSXE7IgJWToUsU4NnFr,2z926Q9o3YtgjyoxtMW1d,277,193,0.0,[1814665419]
rJNlVBeJYLnin9iUCfQ8_,2z926Q9o3YtgjyoxtMW1d,310,194,70.91761918018832,"[1892904334, 4323956583, 1892904326]"
xg6X_6yI3-x6agQaIKy0r,2z926Q9o3YtgjyoxtMW1d,309,193,117.06575927290262,"[262336905, 274589372, 1814665419]"
xkITynYnba-VdPTlpu5kL,2z926Q9o3YtgjyoxtMW1d,219,193,0.0,[1814665419]
2HEouGQcgjyXwlsq69h3S,3I93k-8Viq6W8QFXbpmUU,300,362,174.16282116767522,"[1886295998, 1888346013, 1888346018, 1888346077, 260758678]"
2sefONCZ5v5w4bCF1ybYX,3I93k-8Viq6W8QFXbpmUU,85,362,174.16282116767522,"[1886295998, 1888346013, 1888346018, 1888346077, 260758678]"
EYuJpRuohnv2M2djd0oRb,3I93k-8Viq6W8QFXbpmUU,397,362,174.16282116767522,"[1886295998, 1888346013, 1888346018, 1888346077, 260758678]"
EqpMMSAPpyyeIs0OPJu7A,3I93k-8Viq6W8QFXbpmUU,98,362,174.16282116767522,"[1886295998, 1888346013, 1888346018, 1888346077, 260758678]"
EvMcmidrqDryWEcBEqdU2,3I93k-8Viq6W8QFXbpmUU,425,362,174.16282116767522,"[1886295998, 1888346013, 1888346018, 1888346077, 260758678]"
QcjXCusjL37XD0vtFPM_z,3I93k-8Viq6W8QFXbpmUU,269,362,174.16282116767522,"[1886295998, 1888346013, 1888346018, 1888346077, 260758678]"
V-tNyPwMd_7j2AAdXrBPe,3I93k-8Viq6W8QFXbpmUU,278,362,174.16282116767522,"[1886295998, 1888346013, 1888346018, 1888346077, 260758678]"
VqsKdXjc_nTkIE8PZUK7V,3I93k-8Viq6W8QFXbpmUU,93,362,174.16282116767522,"[1886295998, 1888346013, 1888346018, 1888346077, 260758678]"
djf-0ENVceYNg5x6O7HGq,3I93k-8Viq6W8QFXbpmUU,109,362,174.16282116767522,"[1886295998, 1888346013, 1888346018, 1888346077, 260758678]"
eW27jXPyPLkZFOoF5g9lr,3I93k-8Viq6W8QFXbpmUU,433,362,174.16282116767522,"[1886295998, 1888346013, 1888346018, 1888346077, 260758678]"
w5lnA7aOkl9RbW6RzoEdG,3I93k-8Viq6W8QFXbpmUU,416,362,174.16282116767522,"[1886295998, 1888346013, 1888346018, 1888346077, 260758678]"
6Jzbm71jwnmQuuO9P7ngg,4xf9KaKYJRkSlWjtAzeER,267,447,152.82610556750262,"[6487838617, 7028411712, 7028411711, 12843506658]"
8ExRMTw-r4JAqxk8WGljD,4xf9KaKYJRkSlWjtAzeER,269,447,62.28000870053562,"[7028411712, 7028411711, 12843506658]"
QcjXCusjL37XD0vtFPM_z,4xf9KaKYJRkSlWjtAzeER,269,447,62.28000870053562,"[7028411712, 7028411711, 12843506658]"
TPxz_LmHA0qyDz7QFLo1e,4xf9KaKYJRkSlWjtAzeER,280,280,0.0,[6488486115]
llujnjcOUaGBRa_Jecss3,4xf9KaKYJRkSlWjtAzeER,279,280,1738.337021746674,"[9204541535, 7016571657, 7111551009, 8442698359, 7044630378, 7044630377, 8442698387, 4002066933, 7044630380, 339079529, 4168310134, 7029035469, 1128476537, 1128477650, 1128478568, 4168313563, 7041539368, 7927561316, 6511710409, 1128092208, 1128091960, 1128092175, 6488486115]"
ndixtJMAJzaQiITLSzYz_,4xf9KaKYJRkSlWjtAzeER,267,447,152.82610556750262,"[6487838617, 7028411712, 7028411711, 12843506658]"
o7ehON1F_k7JHoHJOQYGh,4xf9KaKYJRkSlWjtAzeER,267,447,152.82610556750262,"[6487838617, 7028411712, 7028411711, 12843506658]"
q-9QC-QKVmhqbVh9htKhg,4xf9KaKYJRkSlWjtAzeER,447,447,0.0,[12843506658]
D7IwqxPBMcEQiGv3sjC3s,4xf9KaKYJRkSlWjtAzeER,305,262,0.0,[4770569723]
vToQ2sD35oGmngQzvKN9j,4xf9KaKYJRkSlWjtAzeER,83,305,0.0,[5392019578]
BDGXXpou9Eb38xEVTNUs2,50n7_gqFiIrgeNHtVzwF0,120,18,0.0,[1175843806]
CTJ48OMS2Nn2CyW093CBk,50n7_gqFiIrgeNHtVzwF0,15,18,0.0,[1175843806]
KNOT7t80YXwsfYupjUiTk,50n7_gqFiIrgeNHtVzwF0,426,428,127.83425607963296,"[11381058378, 11381058358, 10989259965, 5594506900, 5594506889]"
RSdPdtwiGzlvedMSUpA36,50n7_gqFiIrgeNHtVzwF0,322,321,139.9497237497058,"[2712663257, 1605614943, 6953697314, 6953697312, 6948570678, 2712663245]"
Rx10-oSKyoIJDvbVd1Py3,50n7_gqFiIrgeNHtVzwF0,29,18,0.0,[1175843806]
XQFjzrlmVSDo00hpPwPD9,50n7_gqFiIrgeNHtVzwF0,39,18,0.0,[1175843806]
XxUPXIlZHVjWT_a7YqhHy,50n7_gqFiIrgeNHtVzwF0,426,428,127.83425607963296,"[11381058378, 11381058358, 10989259965, 5594506900, 5594506889]"
d1tk5YD606wPnGF4CLm4i,50n7_gqFiIrgeNHtVzwF0,427,428,140.34669742250887,"[4323948369, 11381058378, 11381058358, 10989259965, 5594506900, 5594506889]"
djf-0ENVceYNg5x6O7HGq,50n7_gqFiIrgeNHtVzwF0,109,18,0.0,[1175843806]
eW27jXPyPLkZFOoF5g9lr,50n7_gqFiIrgeNHtVzwF0,433,433,0.0,[6488733328]
lQGthxPF7d3FXnmoZFGLV,50n7_gqFiIrgeNHtVzwF0,426,428,127.83425607963296,"[11381058378, 11381058358, 10989259965, 5594506900, 5594506889]"
zwjvZyv-K7qfVyipl6li5,50n7_gqFiIrgeNHtVzwF0,2,18,0.0,[1175843806]
-H9LP4vuOqj-RIRCZNg_6,50n7_gqFiIrgeNHtVzwF0,326,337,0.0,[602781261]
-Z1R0bmP-3IQrktLaw1-i,50n7_gqFiIrgeNHtVzwF0,301,326,92.16306949973314,"[4166052725, 1886821074, 1886821204]"
0fV-oHdZjqIXEVAq-5E7b,50n7_gqFiIrgeNHtVzwF0,360,18,0.0,[1175843806]
6Jzbm71jwnmQuuO9P7ngg,50n7_gqFiIrgeNHtVzwF0,267,18,0.0,[1175843806]
8CWoTtootKoeWNjoE5oOP,50n7_gqFiIrgeNHtVzwF0,326,18,0.0,[1175843806]
I4AY9d0_JCb661dki5jy7,50n7_gqFiIrgeNHtVzwF0,425,18,0.0,[1175843806]
O-PLpyiKLXCmTOTN2ykl2,50n7_gqFiIrgeNHtVzwF0,192,321,88.90297949528872,"[2712663239, 5413673836, 2712663245]"
T6BRc19d7TrtHQroCLymy,50n7_gqFiIrgeNHtVzwF0,192,18,0.0,[1175843806]
_RCpDqcLlmzJHSPPy8bli,50n7_gqFiIrgeNHtVzwF0,192,18,0.0,[1175843806]
bAytab6a3g8pFmPeUQC1L,50n7_gqFiIrgeNHtVzwF0,161,428,0.0,[5594506889]
cQIW-LxFXCIuxPpIw4MR2,50n7_gqFiIrgeNHtVzwF0,296,18,0.0,[1175843806]
dzTiXNOiyKbSpiehbFk-a,50n7_gqFiIrgeNHtVzwF0,360,18,0.0,[1175843806]
gboAfb13A28YhAJkt-Pkx,50n7_gqFiIrgeNHtVzwF0,400,18,0.0,[1175843806]
nd53PomhCqmjY7ykLQy83,50n7_gqFiIrgeNHtVzwF0,79,428,0.0,[5594506889]
p2DY4x4NaqXRC1gG9cwiY,50n7_gqFiIrgeNHtVzwF0,359,18,0.0,[1175843806]
rff5rfv-fQCJyBaPUiuhB,50n7_gqFiIrgeNHtVzwF0,277,428,0.0,[5594506889]
tv4mLSYvBC5Q4aSnL5h83,50n7_gqFiIrgeNHtVzwF0,98,428,0.0,[5594506889]
wh9cIxqRBTvvkxeMtkHAi,50n7_gqFiIrgeNHtVzwF0,400,18,0.0,[1175843806]
z2W-2EVP76_5pF_4R0HbR,50n7_gqFiIrgeNHtVzwF0,360,18,0.0,[1175843806]
7udRe7A9ekRD6rtEEN_uD,5NjpP8xmvr1-OYnw7E5Jn,189,194,198.9339859709625,"[6446573515, 276659249, 1885931733, 6818143503, 276659446, 1892904326]"
FaHumA7HIyjyuC7E4M1jZ,5NjpP8xmvr1-OYnw7E5Jn,189,194,198.9339859709625,"[6446573515, 276659249, 1885931733, 6818143503, 276659446, 1892904326]"
O-PLpyiKLXCmTOTN2ykl2,5NjpP8xmvr1-OYnw7E5Jn,192,193,0.0,[1814665419]
T6BRc19d7TrtHQroCLymy,5NjpP8xmvr1-OYnw7E5Jn,192,193,0.0,[1814665419]
V_vEOLz-VvDvsJC4jk5JR,5NjpP8xmvr1-OYnw7E5Jn,190,193,117.06575927290262,"[262336905, 274589372, 1814665419]"
_RCpDqcLlmzJHSPPy8bli,5NjpP8xmvr1-OYnw7E5Jn,192,193,0.0,[1814665419]
edXbrlxHb468dADNBXJ2G,5NjpP8xmvr1-OYnw7E5Jn,216,218,308.5375535809871,"[6985079820, 339081311, 7048869158, 527831696, 8442698477, 6985153417]"
lbr0LeYaqC-PO2eSd5dsH,5NjpP8xmvr1-OYnw7E5Jn,189,194,198.9339859709625,"[6446573515, 276659249, 1885931733, 6818143503, 276659446, 1892904326]"
ruQq1su0J7bVhBjmIi2kw,5NjpP8xmvr1-OYnw7E5Jn,195,194,0.0,[1892904326]
xkITynYnba-VdPTlpu5kL,5NjpP8xmvr1-OYnw7E5Jn,219,218,0.0,[6985153417]
2z926Q9o3YtgjyoxtMW1d,5NjpP8xmvr1-OYnw7E5Jn,425,194,0.0,[1892904326]
DKfQEdGZMwRbkHDkrwcPx,5NjpP8xmvr1-OYnw7E5Jn,54,194,172.0613700674482,"[6943200496, 276659249, 1885931733, 6818143503, 276659446, 1892904326]"
E14B9x9RNkVqAHJvJBYqa,5NjpP8xmvr1-OYnw7E5Jn,260,194,0.0,[1892904326]
NwvVKB38LtB63C0PtEo-i,5NjpP8xmvr1-OYnw7E5Jn,425,225,6805.614686096191,"[6952038537, 6952038534, 6952038526, 6953539418, 6952038523, 6952038519, 6952035739, 6952035732, 6491614424, 6491614425, 6953678243, 6953678227, 261726784, 6942560970, 1892876501, 260755102, 1128125313, 1128125375, 274591723, 1884999064, 1884999079, 1884999061, 1884999051, 260755101, 5434591444, 5434591442, 1814665424, 1814665419, 274589372, 1128126150, 1128125930, 1128126056, 1128126117, 316916763, 1885696441, 276659446, 1892904326, 1885696346, 276659536, 276659637, 7025440170, 8431951862, 6513299697, 8431951870, 1885907570, 4323956955, 3890628560, 4075818998, 274589385, 274589386, 417395073, 417395122, 274589389, 260754134, 3883555026, 6971317922, 6971317926, 10904528616]"
kdziSzfhBj4JiBeVoloxo,5NjpP8xmvr1-OYnw7E5Jn,344,194,70.91761918018832,"[1892904334, 4323956583, 1892904326]"
o8mSXE7IgJWToUsU4NnFr,5NjpP8xmvr1-OYnw7E5Jn,277,193,0.0,[1814665419]
oepuTc06iN5U0ZwjmqZIj,5NjpP8xmvr1-OYnw7E5Jn,424,198,180.97182328188137,"[6953678227, 261726784]"
rJNlVBeJYLnin9iUCfQ8_,5NjpP8xmvr1-OYnw7E5Jn,310,194,70.91761918018832,"[1892904334, 4323956583, 1892904326]"
xg6X_6yI3-x6agQaIKy0r,5NjpP8xmvr1-OYnw7E5Jn,309,193,117.06575927290262,"[262336905, 274589372, 1814665419]"
-Z1R0bmP-3IQrktLaw1-i,6Jzbm71jwnmQuuO9P7ngg,301,301,0.0,[7043828811]
2HEouGQcgjyXwlsq69h3S,6Jzbm71jwnmQuuO9P7ngg,300,298,249.80652235647767,"[9414993322, 7014712781, 7043828810, 9414993328, 7023732362, 7023732364, 7023732365]"
4xf9KaKYJRkSlWjtAzeER,6Jzbm71jwnmQuuO9P7ngg,305,304,0.0,[5392019578]
BDGXXpou9Eb38xEVTNUs2,6Jzbm71jwnmQuuO9P7ngg,120,34,0.0,[1175843806]
CTJ48OMS2Nn2CyW093CBk,6Jzbm71jwnmQuuO9P7ngg,15,34,0.0,[1175843806]
D7IwqxPBMcEQiGv3sjC3s,6Jzbm71jwnmQuuO9P7ngg,305,304,0.0,[5392019578]
KNOT7t80YXwsfYupjUiTk,6Jzbm71jwnmQuuO9P7ngg,426,428,127.83425607963296,"[11381058378, 11381058358, 10989259965, 5594506900, 5594506889]"
QKCnSGkAqgRmQ4fUeYRP-,6Jzbm71jwnmQuuO9P7ngg,305,304,0.0,[5392019578]
Rx10-oSKyoIJDvbVd1Py3,6Jzbm71jwnmQuuO9P7ngg,29,34,0.0,[1175843806]
XQFjzrlmVSDo00hpPwPD9,6Jzbm71jwnmQuuO9P7ngg,39,34,0.0,[1175843806]
XxUPXIlZHVjWT_a7YqhHy,6Jzbm71jwnmQuuO9P7ngg,426,428,127.83425607963296,"[11381058378, 11381058358, 10989259965, 5594506900, 5594506889]"
aeeOOe3-Dtz86MK-Ltc0F,6Jzbm71jwnmQuuO9P7ngg,305,304,0.0,[5392019578]
cQIW-LxFXCIuxPpIw4MR2,6Jzbm71jwnmQuuO9P7ngg,296,296,0.0,[5392019571]
d1tk5YD606wPnGF4CLm4i,6Jzbm71jwnmQuuO9P7ngg,427,428,140.34669742250887,"[4323948369, 11381058378, 11381058358, 10989259965, 5594506900, 5594506889]"
djf-0ENVceYNg5x6O7HGq,6Jzbm71jwnmQuuO9P7ngg,109,34,0.0,[1175843806]
eW27jXPyPLkZFOoF5g9lr,6Jzbm71jwnmQuuO9P7ngg,433,433,0.0,[6488733328]
lQGthxPF7d3FXnmoZFGLV,6Jzbm71jwnmQuuO9P7ngg,426,428,127.83425607963296,"[11381058378, 11381058358, 10989259965, 5594506900, 5594506889]"
zwjvZyv-K7qfVyipl6li5,6Jzbm71jwnmQuuO9P7ngg,2,34,0.0,[1175843806]
0fV-oHdZjqIXEVAq-5E7b,6Jzbm71jwnmQuuO9P7ngg,360,34,0.0,[1175843806]
1Ctgvye_a8bTjvozOsfEX,6Jzbm71jwnmQuuO9P7ngg,177,301,1993.1691896509014,"[317908405, 7041564226, 9368718200, 4168311512, 9368774130, 5392019578, 7113581386, 7113581387, 7113581389, 7113581393, 7023732365, 7023732364, 7023732362, 9414993328, 7043828810, 7043828811]"
2vubw4wDlR7h4SuBBiS6p,6Jzbm71jwnmQuuO9P7ngg,425,301,0.0,[7043828811]
50n7_gqFiIrgeNHtVzwF0,6Jzbm71jwnmQuuO9P7ngg,326,34,0.0,[1175843806]
8CWoTtootKoeWNjoE5oOP,6Jzbm71jwnmQuuO9P7ngg,326,34,0.0,[1175843806]
DaGuT_I6g5QpO40EcF4u7,6Jzbm71jwnmQuuO9P7ngg,419,301,81.24395009563578,"[9359493413, 7043828816, 7043828811]"
FaHumA7HIyjyuC7E4M1jZ,6Jzbm71jwnmQuuO9P7ngg,189,301,1993.1691896509014,"[317908405, 7041564226, 9368718200, 4168311512, 9368774130, 5392019578, 7113581386, 7113581387, 7113581389, 7113581393, 7023732365, 7023732364, 7023732362, 9414993328, 7043828810, 7043828811]"
I4AY9d0_JCb661dki5jy7,6Jzbm71jwnmQuuO9P7ngg,425,34,0.0,[1175843806]
RSdPdtwiGzlvedMSUpA36,6Jzbm71jwnmQuuO9P7ngg,322,296,1792.7267033132398,"[6485868051, 7011812107, 6485857211, 6486022036, 7014739939, 6485857224, 7011812106, 6485857238, 6485868050, 6977240809, 6977240799, 8482032648, 2578743473, 7043828811, 7043828810, 9414993328, 7023732362, 7023732364, 5392019571]"
T6BRc19d7TrtHQroCLymy,6Jzbm71jwnmQuuO9P7ngg,192,34,0.0,[1175843806]
TPxz_LmHA0qyDz7QFLo1e,6Jzbm71jwnmQuuO9P7ngg,280,304,0.0,[5392019578]
_RCpDqcLlmzJHSPPy8bli,6Jzbm71jwnmQuuO9P7ngg,192,34,0.0,[1175843806]
bAytab6a3g8pFmPeUQC1L,6Jzbm71jwnmQuuO9P7ngg,161,428,0.0,[5594506889]
dzTiXNOiyKbSpiehbFk-a,6Jzbm71jwnmQuuO9P7ngg,360,34,0.0,[1175843806]
gboAfb13A28YhAJkt-Pkx,6Jzbm71jwnmQuuO9P7ngg,400,34,0.0,[1175843806]
hx4EeoLjM7NJfnYrVfGvk,6Jzbm71jwnmQuuO9P7ngg,180,301,1993.1691896509014,"[317908405, 7041564226, 9368718200, 4168311512, 9368774130, 5392019578, 7113581386, 7113581387, 7113581389, 7113581393, 7023732365, 7023732364, 7023732362, 9414993328, 7043828810, 7043828811]"
llujnjcOUaGBRa_Jecss3,6Jzbm71jwnmQuuO9P7ngg,279,304,0.0,[5392019578]
nd53PomhCqmjY7ykLQy83,6Jzbm71jwnmQuuO9P7ngg,79,428,0.0,[5594506889]
ndixtJMAJzaQiITLSzYz_,6Jzbm71jwnmQuuO9P7ngg,267,304,0.0,[5392019578]
p2DY4x4NaqXRC1gG9cwiY,6Jzbm71jwnmQuuO9P7ngg,359,34,0.0,[1175843806]
rff5rfv-fQCJyBaPUiuhB,6Jzbm71jwnmQuuO9P7ngg,277,428,0.0,[5594506889]
tMb6GY09D_zaob3QQV8vM,6Jzbm71jwnmQuuO9P7ngg,179,301,1993.1691896509014,"[317908405, 7041564226, 9368718200, 4168311512, 9368774130, 5392019578, 7113581386, 7113581387, 7113581389, 7113581393, 7023732365, 7023732364, 7023732362, 9414993328, 7043828810, 7043828811]"
tv4mLSYvBC5Q4aSnL5h83,6Jzbm71jwnmQuuO9P7ngg,98,428,0.0,[5594506889]
vToQ2sD35oGmngQzvKN9j,6Jzbm71jwnmQuuO9P7ngg,83,304,0.0,[5392019578]
wh9cIxqRBTvvkxeMtkHAi,6Jzbm71jwnmQuuO9P7ngg,400,34,0.0,[1175843806]
z2W-2EVP76_5pF_4R0HbR,6Jzbm71jwnmQuuO9P7ngg,360,34,0.0,[1175843806]
O-PLpyiKLXCmTOTN2ykl2,7udRe7A9ekRD6rtEEN_uD,192,191,124.55150487656566,"[1814665419, 274589372, 262336905, 6818031829]"
T6BRc19d7TrtHQroCLymy,7udRe7A9ekRD6rtEEN_uD,192,191,124.55150487656566,"[1814665419, 274589372, 262336905, 6818031829]"
V_vEOLz-VvDvsJC4jk5JR,7udRe7A9ekRD6rtEEN_uD,190,191,7.485745603663031,"[262336905, 6818031829]"
_RCpDqcLlmzJHSPPy8bli,7udRe7A9ekRD6rtEEN_uD,192,191,124.55150487656566,"[1814665419, 274589372, 262336905, 6818031829]"
2z926Q9o3YtgjyoxtMW1d,7udRe7A9ekRD6rtEEN_uD,425,189,198.9339859709625,"[1892904326, 276659446, 6818143503, 1885931733, 276659249, 6446573515]"
5NjpP8xmvr1-OYnw7E5Jn,7udRe7A9ekRD6rtEEN_uD,258,189,198.9339859709625,"[1892904326, 276659446, 6818143503, 1885931733, 276659249, 6446573515]"
DKfQEdGZMwRbkHDkrwcPx,7udRe7A9ekRD6rtEEN_uD,54,189,82.33558268063379,"[6943200496, 2430597339, 6446573511, 6446573515]"
E14B9x9RNkVqAHJvJBYqa,7udRe7A9ekRD6rtEEN_uD,260,189,198.9339859709625,"[1892904326, 276659446, 6818143503, 1885931733, 276659249, 6446573515]"
NwvVKB38LtB63C0PtEo-i,7udRe7A9ekRD6rtEEN_uD,425,230,0.0,[6952038537]
kdziSzfhBj4JiBeVoloxo,7udRe7A9ekRD6rtEEN_uD,344,189,131.2859840121987,"[1892904334, 1885931733, 276659249, 6446573515]"
o8mSXE7IgJWToUsU4NnFr,7udRe7A9ekRD6rtEEN_uD,277,191,124.55150487656566,"[1814665419, 274589372, 262336905, 6818031829]"
oepuTc06iN5U0ZwjmqZIj,7udRe7A9ekRD6rtEEN_uD,424,224,0.0,[6953678227]
rJNlVBeJYLnin9iUCfQ8_,7udRe7A9ekRD6rtEEN_uD,310,189,131.2859840121987,"[1892904334, 1885931733, 276659249, 6446573515]"
xg6X_6yI3-x6agQaIKy0r,7udRe7A9ekRD6rtEEN_uD,309,191,7.485745603663031,"[262336905, 6818031829]"
xkITynYnba-VdPTlpu5kL,7udRe7A9ekRD6rtEEN_uD,219,191,124.55150487656566,"[1814665419, 274589372, 262336905, 6818031829]"
0WNbk9MGSKJVqVAWMBS1q,7vCDYOyx9Gj6RZuCS5Igi,182,182,0.0,[260754134]
7udRe7A9ekRD6rtEEN_uD,7vCDYOyx9Gj6RZuCS5Igi,189,195,198.9339859709625,"[6446573515, 276659249, 1885931733, 6818143503, 276659446, 1892904326]"
DKfQEdGZMwRbkHDkrwcPx,7vCDYOyx9Gj6RZuCS5Igi,54,55,8.794603919653644,"[6110752372, 1837555638]"
FaHumA7HIyjyuC7E4M1jZ,7vCDYOyx9Gj6RZuCS5Igi,189,195,198.9339859709625,"[6446573515, 276659249, 1885931733, 6818143503, 276659446, 1892904326]"
Jahu5bHSRsdCyh3p5H6cJ,7vCDYOyx9Gj6RZuCS5Igi,156,157,196.63468583261556,"[6968555662, 6968597393, 6838199945, 6976216291, 6906702761]"
O-PLpyiKLXCmTOTN2ykl2,7vCDYOyx9Gj6RZuCS5Igi,192,192,0.0,[1814665419]
T6BRc19d7TrtHQroCLymy,7vCDYOyx9Gj6RZuCS5Igi,192,192,0.0,[1814665419]
V_vEOLz-VvDvsJC4jk5JR,7vCDYOyx9Gj6RZuCS5Igi,190,192,117.06575927290262,"[262336905, 274589372, 1814665419]"
_RCpDqcLlmzJHSPPy8bli,7vCDYOyx9Gj6RZuCS5Igi,192,192,0.0,[1814665419]
bAytab6a3g8pFmPeUQC1L,7vCDYOyx9Gj6RZuCS5Igi,161,157,309.06104616481326,"[6838199891, 6838199908, 6838199905, 6906702761]"
dC4CWsX_TbK9g5r1kzt4S,7vCDYOyx9Gj6RZuCS5Igi,48,49,0.0,[4166035500]
edXbrlxHb468dADNBXJ2G,7vCDYOyx9Gj6RZuCS5Igi,216,219,308.5375535809871,"[6985079820, 339081311, 7048869158, 527831696, 8442698477, 6985153417]"
hMo27Nx4A3lFCdh0tNdmf,7vCDYOyx9Gj6RZuCS5Igi,159,157,109.20358881644384,"[6906702773, 6968597415, 6976216292, 6976216291, 6906702761]"
lbr0LeYaqC-PO2eSd5dsH,7vCDYOyx9Gj6RZuCS5Igi,189,195,198.9339859709625,"[6446573515, 276659249, 1885931733, 6818143503, 276659446, 1892904326]"
nd53PomhCqmjY7ykLQy83,7vCDYOyx9Gj6RZuCS5Igi,79,78,143.028829084899,"[3879996652, 5503106645, 5503106644, 6992201151]"
nl0Bhq5jfJUhmpghbnEaV,7vCDYOyx9Gj6RZuCS5Igi,48,49,0.0,[4166035500]
ruQq1su0J7bVhBjmIi2kw,7vCDYOyx9Gj6RZuCS5Igi,195,195,0.0,[1892904326]
xkITynYnba-VdPTlpu5kL,7vCDYOyx9Gj6RZuCS5Igi,219,219,0.0,[6985153417]
2z926Q9o3YtgjyoxtMW1d,7vCDYOyx9Gj6RZuCS5Igi,425,195,0.0,[1892904326]
5NjpP8xmvr1-OYnw7E5Jn,7vCDYOyx9Gj6RZuCS5Igi,258,195,0.0,[1892904326]
8ExRMTw-r4JAqxk8WGljD,7vCDYOyx9Gj6RZuCS5Igi,269,164,258.9675114226784,"[6820743471, 6818071295, 8442254840, 6818071294, 10970226966, 10970226974, 12294249715, 10970226972, 6950726138, 6838199963]"
E14B9x9RNkVqAHJvJBYqa,7vCDYOyx9Gj6RZuCS5Igi,260,195,0.0,[1892904326]
EWmI2x176BtYHecDIWm2H,7vCDYOyx9Gj6RZuCS5Igi,89,156,0.0,[6968555662]
E_oc6kDbFdlvVaZssBQex,7vCDYOyx9Gj6RZuCS5Igi,405,156,248.7970395093795,"[6906702773, 6968597415, 6976216292, 6976216291, 6838199945, 6968597393, 6968555662]"
NwvVKB38LtB63C0PtEo-i,7vCDYOyx9Gj6RZuCS5Igi,425,230,0.0,[6952038537]
SqToUMEw-z1wSe52v0JGh,7vCDYOyx9Gj6RZuCS5Igi,362,49,0.0,[4166035500]
jmLM1TsmnRPlkOtGUD0nu,7vCDYOyx9Gj6RZuCS5Igi,85,182,12.670053350258444,"[3883555026, 260754134]"
kdziSzfhBj4JiBeVoloxo,7vCDYOyx9Gj6RZuCS5Igi,344,195,70.91761918018832,"[1892904334, 4323956583, 1892904326]"
o8mSXE7IgJWToUsU4NnFr,7vCDYOyx9Gj6RZuCS5Igi,277,192,0.0,[1814665419]
oepuTc06iN5U0ZwjmqZIj,7vCDYOyx9Gj6RZuCS5Igi,424,199,180.97182328188137,"[6953678227, 261726784]"
rJNlVBeJYLnin9iUCfQ8_,7vCDYOyx9Gj6RZuCS5Igi,310,195,70.91761918018832,"[1892904334, 4323956583, 1892904326]"
wk7z0bHFULyZrQtvEvO1X,7vCDYOyx9Gj6RZuCS5Igi,360,156,227.3051699340636,"[6521042214, 6968555684, 6521042215, 6968597386, 6968597385, 6976216305, 6838118108, 6968555662]"
xg6X_6yI3-x6agQaIKy0r,7vCDYOyx9Gj6RZuCS5Igi,309,192,117.06575927290262,"[262336905, 274589372, 1814665419]"
BDGXXpou9Eb38xEVTNUs2,8CWoTtootKoeWNjoE5oOP,120,40,0.0,[1175843806]
CTJ48OMS2Nn2CyW093CBk,8CWoTtootKoeWNjoE5oOP,15,40,0.0,[1175843806]
KNOT7t80YXwsfYupjUiTk,8CWoTtootKoeWNjoE5oOP,426,428,127.83425607963296,"[11381058378, 11381058358, 10989259965, 5594506900, 5594506889]"
RSdPdtwiGzlvedMSUpA36,8CWoTtootKoeWNjoE5oOP,322,321,139.9497237497058,"[2712663257, 1605614943, 6953697314, 6953697312, 6948570678, 2712663245]"
Rx10-oSKyoIJDvbVd1Py3,8CWoTtootKoeWNjoE5oOP,29,40,0.0,[1175843806]
XQFjzrlmVSDo00hpPwPD9,8CWoTtootKoeWNjoE5oOP,39,40,0.0,[1175843806]
XxUPXIlZHVjWT_a7YqhHy,8CWoTtootKoeWNjoE5oOP,426,428,127.83425607963296,"[11381058378, 11381058358, 10989259965, 5594506900, 5594506889]"
d1tk5YD606wPnGF4CLm4i,8CWoTtootKoeWNjoE5oOP,427,428,140.34669742250887,"[4323948369, 11381058378, 11381058358, 10989259965, 5594506900, 5594506889]"
djf-0ENVceYNg5x6O7HGq,8CWoTtootKoeWNjoE5oOP,109,40,0.0,[1175843806]
eW27jXPyPLkZFOoF5g9lr,8CWoTtootKoeWNjoE5oOP,433,433,0.0,[6488733328]
lQGthxPF7d3FXnmoZFGLV,8CWoTtootKoeWNjoE5oOP,426,428,127.83425607963296,"[11381058378, 11381058358, 10989259965, 5594506900, 5594506889]"
zwjvZyv-K7qfVyipl6li5,8CWoTtootKoeWNjoE5oOP,2,40,0.0,[1175843806]
-H9LP4vuOqj-RIRCZNg_6,8CWoTtootKoeWNjoE5oOP,326,337,0.0,[602781261]
-Z1R0bmP-3IQrktLaw1-i,8CWoTtootKoeWNjoE5oOP,301,326,92.16306949973314,"[4166052725, 1886821074, 1886821204]"
0fV-oHdZjqIXEVAq-5E7b,8CWoTtootKoeWNjoE5oOP,360,40,0.0,[1175843806]
50n7_gqFiIrgeNHtVzwF0,8CWoTtootKoeWNjoE5oOP,326,40,0.0,[1175843806]
6Jzbm71jwnmQuuO9P7ngg,8CWoTtootKoeWNjoE5oOP,267,40,0.0,[1175843806]
I4AY9d0_JCb661dki5jy7,8CWoTtootKoeWNjoE5oOP,425,40,0.0,[1175843806]
O-PLpyiKLXCmTOTN2ykl2,8CWoTtootKoeWNjoE5oOP,192,321,88.90297949528872,"[2712663239, 5413673836, 2712663245]"
T6BRc19d7TrtHQroCLymy,8CWoTtootKoeWNjoE5oOP,192,40,0.0,[1175843806]
_RCpDqcLlmzJHSPPy8bli,8CWoTtootKoeWNjoE5oOP,192,40,0.0,[1175843806]
bAytab6a3g8pFmPeUQC1L,8CWoTtootKoeWNjoE5oOP,161,428,0.0,[5594506889]
cQIW-LxFXCIuxPpIw4MR2,8CWoTtootKoeWNjoE5oOP,296,40,0.0,[1175843806]
dzTiXNOiyKbSpiehbFk-a,8CWoTtootKoeWNjoE5oOP,360,40,0.0,[1175843806]
gboAfb13A28YhAJkt-Pkx,8CWoTtootKoeWNjoE5oOP,400,40,0.0,[1175843806]
nd53PomhCqmjY7ykLQy83,8CWoTtootKoeWNjoE5oOP,79,428,0.0,[5594506889]
p2DY4x4NaqXRC1gG9cwiY,8CWoTtootKoeWNjoE5oOP,359,40,0.0,[1175843806]
rff5rfv-fQCJyBaPUiuhB,8CWoTtootKoeWNjoE5oOP,277,428,0.0,[5594506889]
tv4mLSYvBC5Q4aSnL5h83,8CWoTtootKoeWNjoE5oOP,98,428,0.0,[5594506889]
wh9cIxqRBTvvkxeMtkHAi,8CWoTtootKoeWNjoE5oOP,400,40,0.0,[1175843806]
z2W-2EVP76_5pF_4R0HbR,8CWoTtootKoeWNjoE5oOP,360,40,0.0,[1175843806]
0WNbk9MGSKJVqVAWMBS1q,8ExRMTw-r4JAqxk8WGljD,182,183,12.670053350258444,"[260754134, 3883555026]"
6Jzbm71jwnmQuuO9P7ngg,8ExRMTw-r4JAqxk8WGljD,267,267,0.0,[6487838617]
7udRe7A9ekRD6rtEEN_uD,8ExRMTw-r4JAqxk8WGljD,189,194,198.9339859709625,"[6446573515, 276659249, 1885931733, 6818143503, 276659446, 1892904326]"
FaHumA7HIyjyuC7E4M1jZ,8ExRMTw-r4JAqxk8WGljD,189,194,198.9339859709625,"[6446573515, 276659249, 1885931733, 6818143503, 276659446, 1892904326]"
O-PLpyiKLXCmTOTN2ykl2,8ExRMTw-r4JAqxk8WGljD,192,193,0.0,[1814665419]
QcjXCusjL37XD0vtFPM_z,8ExRMTw-r4JAqxk8WGljD,269,267,90.54609686696702,"[7028411712, 6487838617]"
T6BRc19d7TrtHQroCLymy,8ExRMTw-r4JAqxk8WGljD,192,193,0.0,[1814665419]
TPxz_LmHA0qyDz7QFLo1e,8ExRMTw-r4JAqxk8WGljD,280,280,0.0,[6488486115]
V_vEOLz-VvDvsJC4jk5JR,8ExRMTw-r4JAqxk8WGljD,190,193,117.06575927290262,"[262336905, 274589372, 1814665419]"
_RCpDqcLlmzJHSPPy8bli,8ExRMTw-r4JAqxk8WGljD,192,193,0.0,[1814665419]
edXbrlxHb468dADNBXJ2G,8ExRMTw-r4JAqxk8WGljD,216,217,67.0500091769555,"[6985079820, 339081311]"
lbr0LeYaqC-PO2eSd5dsH,8ExRMTw-r4JAqxk8WGljD,189,194,198.9339859709625,"[6446573515, 276659249, 1885931733, 6818143503, 276659446, 1892904326]"
llujnjcOUaGBRa_Jecss3,8ExRMTw-r4JAqxk8WGljD,279,280,1738.337021746674,"[9204541535, 7016571657, 7111551009, 8442698359, 7044630378, 7044630377, 8442698387, 4002066933, 7044630380, 339079529, 4168310134, 7029035469, 1128476537, 1128477650, 1128478568, 4168313563, 7041539368, 7927561316, 6511710409, 1128092208, 1128091960, 1128092175, 6488486115]"
ndixtJMAJzaQiITLSzYz_,8ExRMTw-r4JAqxk8WGljD,267,267,0.0,[6487838617]
o7ehON1F_k7JHoHJOQYGh,8ExRMTw-r4JAqxk8WGljD,267,267,0.0,[6487838617]
q-9QC-QKVmhqbVh9htKhg,8ExRMTw-r4JAqxk8WGljD,447,267,152.82610556750262,"[12843506658, 7028411711, 7028411712, 6487838617]"
ruQq1su0J7bVhBjmIi2kw,8ExRMTw-r4JAqxk8WGljD,195,194,0.0,[1892904326]
xkITynYnba-VdPTlpu5kL,8ExRMTw-r4JAqxk8WGljD,219,217,241.48754440403158,"[6985153417, 8442698477, 527831696, 7048869158, 339081311]"
2z926Q9o3YtgjyoxtMW1d,8ExRMTw-r4JAqxk8WGljD,425,194,0.0,[1892904326]
5NjpP8xmvr1-OYnw7E5Jn,8ExRMTw-r4JAqxk8WGljD,258,194,0.0,[1892904326]
DKfQEdGZMwRbkHDkrwcPx,8ExRMTw-r4JAqxk8WGljD,54,194,172.0613700674482,"[6943200496, 276659249, 1885931733, 6818143503, 276659446, 1892904326]"
E14B9x9RNkVqAHJvJBYqa,8ExRMTw-r4JAqxk8WGljD,260,194,0.0,[1892904326]
NwvVKB38LtB63C0PtEo-i,8ExRMTw-r4JAqxk8WGljD,425,225,6805.614686096191,"[6952038537, 6952038534, 6952038526, 6953539418, 6952038523, 6952038519, 6952035739, 6952035732, 6491614424, 6491614425, 6953678243, 6953678227, 261726784, 6942560970, 1892876501, 260755102, 1128125313, 1128125375, 274591723, 1884999064, 1884999079, 1884999061, 1884999051, 260755101, 5434591444, 5434591442, 1814665424, 1814665419, 274589372, 1128126150, 1128125930, 1128126056, 1128126117, 316916763, 1885696441, 276659446, 1892904326, 1885696346, 276659536, 276659637, 7025440170, 8431951862, 6513299697, 8431951870, 1885907570, 4323956955, 3890628560, 4075818998, 274589385, 274589386, 417395073, 417395122, 274589389, 260754134, 3883555026, 6971317922, 6971317926, 10904528616]"
jmLM1TsmnRPlkOtGUD0nu,8ExRMTw-r4JAqxk8WGljD,85,183,0.0,[3883555026]
kdziSzfhBj4JiBeVoloxo,8ExRMTw-r4JAqxk8WGljD,344,194,70.91761918018832,"[1892904334, 4323956583, 1892904326]"
o8mSXE7IgJWToUsU4NnFr,8ExRMTw-r4JAqxk8WGljD,277,193,0.0,[1814665419]
oepuTc06iN5U0ZwjmqZIj,8ExRMTw-r4JAqxk8WGljD,424,198,180.97182328188137,"[6953678227, 261726784]"
rJNlVBeJYLnin9iUCfQ8_,8ExRMTw-r4JAqxk8WGljD,310,194,70.91761918018832,"[1892904334, 4323956583, 1892904326]"
xg6X_6yI3-x6agQaIKy0r,8ExRMTw-r4JAqxk8WGljD,309,193,117.06575927290262,"[262336905, 274589372, 1814665419]"
-H9LP4vuOqj-RIRCZNg_6,8NzGmmMDzhEhQEXbQjJTl,326,325,1164.818095158943,"[1886821204, 11462532250, 1886821135, 6952133530, 6950754289, 6950754293, 6950754336, 6950754299, 11527409521, 4326474661, 5439510412, 11462717726, 4326474663]"
50n7_gqFiIrgeNHtVzwF0,8NzGmmMDzhEhQEXbQjJTl,326,325,1164.818095158943,"[1886821204, 11462532250, 1886821135, 6952133530, 6950754289, 6950754293, 6950754336, 6950754299, 11527409521, 4326474661, 5439510412, 11462717726, 4326474663]"
8CWoTtootKoeWNjoE5oOP,8NzGmmMDzhEhQEXbQjJTl,326,325,1164.818095158943,"[1886821204, 11462532250, 1886821135, 6952133530, 6950754289, 6950754293, 6950754336, 6950754299, 11527409521, 4326474661, 5439510412, 11462717726, 4326474663]"
BKzwbCqAolUfyoXfpTwIC,8NzGmmMDzhEhQEXbQjJTl,325,325,0.0,[4326474663]
-Z1R0bmP-3IQrktLaw1-i,8NzGmmMDzhEhQEXbQjJTl,301,325,1256.9811646586763,"[4166052725, 1886821074, 1886821204, 11462532250, 1886821135, 6952133530, 6950754289, 6950754293, 6950754336, 6950754299, 11527409521, 4326474661, 5439510412, 11462717726, 4326474663]"
2HEouGQcgjyXwlsq69h3S,8NzGmmMDzhEhQEXbQjJTl,300,362,174.16282116767522,"[1886295998, 1888346013, 1888346018, 1888346077, 260758678]"
2sefONCZ5v5w4bCF1ybYX,8NzGmmMDzhEhQEXbQjJTl,85,362,174.16282116767522,"[1886295998, 1888346013, 1888346018, 1888346077, 260758678]"
4xf9KaKYJRkSlWjtAzeER,8NzGmmMDzhEhQEXbQjJTl,305,440,642.8247399361304,"[4770569723, 4770569614, 4168311528, 1128476875, 1128479398, 1128480843, 526672141, 7927675150, 7927675146, 6052346681, 5630966219, 4857764915]"
D7IwqxPBMcEQiGv3sjC3s,8NzGmmMDzhEhQEXbQjJTl,305,440,642.8247399361304,"[4770569723, 4770569614, 4168311528, 1128476875, 1128479398, 1128480843, 526672141, 7927675150, 7927675146, 6052346681, 5630966219, 4857764915]"
EYuJpRuohnv2M2djd0oRb,8NzGmmMDzhEhQEXbQjJTl,397,362,174.16282116767522,"[1886295998, 1888346013, 1888346018, 1888346077, 260758678]"
EqpMMSAPpyyeIs0OPJu7A,8NzGmmMDzhEhQEXbQjJTl,98,362,174.16282116767522,"[1886295998, 1888346013, 1888346018, 1888346077, 260758678]"
EvMcmidrqDryWEcBEqdU2,8NzGmmMDzhEhQEXbQjJTl,425,362,174.16282116767522,"[1886295998, 1888346013, 1888346018, 1888346077, 260758678]"
I46ZQc9g0OMvTpnnq0RXs,8NzGmmMDzhEhQEXbQjJTl,14,256,0.0,[3966966195]
QcjXCusjL37XD0vtFPM_z,8NzGmmMDzhEhQEXbQjJTl,269,362,174.16282116767522,"[1886295998, 1888346013, 1888346018, 1888346077, 260758678]"
V-tNyPwMd_7j2AAdXrBPe,8NzGmmMDzhEhQEXbQjJTl,278,362,174.16282116767522,"[1886295998, 1888346013, 1888346018, 1888346077, 260758678]"
VqsKdXjc_nTkIE8PZUK7V,8NzGmmMDzhEhQEXbQjJTl,93,362,174.16282116767522,"[1886295998, 1888346013, 1888346018, 1888346077, 260758678]"
d1tk5YD606wPnGF4CLm4i,8NzGmmMDzhEhQEXbQjJTl,427,325,983.159254778074,"[6952133530, 6950754289, 6950754293, 6950754336, 6950754299, 11527409521, 4326474661, 5439510412, 11462717726, 4326474663]"
djf-0ENVceYNg5x6O7HGq,8NzGmmMDzhEhQEXbQjJTl,109,362,174.16282116767522,"[1886295998, 1888346013, 1888346018, 1888346077, 260758678]"
eW27jXPyPLkZFOoF5g9lr,8NzGmmMDzhEhQEXbQjJTl,433,362,174.16282116767522,"[1886295998, 1888346013, 1888346018, 1888346077, 260758678]"
q-9QC-QKVmhqbVh9htKhg,8NzGmmMDzhEhQEXbQjJTl,447,440,642.8247399361304,"[4770569723, 4770569614, 4168311528, 1128476875, 1128479398, 1128480843, 526672141, 7927675150, 7927675146, 6052346681, 5630966219, 4857764915]"
w5lnA7aOkl9RbW6RzoEdG,8NzGmmMDzhEhQEXbQjJTl,416,362,174.16282116767522,"[1886295998, 1888346013, 1888346018, 1888346077, 260758678]"
BKzwbCqAolUfyoXfpTwIC,9Ge1SSHI5IgHaGIK61A7q,325,290,0.0,[317908436]
T7uwVnYTnWKajNK7K5gyj,9Ge1SSHI5IgHaGIK61A7q,179,290,0.0,[317908436]
o7ehON1F_k7JHoHJOQYGh,9Ge1SSHI5IgHaGIK61A7q,267,290,0.0,[317908436]
0fV-oHdZjqIXEVAq-5E7b,BDGXXpou9Eb38xEVTNUs2,360,7,0.0,[1175843806]
50n7_gqFiIrgeNHtVzwF0,BDGXXpou9Eb38xEVTNUs2,326,7,0.0,[1175843806]
6Jzbm71jwnmQuuO9P7ngg,BDGXXpou9Eb38xEVTNUs2,267,7,0.0,[1175843806]
8CWoTtootKoeWNjoE5oOP,BDGXXpou9Eb38xEVTNUs2,326,7,0.0,[1175843806]
I4AY9d0_JCb661dki5jy7,BDGXXpou9Eb38xEVTNUs2,425,7,0.0,[1175843806]
KNOT7t80YXwsfYupjUiTk,BDGXXpou9Eb38xEVTNUs2,426,7,0.0,[1175843806]
T6BRc19d7TrtHQroCLymy,BDGXXpou9Eb38xEVTNUs2,192,7,0.0,[1175843806]
XQFjzrlmVSDo00hpPwPD9,BDGXXpou9Eb38xEVTNUs2,39,7,0.0,[1175843806]
XxUPXIlZHVjWT_a7YqhHy,BDGXXpou9Eb38xEVTNUs2,426,7,0.0,[1175843806]
_RCpDqcLlmzJHSPPy8bli,BDGXXpou9Eb38xEVTNUs2,192,7,0.0,[1175843806]
cQIW-LxFXCIuxPpIw4MR2,BDGXXpou9Eb38xEVTNUs2,296,7,0.0,[1175843806]
dzTiXNOiyKbSpiehbFk-a,BDGXXpou9Eb38xEVTNUs2,360,7,0.0,[1175843806]
gboAfb13A28YhAJkt-Pkx,BDGXXpou9Eb38xEVTNUs2,400,7,0.0,[1175843806]
lQGthxPF7d3FXnmoZFGLV,BDGXXpou9Eb38xEVTNUs2,426,7,0.0,[1175843806]
p2DY4x4NaqXRC1gG9cwiY,BDGXXpou9Eb38xEVTNUs2,359,7,0.0,[1175843806]
wh9cIxqRBTvvkxeMtkHAi,BDGXXpou9Eb38xEVTNUs2,400,7,0.0,[1175843806]
z2W-2EVP76_5pF_4R0HbR,BDGXXpou9Eb38xEVTNUs2,360,7,0.0,[1175843806]
-Z1R0bmP-3IQrktLaw1-i,BKzwbCqAolUfyoXfpTwIC,301,325,1256.9811646586763,"[4166052725, 1886821074, 1886821204, 11462532250, 1886821135, 6952133530, 6950754289, 6950754293, 6950754336, 6950754299, 11527409521, 4326474661, 5439510412, 11462717726, 4326474663]"
9Ge1SSHI5IgHaGIK61A7q,BKzwbCqAolUfyoXfpTwIC,294,290,0.0,[317908436]
T7uwVnYTnWKajNK7K5gyj,BKzwbCqAolUfyoXfpTwIC,179,290,0.0,[317908436]
d1tk5YD606wPnGF4CLm4i,BKzwbCqAolUfyoXfpTwIC,427,325,983.159254778074,"[6952133530, 6950754289, 6950754293, 6950754336, 6950754299, 11527409521, 4326474661, 5439510412, 11462717726, 4326474663]"
o7ehON1F_k7JHoHJOQYGh,BKzwbCqAolUfyoXfpTwIC,267,290,0.0,[317908436]
-Z1R0bmP-3IQrktLaw1-i,CTJ48OMS2Nn2CyW093CBk,301,302,0.0,[7043828811]
2HEouGQcgjyXwlsq69h3S,CTJ48OMS2Nn2CyW093CBk,300,299,1435.3456329605206,"[9414993322, 7014712781, 7043828816, 7043828811, 2578743473, 8482032648, 6977240799, 6977240809, 6485868050, 6485857238, 7011812106, 6485857224, 7014739939, 6486022036, 6485857211, 7011812107, 6485868051]"
cQIW-LxFXCIuxPpIw4MR2,CTJ48OMS2Nn2CyW093CBk,296,297,0.0,[5392019571]
0fV-oHdZjqIXEVAq-5E7b,CTJ48OMS2Nn2CyW093CBk,360,6,0.0,[1175843806]
1Ctgvye_a8bTjvozOsfEX,CTJ48OMS2Nn2CyW093CBk,177,302,1993.1691896509014,"[317908405, 7041564226, 9368718200, 4168311512, 9368774130, 5392019578, 7113581386, 7113581387, 7113581389, 7113581393, 7023732365, 7023732364, 7023732362, 9414993328, 7043828810, 7043828811]"
2vubw4wDlR7h4SuBBiS6p,CTJ48OMS2Nn2CyW093CBk,425,302,0.0,[7043828811]
50n7_gqFiIrgeNHtVzwF0,CTJ48OMS2Nn2CyW093CBk,326,6,0.0,[1175843806]
6Jzbm71jwnmQuuO9P7ngg,CTJ48OMS2Nn2CyW093CBk,267,6,0.0,[1175843806]
8CWoTtootKoeWNjoE5oOP,CTJ48OMS2Nn2CyW093CBk,326,6,0.0,[1175843806]
BDGXXpou9Eb38xEVTNUs2,CTJ48OMS2Nn2CyW093CBk,120,6,0.0,[1175843806]
DaGuT_I6g5QpO40EcF4u7,CTJ48OMS2Nn2CyW093CBk,419,302,81.24395009563578,"[9359493413, 7043828816, 7043828811]"
FaHumA7HIyjyuC7E4M1jZ,CTJ48OMS2Nn2CyW093CBk,189,302,1993.1691896509014,"[317908405, 7041564226, 9368718200, 4168311512, 9368774130, 5392019578, 7113581386, 7113581387, 7113581389, 7113581393, 7023732365, 7023732364, 7023732362, 9414993328, 7043828810, 7043828811]"
I4AY9d0_JCb661dki5jy7,CTJ48OMS2Nn2CyW093CBk,425,6,0.0,[1175843806]
KNOT7t80YXwsfYupjUiTk,CTJ48OMS2Nn2CyW093CBk,426,6,0.0,[1175843806]
RSdPdtwiGzlvedMSUpA36,CTJ48OMS2Nn2CyW093CBk,322,297,1792.7267033132398,"[6485868051, 7011812107, 6485857211, 6486022036, 7014739939, 6485857224, 7011812106, 6485857238, 6485868050, 6977240809, 6977240799, 8482032648, 2578743473, 7043828811, 7043828810, 9414993328, 7023732362, 7023732364, 5392019571]"
T6BRc19d7TrtHQroCLymy,CTJ48OMS2Nn2CyW093CBk,192,6,0.0,[1175843806]
XQFjzrlmVSDo00hpPwPD9,CTJ48OMS2Nn2CyW093CBk,39,6,0.0,[1175843806]
XxUPXIlZHVjWT_a7YqhHy,CTJ48OMS2Nn2CyW093CBk,426,6,0.0,[1175843806]
_RCpDqcLlmzJHSPPy8bli,CTJ48OMS2Nn2CyW093CBk,192,6,0.0,[1175843806]
dzTiXNOiyKbSpiehbFk-a,CTJ48OMS2Nn2CyW093CBk,360,6,0.0,[1175843806]
gboAfb13A28YhAJkt-Pkx,CTJ48OMS2Nn2CyW093CBk,400,6,0.0,[1175843806]
hx4EeoLjM7NJfnYrVfGvk,CTJ48OMS2Nn2CyW093CBk,180,302,1993.1691896509014,"[317908405, 7041564226, 9368718200, 4168311512, 9368774130, 5392019578, 7113581386, 7113581387, 7113581389, 7113581393, 7023732365, 7023732364, 7023732362, 9414993328, 7043828810, 7043828811]"
lQGthxPF7d3FXnmoZFGLV,CTJ48OMS2Nn2CyW093CBk,426,6,0.0,[1175843806]
p2DY4x4NaqXRC1gG9cwiY,CTJ48OMS2Nn2CyW093CBk,359,6,0.0,[1175843806]
tMb6GY09D_zaob3QQV8vM,CTJ48OMS2Nn2CyW093CBk,179,302,1993.1691896509014,"[317908405, 7041564226, 9368718200, 4168311512, 9368774130, 5392019578, 7113581386, 7113581387, 7113581389, 7113581393, 7023732365, 7023732364, 7023732362, 9414993328, 7043828810, 7043828811]"
wh9cIxqRBTvvkxeMtkHAi,CTJ48OMS2Nn2CyW093CBk,400,6,0.0,[1175843806]
z2W-2EVP76_5pF_4R0HbR,CTJ48OMS2Nn2CyW093CBk,360,6,0.0,[1175843806]
-Z1R0bmP-3IQrktLaw1-i,ClWtD9M5huTs0JiR087X6,301,445,1993.1691896509012,"[7043828811, 7043828810, 9414993328, 7023732362, 7023732364, 7023732365, 7113581393, 7113581389, 7113581387, 7113581386, 5392019578, 9368774130, 4168311512, 9368718200, 7041564226, 317908405]"
2HEouGQcgjyXwlsq69h3S,ClWtD9M5huTs0JiR087X6,300,445,1854.8090433424386,"[9414993322, 7014712781, 7043828810, 9414993328, 7023732362, 7023732364, 7023732365, 7113581393, 7113581389, 7113581387, 7113581386, 5392019578, 9368774130, 4168311512, 9368718200, 7041564226, 317908405]"
TPxz_LmHA0qyDz7QFLo1e,ClWtD9M5huTs0JiR087X6,280,280,0.0,[6488486115]
llujnjcOUaGBRa_Jecss3,ClWtD9M5huTs0JiR087X6,279,280,1738.337021746674,"[9204541535, 7016571657, 7111551009, 8442698359, 7044630378, 7044630377, 8442698387, 4002066933, 7044630380, 339079529, 4168310134, 7029035469, 1128476537, 1128477650, 1128478568, 4168313563, 7041539368, 7927561316, 6511710409, 1128092208, 1128091960, 1128092175, 6488486115]"
1Ctgvye_a8bTjvozOsfEX,ClWtD9M5huTs0JiR087X6,177,445,0.0,[317908405]
2vubw4wDlR7h4SuBBiS6p,ClWtD9M5huTs0JiR087X6,425,445,1993.1691896509012,"[7043828811, 7043828810, 9414993328, 7023732362, 7023732364, 7023732365, 7113581393, 7113581389, 7113581387, 7113581386, 5392019578, 9368774130, 4168311512, 9368718200, 7041564226, 317908405]"
CTJ48OMS2Nn2CyW093CBk,ClWtD9M5huTs0JiR087X6,15,445,1993.1691896509012,"[7043828811, 7043828810, 9414993328, 7023732362, 7023732364, 7023732365, 7113581393, 7113581389, 7113581387, 7113581386, 5392019578, 9368774130, 4168311512, 9368718200, 7041564226, 317908405]"
DaGuT_I6g5QpO40EcF4u7,ClWtD9M5huTs0JiR087X6,419,445,2013.0140755243524,"[9359493413, 9359493410, 9359493415, 9414993319, 9414993322, 7014712781, 7043828810, 9414993328, 7023732362, 7023732364, 7023732365, 7113581393, 7113581389, 7113581387, 7113581386, 5392019578, 9368774130, 4168311512, 9368718200, 7041564226, 317908405]"
FaHumA7HIyjyuC7E4M1jZ,ClWtD9M5huTs0JiR087X6,189,445,0.0,[317908405]
hx4EeoLjM7NJfnYrVfGvk,ClWtD9M5huTs0JiR087X6,180,445,0.0,[317908405]
tMb6GY09D_zaob3QQV8vM,ClWtD9M5huTs0JiR087X6,179,445,0.0,[317908405]
6Jzbm71jwnmQuuO9P7ngg,D7IwqxPBMcEQiGv3sjC3s,267,447,152.82610556750262,"[6487838617, 7028411712, 7028411711, 12843506658]"
8ExRMTw-r4JAqxk8WGljD,D7IwqxPBMcEQiGv3sjC3s,269,447,62.28000870053562,"[7028411712, 7028411711, 12843506658]"
QcjXCusjL37XD0vtFPM_z,D7IwqxPBMcEQiGv3sjC3s,269,447,62.28000870053562,"[7028411712, 7028411711, 12843506658]"
TPxz_LmHA0qyDz7QFLo1e,D7IwqxPBMcEQiGv3sjC3s,280,280,0.0,[6488486115]
llujnjcOUaGBRa_Jecss3,D7IwqxPBMcEQiGv3sjC3s,279,280,1738.337021746674,"[9204541535, 7016571657, 7111551009, 8442698359, 7044630378, 7044630377, 8442698387, 4002066933, 7044630380, 339079529, 4168310134, 7029035469, 1128476537, 1128477650, 1128478568, 4168313563, 7041539368, 7927561316, 6511710409, 1128092208, 1128091960, 1128092175, 6488486115]"
ndixtJMAJzaQiITLSzYz_,D7IwqxPBMcEQiGv3sjC3s,267,447,152.82610556750262,"[6487838617, 7028411712, 7028411711, 12843506658]"
o7ehON1F_k7JHoHJOQYGh,D7IwqxPBMcEQiGv3sjC3s,267,447,152.82610556750262,"[6487838617, 7028411712, 7028411711, 12843506658]"
q-9QC-QKVmhqbVh9htKhg,D7IwqxPBMcEQiGv3sjC3s,447,447,0.0,[12843506658]
4xf9KaKYJRkSlWjtAzeER,D7IwqxPBMcEQiGv3sjC3s,305,262,0.0,[4770569723]
vToQ2sD35oGmngQzvKN9j,D7IwqxPBMcEQiGv3sjC3s,83,305,0.0,[5392019578]
7udRe7A9ekRD6rtEEN_uD,DKfQEdGZMwRbkHDkrwcPx,189,202,82.33558268063379,"[6446573515, 6446573511, 2430597339, 6943200496]"
FaHumA7HIyjyuC7E4M1jZ,DKfQEdGZMwRbkHDkrwcPx,189,202,82.33558268063379,"[6446573515, 6446573511, 2430597339, 6943200496]"
O-PLpyiKLXCmTOTN2ykl2,DKfQEdGZMwRbkHDkrwcPx,192,190,117.06575927290262,"[1814665419, 274589372, 262336905]"
T6BRc19d7TrtHQroCLymy,DKfQEdGZMwRbkHDkrwcPx,192,190,117.06575927290262,"[1814665419, 274589372, 262336905]"
V_vEOLz-VvDvsJC4jk5JR,DKfQEdGZMwRbkHDkrwcPx,190,190,0.0,[262336905]
_RCpDqcLlmzJHSPPy8bli,DKfQEdGZMwRbkHDkrwcPx,192,190,117.06575927290262,"[1814665419, 274589372, 262336905]"
edXbrlxHb468dADNBXJ2G,DKfQEdGZMwRbkHDkrwcPx,216,218,308.5375535809871,"[6985079820, 339081311, 7048869158, 527831696, 8442698477, 6985153417]"
lbr0LeYaqC-PO2eSd5dsH,DKfQEdGZMwRbkHDkrwcPx,189,202,82.33558268063379,"[6446573515, 6446573511, 2430597339, 6943200496]"
nd53PomhCqmjY7ykLQy83,DKfQEdGZMwRbkHDkrwcPx,79,77,143.028829084899,"[3879996652, 5503106645, 5503106644, 6992201151]"
ruQq1su0J7bVhBjmIi2kw,DKfQEdGZMwRbkHDkrwcPx,195,202,172.06137006744822,"[1892904326, 276659446, 6818143503, 1885931733, 276659249, 6943200496]"
xkITynYnba-VdPTlpu5kL,DKfQEdGZMwRbkHDkrwcPx,219,218,0.0,[6985153417]
0WNbk9MGSKJVqVAWMBS1q,DKfQEdGZMwRbkHDkrwcPx,182,77,143.028829084899,"[3879996652, 5503106645, 5503106644, 6992201151]"
2z926Q9o3YtgjyoxtMW1d,DKfQEdGZMwRbkHDkrwcPx,425,202,172.06137006744822,"[1892904326, 276659446, 6818143503, 1885931733, 276659249, 6943200496]"
5NjpP8xmvr1-OYnw7E5Jn,DKfQEdGZMwRbkHDkrwcPx,258,202,172.06137006744822,"[1892904326, 276659446, 6818143503, 1885931733, 276659249, 6943200496]"
E14B9x9RNkVqAHJvJBYqa,DKfQEdGZMwRbkHDkrwcPx,260,202,172.06137006744822,"[1892904326, 276659446, 6818143503, 1885931733, 276659249, 6943200496]"
Jahu5bHSRsdCyh3p5H6cJ,DKfQEdGZMwRbkHDkrwcPx,156,77,0.0,[6992201151]
NwvVKB38LtB63C0PtEo-i,DKfQEdGZMwRbkHDkrwcPx,425,225,6805.614686096191,"[6952038537, 6952038534, 6952038526, 6953539418, 6952038523, 6952038519, 6952035739, 6952035732, 6491614424, 6491614425, 6953678243, 6953678227, 261726784, 6942560970, 1892876501, 260755102, 1128125313, 1128125375, 274591723, 1884999064, 1884999079, 1884999061, 1884999051, 260755101, 5434591444, 5434591442, 1814665424, 1814665419, 274589372, 1128126150, 1128125930, 1128126056, 1128126117, 316916763, 1885696441, 276659446, 1892904326, 1885696346, 276659536, 276659637, 7025440170, 8431951862, 6513299697, 8431951870, 1885907570, 4323956955, 3890628560, 4075818998, 274589385, 274589386, 417395073, 417395122, 274589389, 260754134, 3883555026, 6971317922, 6971317926, 10904528616]"
dC4CWsX_TbK9g5r1kzt4S,DKfQEdGZMwRbkHDkrwcPx,48,79,528.1542977656857,"[6947834641, 6947834652, 6950701610, 6950701510, 6950701618, 6950701584, 6950701583, 6123228790, 6950701628, 4168310070, 6485810773, 5672090625, 5503106644, 5503106645, 3879996652]"
kdziSzfhBj4JiBeVoloxo,DKfQEdGZMwRbkHDkrwcPx,344,202,104.41336810868441,"[1892904334, 1885931733, 276659249, 6943200496]"
o8mSXE7IgJWToUsU4NnFr,DKfQEdGZMwRbkHDkrwcPx,277,190,117.06575927290262,"[1814665419, 274589372, 262336905]"
oepuTc06iN5U0ZwjmqZIj,DKfQEdGZMwRbkHDkrwcPx,424,198,180.97182328188137,"[6953678227, 261726784]"
rJNlVBeJYLnin9iUCfQ8_,DKfQEdGZMwRbkHDkrwcPx,310,202,104.41336810868441,"[1892904334, 1885931733, 276659249, 6943200496]"
xg6X_6yI3-x6agQaIKy0r,DKfQEdGZMwRbkHDkrwcPx,309,190,0.0,[262336905]
-Z1R0bmP-3IQrktLaw1-i,DaGuT_I6g5QpO40EcF4u7,301,306,81.24395009563578,"[7043828811, 7043828816, 9359493413]"
2HEouGQcgjyXwlsq69h3S,DaGuT_I6g5QpO40EcF4u7,300,306,158.20503218191382,"[9414993322, 9414993319, 9359493415, 9359493410, 9359493413]"
lgA0Qn219kk386RQHCTQ7,DaGuT_I6g5QpO40EcF4u7,309,308,39.74225946196395,"[1128479568, 1128480646, 1128480896]"
rJNlVBeJYLnin9iUCfQ8_,DaGuT_I6g5QpO40EcF4u7,310,311,7073.199279577371,"[5275557217, 5275557215, 7024929183, 4168313501, 5275562259, 2931849331, 6987269618, 6987269469, 6987269617, 6987269612, 6509162803, 6509215362, 4168310167, 2931849332, 6987907732, 2931849112, 1888684893, 6987907726, 6987907721, 6988399134, 6478052813, 6987556268, 6988399137, 6477687433, 6478017427, 6478017439, 6478017430, 6478017443, 6478017444, 6478017447, 6477911584, 6477757553, 6477757550, 6478052812, 4166053311, 6988399160, 6477911885, 4166053094, 4166053457, 2931847945, 2931849315, 6990986538, 6480520226, 6990986539, 4166047116, 6990986540, 4166054367, 4166054933, 6990986541, 4166054887, 4166048665, 5559108711, 1888684962, 6977163493, 6977163293, 7116265902, 6977163252, 6480742763, 6977163255, 6977163226, 6977163229, 6977163231, 6977163254, 6977163233, 6977163253, 6977137680, 6977163196, 6977163203, 6977163538, 4166053418, 6977163034, 2931847942, 1893395986, 8011331307, 8011331436, 8429004270, 8429004273, 8011331421, 8011331435, 7928645037, 7928645036, 7928660351, 8011331170]"
xg6X_6yI3-x6agQaIKy0r,DaGuT_I6g5QpO40EcF4u7,309,308,39.74225946196395,"[1128479568, 1128480646, 1128480896]"
1Ctgvye_a8bTjvozOsfEX,DaGuT_I6g5QpO40EcF4u7,177,306,2013.0140755243526,"[317908405, 7041564226, 9368718200, 4168311512, 9368774130, 5392019578, 7113581386, 7113581387, 7113581389, 7113581393, 7023732365, 7023732364, 7023732362, 9414993328, 7043828810, 7014712781, 9414993322, 9414993319, 9359493415, 9359493410, 9359493413]"
2vubw4wDlR7h4SuBBiS6p,DaGuT_I6g5QpO40EcF4u7,425,306,81.24395009563578,"[7043828811, 7043828816, 9359493413]"
CTJ48OMS2Nn2CyW093CBk,DaGuT_I6g5QpO40EcF4u7,15,306,81.24395009563578,"[7043828811, 7043828816, 9359493413]"
FaHumA7HIyjyuC7E4M1jZ,DaGuT_I6g5QpO40EcF4u7,189,306,2013.0140755243526,"[317908405, 7041564226, 9368718200, 4168311512, 9368774130, 5392019578, 7113581386, 7113581387, 7113581389, 7113581393, 7023732365, 7023732364, 7023732362, 9414993328, 7043828810, 7014712781, 9414993322, 9414993319, 9359493415, 9359493410, 9359493413]"
hx4EeoLjM7NJfnYrVfGvk,DaGuT_I6g5QpO40EcF4u7,180,306,2013.0140755243526,"[317908405, 7041564226, 9368718200, 4168311512, 9368774130, 5392019578, 7113581386, 7113581387, 7113581389, 7113581393, 7023732365, 7023732364, 7023732362, 9414993328, 7043828810, 7014712781, 9414993322, 9414993319, 9359493415, 9359493410, 9359493413]"
tMb6GY09D_zaob3QQV8vM,DaGuT_I6g5QpO40EcF4u7,179,306,2013.0140755243526,"[317908405, 7041564226, 9368718200, 4168311512, 9368774130, 5392019578, 7113581386, 7113581387, 7113581389, 7113581393, 7023732365, 7023732364, 7023732362, 9414993328, 7043828810, 7014712781, 9414993322, 9414993319, 9359493415, 9359493410, 9359493413]"
7udRe7A9ekRD6rtEEN_uD,E14B9x9RNkVqAHJvJBYqa,189,194,198.9339859709625,"[6446573515, 276659249, 1885931733, 6818143503, 276659446, 1892904326]"
ClWtD9M5huTs0JiR087X6,E14B9x9RNkVqAHJvJBYqa,282,281,0.0,[2578490151]
FaHumA7HIyjyuC7E4M1jZ,E14B9x9RNkVqAHJvJBYqa,189,194,198.9339859709625,"[6446573515, 276659249, 1885931733, 6818143503, 276659446, 1892904326]"
O-PLpyiKLXCmTOTN2ykl2,E14B9x9RNkVqAHJvJBYqa,192,193,0.0,[1814665419]
T6BRc19d7TrtHQroCLymy,E14B9x9RNkVqAHJvJBYqa,192,193,0.0,[1814665419]
V_vEOLz-VvDvsJC4jk5JR,E14B9x9RNkVqAHJvJBYqa,190,193,117.06575927290262,"[262336905, 274589372, 1814665419]"
_RCpDqcLlmzJHSPPy8bli,E14B9x9RNkVqAHJvJBYqa,192,193,0.0,[1814665419]
edXbrlxHb468dADNBXJ2G,E14B9x9RNkVqAHJvJBYqa,216,218,308.5375535809871,"[6985079820, 339081311, 7048869158, 527831696, 8442698477, 6985153417]"
lbr0LeYaqC-PO2eSd5dsH,E14B9x9RNkVqAHJvJBYqa,189,194,198.9339859709625,"[6446573515, 276659249, 1885931733, 6818143503, 276659446, 1892904326]"
ruQq1su0J7bVhBjmIi2kw,E14B9x9RNkVqAHJvJBYqa,195,194,0.0,[1892904326]
xkITynYnba-VdPTlpu5kL,E14B9x9RNkVqAHJvJBYqa,219,218,0.0,[6985153417]
2z926Q9o3YtgjyoxtMW1d,E14B9x9RNkVqAHJvJBYqa,425,194,0.0,[1892904326]
5NjpP8xmvr1-OYnw7E5Jn,E14B9x9RNkVqAHJvJBYqa,258,194,0.0,[1892904326]
DKfQEdGZMwRbkHDkrwcPx,E14B9x9RNkVqAHJvJBYqa,54,194,172.0613700674482,"[6943200496, 276659249, 1885931733, 6818143503, 276659446, 1892904326]"
NwvVKB38LtB63C0PtEo-i,E14B9x9RNkVqAHJvJBYqa,425,225,6805.614686096191,"[6952038537, 6952038534, 6952038526, 6953539418, 6952038523, 6952038519, 6952035739, 6952035732, 6491614424, 6491614425, 6953678243, 6953678227, 261726784, 6942560970, 1892876501, 260755102, 1128125313, 1128125375, 274591723, 1884999064, 1884999079, 1884999061, 1884999051, 260755101, 5434591444, 5434591442, 1814665424, 1814665419, 274589372, 1128126150, 1128125930, 1128126056, 1128126117, 316916763, 1885696441, 276659446, 1892904326, 1885696346, 276659536, 276659637, 7025440170, 8431951862, 6513299697, 8431951870, 1885907570, 4323956955, 3890628560, 4075818998, 274589385, 274589386, 417395073, 417395122, 274589389, 260754134, 3883555026, 6971317922, 6971317926, 10904528616]"
kdziSzfhBj4JiBeVoloxo,E14B9x9RNkVqAHJvJBYqa,344,194,70.91761918018832,"[1892904334, 4323956583, 1892904326]"
o8mSXE7IgJWToUsU4NnFr,E14B9x9RNkVqAHJvJBYqa,277,193,0.0,[1814665419]
oepuTc06iN5U0ZwjmqZIj,E14B9x9RNkVqAHJvJBYqa,424,198,180.97182328188137,"[6953678227, 261726784]"
rJNlVBeJYLnin9iUCfQ8_,E14B9x9RNkVqAHJvJBYqa,310,194,70.91761918018832,"[1892904334, 4323956583, 1892904326]"
xg6X_6yI3-x6agQaIKy0r,E14B9x9RNkVqAHJvJBYqa,309,193,117.06575927290262,"[262336905, 274589372, 1814665419]"
0WNbk9MGSKJVqVAWMBS1q,EWmI2x176BtYHecDIWm2H,182,183,12.670053350258444,"[260754134, 3883555026]"
7udRe7A9ekRD6rtEEN_uD,EWmI2x176BtYHecDIWm2H,189,194,198.9339859709625,"[6446573515, 276659249, 1885931733, 6818143503, 276659446, 1892904326]"
7vCDYOyx9Gj6RZuCS5Igi,EWmI2x176BtYHecDIWm2H,156,156,0.0,[6968555662]
FaHumA7HIyjyuC7E4M1jZ,EWmI2x176BtYHecDIWm2H,189,194,198.9339859709625,"[6446573515, 276659249, 1885931733, 6818143503, 276659446, 1892904326]"
I46ZQc9g0OMvTpnnq0RXs,EWmI2x176BtYHecDIWm2H,14,14,0.0,[4168314500]
Jahu5bHSRsdCyh3p5H6cJ,EWmI2x176BtYHecDIWm2H,156,156,0.0,[6968555662]
O-PLpyiKLXCmTOTN2ykl2,EWmI2x176BtYHecDIWm2H,192,193,0.0,[1814665419]
T6BRc19d7TrtHQroCLymy,EWmI2x176BtYHecDIWm2H,192,193,0.0,[1814665419]
V_vEOLz-VvDvsJC4jk5JR,EWmI2x176BtYHecDIWm2H,190,193,117.06575927290262,"[262336905, 274589372, 1814665419]"
VqsKdXjc_nTkIE8PZUK7V,EWmI2x176BtYHecDIWm2H,93,93,0.0,[3143411495]
_RCpDqcLlmzJHSPPy8bli,EWmI2x176BtYHecDIWm2H,192,193,0.0,[1814665419]
bAytab6a3g8pFmPeUQC1L,EWmI2x176BtYHecDIWm2H,161,157,309.06104616481326,"[6838199891, 6838199908, 6838199905, 6906702761]"
edXbrlxHb468dADNBXJ2G,EWmI2x176BtYHecDIWm2H,216,218,308.5375535809871,"[6985079820, 339081311, 7048869158, 527831696, 8442698477, 6985153417]"
hMo27Nx4A3lFCdh0tNdmf,EWmI2x176BtYHecDIWm2H,159,156,248.7970395093795,"[6906702773, 6968597415, 6976216292, 6976216291, 6838199945, 6968597393, 6968555662]"
lbr0LeYaqC-PO2eSd5dsH,EWmI2x176BtYHecDIWm2H,189,194,198.9339859709625,"[6446573515, 276659249, 1885931733, 6818143503, 276659446, 1892904326]"
ruQq1su0J7bVhBjmIi2kw,EWmI2x176BtYHecDIWm2H,195,194,0.0,[1892904326]
xkITynYnba-VdPTlpu5kL,EWmI2x176BtYHecDIWm2H,219,218,0.0,[6985153417]
2z926Q9o3YtgjyoxtMW1d,EWmI2x176BtYHecDIWm2H,425,194,0.0,[1892904326]
5NjpP8xmvr1-OYnw7E5Jn,EWmI2x176BtYHecDIWm2H,258,194,0.0,[1892904326]
8ExRMTw-r4JAqxk8WGljD,EWmI2x176BtYHecDIWm2H,269,164,258.9675114226784,"[6820743471, 6818071295, 8442254840, 6818071294, 10970226966, 10970226974, 12294249715, 10970226972, 6950726138, 6838199963]"
DKfQEdGZMwRbkHDkrwcPx,EWmI2x176BtYHecDIWm2H,54,194,172.0613700674482,"[6943200496, 276659249, 1885931733, 6818143503, 276659446, 1892904326]"
E14B9x9RNkVqAHJvJBYqa,EWmI2x176BtYHecDIWm2H,260,194,0.0,[1892904326]
E_oc6kDbFdlvVaZssBQex,EWmI2x176BtYHecDIWm2H,405,156,248.7970395093795,"[6906702773, 6968597415, 6976216292, 6976216291, 6838199945, 6968597393, 6968555662]"
NwvVKB38LtB63C0PtEo-i,EWmI2x176BtYHecDIWm2H,425,225,6805.614686096191,"[6952038537, 6952038534, 6952038526, 6953539418, 6952038523, 6952038519, 6952035739, 6952035732, 6491614424, 6491614425, 6953678243, 6953678227, 261726784, 6942560970, 1892876501, 260755102, 1128125313, 1128125375, 274591723, 1884999064, 1884999079, 1884999061, 1884999051, 260755101, 5434591444, 5434591442, 1814665424, 1814665419, 274589372, 1128126150, 1128125930, 1128126056, 1128126117, 316916763, 1885696441, 276659446, 1892904326, 1885696346, 276659536, 276659637, 7025440170, 8431951862, 6513299697, 8431951870, 1885907570, 4323956955, 3890628560, 4075818998, 274589385, 274589386, 417395073, 417395122, 274589389, 260754134, 3883555026, 6971317922, 6971317926, 10904528616]"
jmLM1TsmnRPlkOtGUD0nu,EWmI2x176BtYHecDIWm2H,85,183,0.0,[3883555026]
kdziSzfhBj4JiBeVoloxo,EWmI2x176BtYHecDIWm2H,344,194,70.91761918018832,"[1892904334, 4323956583, 1892904326]"
o8mSXE7IgJWToUsU4NnFr,EWmI2x176BtYHecDIWm2H,277,193,0.0,[1814665419]
oepuTc06iN5U0ZwjmqZIj,EWmI2x176BtYHecDIWm2H,424,198,180.97182328188137,"[6953678227, 261726784]"
rJNlVBeJYLnin9iUCfQ8_,EWmI2x176BtYHecDIWm2H,310,194,70.91761918018832,"[1892904334, 4323956583, 1892904326]"
ujMXATExhhRj9qgxcopKv,EWmI2x176BtYHecDIWm2H,362,89,1201.908126207022,"[6486037383, 2565386143, 6486037804, 6485813848, 6486037802, 4168312852, 6486037799, 6485813839, 4168314747, 6486037796, 6485813820, 2578433071, 2578433072, 2578433073, 2578433074, 2578433075, 5672083417, 4168315809, 1128069147, 3143411513, 7014882208, 3143411485, 3143412033, 3143411520, 7014882195, 6485670784, 3143411495, 6989895844, 2578433065, 6989895843, 5392895112]"
wk7z0bHFULyZrQtvEvO1X,EWmI2x176BtYHecDIWm2H,360,156,227.3051699340636,"[6521042214, 6968555684, 6521042215, 6968597386, 6968597385, 6976216305, 6838118108, 6968555662]"
xg6X_6yI3-x6agQaIKy0r,EWmI2x176BtYHecDIWm2H,309,193,117.06575927290262,"[262336905, 274589372, 1814665419]"
0fV-oHdZjqIXEVAq-5E7b,EYuJpRuohnv2M2djd0oRb,360,359,349.74068937636184,"[1886295269, 10562355384, 5727317783, 4323952889, 4781919525, 4781919524, 260758574, 1888346013, 1886295998]"
3I93k-8Viq6W8QFXbpmUU,EYuJpRuohnv2M2djd0oRb,362,359,174.1628211676752,"[260758678, 1888346077, 1888346018, 1888346013, 1886295998]"
8NzGmmMDzhEhQEXbQjJTl,EYuJpRuohnv2M2djd0oRb,362,359,174.1628211676752,"[260758678, 1888346077, 1888346018, 1888346013, 1886295998]"
E_oc6kDbFdlvVaZssBQex,EYuJpRuohnv2M2djd0oRb,405,405,0.0,[7927564332]
LrIznn0Nk3YYvE6SV4NT_,EYuJpRuohnv2M2djd0oRb,361,359,177.45045235544677,"[260758565, 260758574, 1888346013, 1886295998]"
SqToUMEw-z1wSe52v0JGh,EYuJpRuohnv2M2djd0oRb,362,359,174.1628211676752,"[260758678, 1888346077, 1888346018, 1888346013, 1886295998]"
dzTiXNOiyKbSpiehbFk-a,EYuJpRuohnv2M2djd0oRb,360,359,349.74068937636184,"[1886295269, 10562355384, 5727317783, 4323952889, 4781919525, 4781919524, 260758574, 1888346013, 1886295998]"
oepuTc06iN5U0ZwjmqZIj,EYuJpRuohnv2M2djd0oRb,424,424,0.0,[4323950582]
p2DY4x4NaqXRC1gG9cwiY,EYuJpRuohnv2M2djd0oRb,359,359,0.0,[1886295998]
pIaHBI4j1KA7mIDUenoKC,EYuJpRuohnv2M2djd0oRb,360,359,349.74068937636184,"[1886295269, 10562355384, 5727317783, 4323952889, 4781919525, 4781919524, 260758574, 1888346013, 1886295998]"
ujMXATExhhRj9qgxcopKv,EYuJpRuohnv2M2djd0oRb,362,359,174.1628211676752,"[260758678, 1888346077, 1888346018, 1888346013, 1886295998]"
wk7z0bHFULyZrQtvEvO1X,EYuJpRuohnv2M2djd0oRb,360,359,349.74068937636184,"[1886295269, 10562355384, 5727317783, 4323952889, 4781919525, 4781919524, 260758574, 1888346013, 1886295998]"
z2W-2EVP76_5pF_4R0HbR,EYuJpRuohnv2M2djd0oRb,360,359,349.74068937636184,"[1886295269, 10562355384, 5727317783, 4323952889, 4781919525, 4781919524, 260758574, 1888346013, 1886295998]"
2HEouGQcgjyXwlsq69h3S,EYuJpRuohnv2M2djd0oRb,300,359,0.0,[1886295998]
2sefONCZ5v5w4bCF1ybYX,EYuJpRuohnv2M2djd0oRb,85,359,0.0,[1886295998]
EqpMMSAPpyyeIs0OPJu7A,EYuJpRuohnv2M2djd0oRb,98,359,0.0,[1886295998]
EvMcmidrqDryWEcBEqdU2,EYuJpRuohnv2M2djd0oRb,425,359,0.0,[1886295998]
QcjXCusjL37XD0vtFPM_z,EYuJpRuohnv2M2djd0oRb,269,359,0.0,[1886295998]
V-tNyPwMd_7j2AAdXrBPe,EYuJpRuohnv2M2djd0oRb,278,359,0.0,[1886295998]
VqsKdXjc_nTkIE8PZUK7V,EYuJpRuohnv2M2djd0oRb,93,359,0.0,[1886295998]
djf-0ENVceYNg5x6O7HGq,EYuJpRuohnv2M2djd0oRb,109,359,0.0,[1886295998]
eW27jXPyPLkZFOoF5g9lr,EYuJpRuohnv2M2djd0oRb,433,359,0.0,[1886295998]
nl0Bhq5jfJUhmpghbnEaV,EYuJpRuohnv2M2djd0oRb,48,402,0.0,[5720425342]
w5lnA7aOkl9RbW6RzoEdG,EYuJpRuohnv2M2djd0oRb,416,359,0.0,[1886295998]
0WNbk9MGSKJVqVAWMBS1q,E_oc6kDbFdlvVaZssBQex,182,184,294.97706200433163,"[260754134, 274589389, 417395122, 417395073]"
7udRe7A9ekRD6rtEEN_uD,E_oc6kDbFdlvVaZssBQex,189,194,198.9339859709625,"[6446573515, 276659249, 1885931733, 6818143503, 276659446, 1892904326]"
7vCDYOyx9Gj6RZuCS5Igi,E_oc6kDbFdlvVaZssBQex,156,158,248.79703950937954,"[6968555662, 6968597393, 6838199945, 6976216291, 6976216292, 6968597415, 6906702773]"
FaHumA7HIyjyuC7E4M1jZ,E_oc6kDbFdlvVaZssBQex,189,194,198.9339859709625,"[6446573515, 276659249, 1885931733, 6818143503, 276659446, 1892904326]"
Jahu5bHSRsdCyh3p5H6cJ,E_oc6kDbFdlvVaZssBQex,156,158,248.79703950937954,"[6968555662, 6968597393, 6838199945, 6976216291, 6976216292, 6968597415, 6906702773]"
O-PLpyiKLXCmTOTN2ykl2,E_oc6kDbFdlvVaZssBQex,192,193,0.0,[1814665419]
T6BRc19d7TrtHQroCLymy,E_oc6kDbFdlvVaZssBQex,192,193,0.0,[1814665419]
V_vEOLz-VvDvsJC4jk5JR,E_oc6kDbFdlvVaZssBQex,190,193,117.06575927290262,"[262336905, 274589372, 1814665419]"
_RCpDqcLlmzJHSPPy8bli,E_oc6kDbFdlvVaZssBQex,192,193,0.0,[1814665419]
bAytab6a3g8pFmPeUQC1L,E_oc6kDbFdlvVaZssBQex,161,160,0.0,[6838199891]
hMo27Nx4A3lFCdh0tNdmf,E_oc6kDbFdlvVaZssBQex,159,160,418.26463498125713,"[6906702773, 6968597415, 6976216292, 6976216291, 6906702761, 6838199905, 6838199908, 6838199891]"
lbr0LeYaqC-PO2eSd5dsH,E_oc6kDbFdlvVaZssBQex,189,194,198.9339859709625,"[6446573515, 276659249, 1885931733, 6818143503, 276659446, 1892904326]"
ruQq1su0J7bVhBjmIi2kw,E_oc6kDbFdlvVaZssBQex,195,194,0.0,[1892904326]
2z926Q9o3YtgjyoxtMW1d,E_oc6kDbFdlvVaZssBQex,425,194,0.0,[1892904326]
5NjpP8xmvr1-OYnw7E5Jn,E_oc6kDbFdlvVaZssBQex,258,194,0.0,[1892904326]
8ExRMTw-r4JAqxk8WGljD,E_oc6kDbFdlvVaZssBQex,269,165,109.27633117775812,"[6820743471, 1894299914, 417393457, 5350959169]"
DKfQEdGZMwRbkHDkrwcPx,E_oc6kDbFdlvVaZssBQex,54,194,172.0613700674482,"[6943200496, 276659249, 1885931733, 6818143503, 276659446, 1892904326]"
E14B9x9RNkVqAHJvJBYqa,E_oc6kDbFdlvVaZssBQex,260,194,0.0,[1892904326]
EWmI2x176BtYHecDIWm2H,E_oc6kDbFdlvVaZssBQex,89,158,248.79703950937954,"[6968555662, 6968597393, 6838199945, 6976216291, 6976216292, 6968597415, 6906702773]"
NwvVKB38LtB63C0PtEo-i,E_oc6kDbFdlvVaZssBQex,425,230,0.0,[6952038537]
jmLM1TsmnRPlkOtGUD0nu,E_oc6kDbFdlvVaZssBQex,85,184,307.6471153545901,"[3883555026, 260754134, 274589389, 417395122, 417395073]"
kdziSzfhBj4JiBeVoloxo,E_oc6kDbFdlvVaZssBQex,344,194,70.91761918018832,"[1892904334, 4323956583, 1892904326]"
o8mSXE7IgJWToUsU4NnFr,E_oc6kDbFdlvVaZssBQex,277,193,0.0,[1814665419]
oepuTc06iN5U0ZwjmqZIj,E_oc6kDbFdlvVaZssBQex,424,198,180.97182328188137,"[6953678227, 261726784]"
rJNlVBeJYLnin9iUCfQ8_,E_oc6kDbFdlvVaZssBQex,310,194,70.91761918018832,"[1892904334, 4323956583, 1892904326]"
wk7z0bHFULyZrQtvEvO1X,E_oc6kDbFdlvVaZssBQex,360,158,277.9585075681799,"[6521042214, 6968555684, 6521042215, 6968597386, 6968597385, 6968597390, 6968597415, 6906702773]"
xg6X_6yI3-x6agQaIKy0r,E_oc6kDbFdlvVaZssBQex,309,193,117.06575927290262,"[262336905, 274589372, 1814665419]"
xkITynYnba-VdPTlpu5kL,E_oc6kDbFdlvVaZssBQex,219,193,0.0,[1814665419]
-H9LP4vuOqj-RIRCZNg_6,EqpMMSAPpyyeIs0OPJu7A,326,324,1159.6599093869552,"[1886821204, 11462532250, 1886821135, 6952133530, 6950754289, 6950754293, 6950754336, 6950754299, 11527409521, 4326474661, 5439510412, 262336379]"
0fV-oHdZjqIXEVAq-5E7b,EqpMMSAPpyyeIs0OPJu7A,360,359,349.74068937636184,"[1886295269, 10562355384, 5727317783, 4323952889, 4781919525, 4781919524, 260758574, 1888346013, 1886295998]"
3I93k-8Viq6W8QFXbpmUU,EqpMMSAPpyyeIs0OPJu7A,362,359,174.1628211676752,"[260758678, 1888346077, 1888346018, 1888346013, 1886295998]"
50n7_gqFiIrgeNHtVzwF0,EqpMMSAPpyyeIs0OPJu7A,326,324,1159.6599093869552,"[1886821204, 11462532250, 1886821135, 6952133530, 6950754289, 6950754293, 6950754336, 6950754299, 11527409521, 4326474661, 5439510412, 262336379]"
8CWoTtootKoeWNjoE5oOP,EqpMMSAPpyyeIs0OPJu7A,326,324,1159.6599093869552,"[1886821204, 11462532250, 1886821135, 6952133530, 6950754289, 6950754293, 6950754336, 6950754299, 11527409521, 4326474661, 5439510412, 262336379]"
8NzGmmMDzhEhQEXbQjJTl,EqpMMSAPpyyeIs0OPJu7A,362,359,174.1628211676752,"[260758678, 1888346077, 1888346018, 1888346013, 1886295998]"
BKzwbCqAolUfyoXfpTwIC,EqpMMSAPpyyeIs0OPJu7A,325,324,21.203436517890417,"[4326474663, 4166054659, 262336379]"
LrIznn0Nk3YYvE6SV4NT_,EqpMMSAPpyyeIs0OPJu7A,361,359,177.45045235544677,"[260758565, 260758574, 1888346013, 1886295998]"
SqToUMEw-z1wSe52v0JGh,EqpMMSAPpyyeIs0OPJu7A,362,359,174.1628211676752,"[260758678, 1888346077, 1888346018, 1888346013, 1886295998]"
dzTiXNOiyKbSpiehbFk-a,EqpMMSAPpyyeIs0OPJu7A,360,359,349.74068937636184,"[1886295269, 10562355384, 5727317783, 4323952889, 4781919525, 4781919524, 260758574, 1888346013, 1886295998]"
p2DY4x4NaqXRC1gG9cwiY,EqpMMSAPpyyeIs0OPJu7A,359,359,0.0,[1886295998]
pIaHBI4j1KA7mIDUenoKC,EqpMMSAPpyyeIs0OPJu7A,360,359,349.74068937636184,"[1886295269, 10562355384, 5727317783, 4323952889, 4781919525, 4781919524, 260758574, 1888346013, 1886295998]"
ujMXATExhhRj9qgxcopKv,EqpMMSAPpyyeIs0OPJu7A,362,359,174.1628211676752,"[260758678, 1888346077, 1888346018, 1888346013, 1886295998]"
wk7z0bHFULyZrQtvEvO1X,EqpMMSAPpyyeIs0OPJu7A,360,359,349.74068937636184,"[1886295269, 10562355384, 5727317783, 4323952889, 4781919525, 4781919524, 260758574, 1888346013, 1886295998]"
z2W-2EVP76_5pF_4R0HbR,EqpMMSAPpyyeIs0OPJu7A,360,359,349.74068937636184,"[1886295269, 10562355384, 5727317783, 4323952889, 4781919525, 4781919524, 260758574, 1888346013, 1886295998]"
-Z1R0bmP-3IQrktLaw1-i,EqpMMSAPpyyeIs0OPJu7A,301,324,1251.8229788866886,"[4166052725, 1886821074, 1886821204, 11462532250, 1886821135, 6952133530, 6950754289, 6950754293, 6950754336, 6950754299, 11527409521, 4326474661, 5439510412, 262336379]"
2HEouGQcgjyXwlsq69h3S,EqpMMSAPpyyeIs0OPJu7A,300,359,0.0,[1886295998]
2sefONCZ5v5w4bCF1ybYX,EqpMMSAPpyyeIs0OPJu7A,85,359,0.0,[1886295998]
EYuJpRuohnv2M2djd0oRb,EqpMMSAPpyyeIs0OPJu7A,397,359,0.0,[1886295998]
EvMcmidrqDryWEcBEqdU2,EqpMMSAPpyyeIs0OPJu7A,425,359,0.0,[1886295998]
I46ZQc9g0OMvTpnnq0RXs,EqpMMSAPpyyeIs0OPJu7A,14,255,0.0,[3966966195]
QcjXCusjL37XD0vtFPM_z,EqpMMSAPpyyeIs0OPJu7A,269,359,0.0,[1886295998]
V-tNyPwMd_7j2AAdXrBPe,EqpMMSAPpyyeIs0OPJu7A,278,359,0.0,[1886295998]
VqsKdXjc_nTkIE8PZUK7V,EqpMMSAPpyyeIs0OPJu7A,93,359,0.0,[1886295998]
aeeOOe3-Dtz86MK-Ltc0F,EqpMMSAPpyyeIs0OPJu7A,305,98,1652.0504799336218,"[1128069143, 4941775518, 7010914165, 1128069139, 1128069168, 4168315109, 1128069192, 7008413291, 7008413285, 1128069155, 6488151976, 1128069181, 7008413315, 1128069174, 7008413314, 4168314500, 6488127621, 5708573519, 6488151977, 6942575296, 6942575303, 6942575297, 6942575294, 6942575299, 6942575301, 5708573518, 5708573516, 5708573514, 4168312373, 4168314652, 3972273686, 339081529, 4168313023, 5708573622, 6943091990]"
d1tk5YD606wPnGF4CLm4i,EqpMMSAPpyyeIs0OPJu7A,427,324,978.0010690060864,"[6952133530, 6950754289, 6950754293, 6950754336, 6950754299, 11527409521, 4326474661, 5439510412, 262336379]"
djf-0ENVceYNg5x6O7HGq,EqpMMSAPpyyeIs0OPJu7A,109,359,0.0,[1886295998]
eW27jXPyPLkZFOoF5g9lr,EqpMMSAPpyyeIs0OPJu7A,433,359,0.0,[1886295998]
nl0Bhq5jfJUhmpghbnEaV,EqpMMSAPpyyeIs0OPJu7A,48,402,0.0,[5720425342]
w5lnA7aOkl9RbW6RzoEdG,EqpMMSAPpyyeIs0OPJu7A,416,359,0.0,[1886295998]
0fV-oHdZjqIXEVAq-5E7b,EvMcmidrqDryWEcBEqdU2,360,359,349.74068937636184,"[1886295269, 10562355384, 5727317783, 4323952889, 4781919525, 4781919524, 260758574, 1888346013, 1886295998]"
3I93k-8Viq6W8QFXbpmUU,EvMcmidrqDryWEcBEqdU2,362,359,174.1628211676752,"[260758678, 1888346077, 1888346018, 1888346013, 1886295998]"
8NzGmmMDzhEhQEXbQjJTl,EvMcmidrqDryWEcBEqdU2,362,359,174.1628211676752,"[260758678, 1888346077, 1888346018, 1888346013, 1886295998]"
E_oc6kDbFdlvVaZssBQex,EvMcmidrqDryWEcBEqdU2,405,405,0.0,[7927564332]
LrIznn0Nk3YYvE6SV4NT_,EvMcmidrqDryWEcBEqdU2,361,359,177.45045235544677,"[260758565, 260758574, 1888346013, 1886295998]"
SqToUMEw-z1wSe52v0JGh,EvMcmidrqDryWEcBEqdU2,362,359,174.1628211676752,"[260758678, 1888346077, 1888346018, 1888346013, 1886295998]"
dzTiXNOiyKbSpiehbFk-a,EvMcmidrqDryWEcBEqdU2,360,359,349.74068937636184,"[1886295269, 10562355384, 5727317783, 4323952889, 4781919525, 4781919524, 260758574, 1888346013, 1886295998]"
oepuTc06iN5U0ZwjmqZIj,EvMcmidrqDryWEcBEqdU2,424,424,0.0,[4323950582]
p2DY4x4NaqXRC1gG9cwiY,EvMcmidrqDryWEcBEqdU2,359,359,0.0,[1886295998]
pIaHBI4j1KA7mIDUenoKC,EvMcmidrqDryWEcBEqdU2,360,359,349.74068937636184,"[1886295269, 10562355384, 5727317783, 4323952889, 4781919525, 4781919524, 260758574, 1888346013, 1886295998]"
ujMXATExhhRj9qgxcopKv,EvMcmidrqDryWEcBEqdU2,362,359,174.1628211676752,"[260758678, 1888346077, 1888346018, 1888346013, 1886295998]"
wk7z0bHFULyZrQtvEvO1X,EvMcmidrqDryWEcBEqdU2,360,359,349.74068937636184,"[1886295269, 10562355384, 5727317783, 4323952889, 4781919525, 4781919524, 260758574, 1888346013, 1886295998]"
z2W-2EVP76_5pF_4R0HbR,EvMcmidrqDryWEcBEqdU2,360,359,349.74068937636184,"[1886295269, 10562355384, 5727317783, 4323952889, 4781919525, 4781919524, 260758574, 1888346013, 1886295998]"
2HEouGQcgjyXwlsq69h3S,EvMcmidrqDryWEcBEqdU2,300,359,0.0,[1886295998]
2sefONCZ5v5w4bCF1ybYX,EvMcmidrqDryWEcBEqdU2,85,359,0.0,[1886295998]
EYuJpRuohnv2M2djd0oRb,EvMcmidrqDryWEcBEqdU2,397,359,0.0,[1886295998]
EqpMMSAPpyyeIs0OPJu7A,EvMcmidrqDryWEcBEqdU2,98,359,0.0,[1886295998]
QcjXCusjL37XD0vtFPM_z,EvMcmidrqDryWEcBEqdU2,269,359,0.0,[1886295998]
V-tNyPwMd_7j2AAdXrBPe,EvMcmidrqDryWEcBEqdU2,278,359,0.0,[1886295998]
VqsKdXjc_nTkIE8PZUK7V,EvMcmidrqDryWEcBEqdU2,93,359,0.0,[1886295998]
djf-0ENVceYNg5x6O7HGq,EvMcmidrqDryWEcBEqdU2,109,359,0.0,[1886295998]
eW27jXPyPLkZFOoF5g9lr,EvMcmidrqDryWEcBEqdU2,433,359,0.0,[1886295998]
nl0Bhq5jfJUhmpghbnEaV,EvMcmidrqDryWEcBEqdU2,48,402,0.0,[5720425342]
w5lnA7aOkl9RbW6RzoEdG,EvMcmidrqDryWEcBEqdU2,416,359,0.0,[1886295998]
-Z1R0bmP-3IQrktLaw1-i,FaHumA7HIyjyuC7E4M1jZ,301,307,1993.1691896509012,"[7043828811, 7043828810, 9414993328, 7023732362, 7023732364, 7023732365, 7113581393, 7113581389, 7113581387, 7113581386, 5392019578, 9368774130, 4168311512, 9368718200, 7041564226, 317908405]"
2HEouGQcgjyXwlsq69h3S,FaHumA7HIyjyuC7E4M1jZ,300,299,1435.3456329605206,"[9414993322, 7014712781, 7043828816, 7043828811, 2578743473, 8482032648, 6977240799, 6977240809, 6485868050, 6485857238, 7011812106, 6485857224, 7014739939, 6486022036, 6485857211, 7011812107, 6485868051]"
4xf9KaKYJRkSlWjtAzeER,FaHumA7HIyjyuC7E4M1jZ,305,305,0.0,[5392019578]
D7IwqxPBMcEQiGv3sjC3s,FaHumA7HIyjyuC7E4M1jZ,305,305,0.0,[5392019578]
E_oc6kDbFdlvVaZssBQex,FaHumA7HIyjyuC7E4M1jZ,405,404,0.0,[7927564332]
O-PLpyiKLXCmTOTN2ykl2,FaHumA7HIyjyuC7E4M1jZ,192,191,124.55150487656566,"[1814665419, 274589372, 262336905, 6818031829]"
QKCnSGkAqgRmQ4fUeYRP-,FaHumA7HIyjyuC7E4M1jZ,305,305,0.0,[5392019578]
T6BRc19d7TrtHQroCLymy,FaHumA7HIyjyuC7E4M1jZ,192,191,124.55150487656566,"[1814665419, 274589372, 262336905, 6818031829]"
V_vEOLz-VvDvsJC4jk5JR,FaHumA7HIyjyuC7E4M1jZ,190,191,7.485745603663031,"[262336905, 6818031829]"
_RCpDqcLlmzJHSPPy8bli,FaHumA7HIyjyuC7E4M1jZ,192,191,124.55150487656566,"[1814665419, 274589372, 262336905, 6818031829]"
aeeOOe3-Dtz86MK-Ltc0F,FaHumA7HIyjyuC7E4M1jZ,305,305,0.0,[5392019578]
cQIW-LxFXCIuxPpIw4MR2,FaHumA7HIyjyuC7E4M1jZ,296,297,0.0,[5392019571]
eW27jXPyPLkZFOoF5g9lr,FaHumA7HIyjyuC7E4M1jZ,433,431,9612.028705092202,"[6488733328, 8011246201, 6969478590, 6488089147, 6969478594, 6969478616, 6969478630, 6969478589, 6969478587, 6971624098, 6971624095, 6971624096, 6973416461, 6971624111, 6973416459, 6971624107, 6971624105, 6973416383, 6150225301, 6490661848, 6490661859, 6491202786, 6491202787, 6491202791, 7007815820, 6152137675, 6151015983, 1883017451, 6151015981, 1883015943, 1883015930, 1846913194, 1846913198, 1846913191, 1844089254, 1846913182, 1846913195, 4323950968, 4323950954, 1909235369, 7928350878, 7928350869, 6985088944, 6985088938, 6985088937, 7118508954, 5594506892, 6823067926, 5275562428, 4323950582, 8176867221, 10558963662, 10908350600, 10908350533, 10925013056, 10925013054, 10925013049, 10925013053, 10908350528, 10908350527, 10558993687, 7115723381, 299593951, 299593953, 299593851, 5391780416, 8449345301, 6151676018, 7115911103, 2577830980, 6488974434, 7927500442, 2577830979, 1128588539, 8011246309, 6495402446, 279994098, 6987297704]"
oepuTc06iN5U0ZwjmqZIj,FaHumA7HIyjyuC7E4M1jZ,424,423,0.0,[4323950582]
1Ctgvye_a8bTjvozOsfEX,FaHumA7HIyjyuC7E4M1jZ,177,307,0.0,[317908405]
2vubw4wDlR7h4SuBBiS6p,FaHumA7HIyjyuC7E4M1jZ,425,307,1993.1691896509012,"[7043828811, 7043828810, 9414993328, 7023732362, 7023732364, 7023732365, 7113581393, 7113581389, 7113581387, 7113581386, 5392019578, 9368774130, 4168311512, 9368718200, 7041564226, 317908405]"
2z926Q9o3YtgjyoxtMW1d,FaHumA7HIyjyuC7E4M1jZ,425,189,198.9339859709625,"[1892904326, 276659446, 6818143503, 1885931733, 276659249, 6446573515]"
5NjpP8xmvr1-OYnw7E5Jn,FaHumA7HIyjyuC7E4M1jZ,258,189,198.9339859709625,"[1892904326, 276659446, 6818143503, 1885931733, 276659249, 6446573515]"
CTJ48OMS2Nn2CyW093CBk,FaHumA7HIyjyuC7E4M1jZ,15,307,1993.1691896509012,"[7043828811, 7043828810, 9414993328, 7023732362, 7023732364, 7023732365, 7113581393, 7113581389, 7113581387, 7113581386, 5392019578, 9368774130, 4168311512, 9368718200, 7041564226, 317908405]"
DKfQEdGZMwRbkHDkrwcPx,FaHumA7HIyjyuC7E4M1jZ,54,189,82.33558268063379,"[6943200496, 2430597339, 6446573511, 6446573515]"
DaGuT_I6g5QpO40EcF4u7,FaHumA7HIyjyuC7E4M1jZ,419,307,2013.0140755243524,"[9359493413, 9359493410, 9359493415, 9414993319, 9414993322, 7014712781, 7043828810, 9414993328, 7023732362, 7023732364, 7023732365, 7113581393, 7113581389, 7113581387, 7113581386, 5392019578, 9368774130, 4168311512, 9368718200, 7041564226, 317908405]"
E14B9x9RNkVqAHJvJBYqa,FaHumA7HIyjyuC7E4M1jZ,260,189,198.9339859709625,"[1892904326, 276659446, 6818143503, 1885931733, 276659249, 6446573515]"
RSdPdtwiGzlvedMSUpA36,FaHumA7HIyjyuC7E4M1jZ,322,297,1792.7267033132398,"[6485868051, 7011812107, 6485857211, 6486022036, 7014739939, 6485857224, 7011812106, 6485857238, 6485868050, 6977240809, 6977240799, 8482032648, 2578743473, 7043828811, 7043828810, 9414993328, 7023732362, 7023732364, 5392019571]"
TPxz_LmHA0qyDz7QFLo1e,FaHumA7HIyjyuC7E4M1jZ,280,305,0.0,[5392019578]
hx4EeoLjM7NJfnYrVfGvk,FaHumA7HIyjyuC7E4M1jZ,180,307,0.0,[317908405]
kdziSzfhBj4JiBeVoloxo,FaHumA7HIyjyuC7E4M1jZ,344,189,131.2859840121987,"[1892904334, 1885931733, 276659249, 6446573515]"
llujnjcOUaGBRa_Jecss3,FaHumA7HIyjyuC7E4M1jZ,279,305,0.0,[5392019578]
ndixtJMAJzaQiITLSzYz_,FaHumA7HIyjyuC7E4M1jZ,267,305,0.0,[5392019578]
o8mSXE7IgJWToUsU4NnFr,FaHumA7HIyjyuC7E4M1jZ,277,191,124.55150487656566,"[1814665419, 274589372, 262336905, 6818031829]"
rJNlVBeJYLnin9iUCfQ8_,FaHumA7HIyjyuC7E4M1jZ,310,189,131.2859840121987,"[1892904334, 1885931733, 276659249, 6446573515]"
tMb6GY09D_zaob3QQV8vM,FaHumA7HIyjyuC7E4M1jZ,179,307,0.0,[317908405]
vToQ2sD35oGmngQzvKN9j,FaHumA7HIyjyuC7E4M1jZ,83,305,0.0,[5392019578]
xg6X_6yI3-x6agQaIKy0r,FaHumA7HIyjyuC7E4M1jZ,309,191,7.485745603663031,"[262336905, 6818031829]"
xkITynYnba-VdPTlpu5kL,FaHumA7HIyjyuC7E4M1jZ,219,191,124.55150487656566,"[1814665419, 274589372, 262336905, 6818031829]"
8NzGmmMDzhEhQEXbQjJTl,I46ZQc9g0OMvTpnnq0RXs,362,153,64.42224073998946,"[6490449986, 3880430916, 3880430915]"
BDGXXpou9Eb38xEVTNUs2,I4AY9d0_JCb661dki5jy7,120,121,0.0,[1175843806]
CTJ48OMS2Nn2CyW093CBk,I4AY9d0_JCb661dki5jy7,15,121,0.0,[1175843806]
Rx10-oSKyoIJDvbVd1Py3,I4AY9d0_JCb661dki5jy7,29,121,0.0,[1175843806]
XQFjzrlmVSDo00hpPwPD9,I4AY9d0_JCb661dki5jy7,39,121,0.0,[1175843806]
djf-0ENVceYNg5x6O7HGq,I4AY9d0_JCb661dki5jy7,109,121,0.0,[1175843806]
oepuTc06iN5U0ZwjmqZIj,I4AY9d0_JCb661dki5jy7,424,423,0.0,[4323950582]
zwjvZyv-K7qfVyipl6li5,I4AY9d0_JCb661dki5jy7,2,121,0.0,[1175843806]
0fV-oHdZjqIXEVAq-5E7b,I4AY9d0_JCb661dki5jy7,360,121,0.0,[1175843806]
50n7_gqFiIrgeNHtVzwF0,I4AY9d0_JCb661dki5jy7,326,121,0.0,[1175843806]
6Jzbm71jwnmQuuO9P7ngg,I4AY9d0_JCb661dki5jy7,267,121,0.0,[1175843806]
8CWoTtootKoeWNjoE5oOP,I4AY9d0_JCb661dki5jy7,326,121,0.0,[1175843806]
KNOT7t80YXwsfYupjUiTk,I4AY9d0_JCb661dki5jy7,426,121,0.0,[1175843806]
T6BRc19d7TrtHQroCLymy,I4AY9d0_JCb661dki5jy7,192,121,0.0,[1175843806]
V_vEOLz-VvDvsJC4jk5JR,I4AY9d0_JCb661dki5jy7,190,392,0.0,[10239200965]
XxUPXIlZHVjWT_a7YqhHy,I4AY9d0_JCb661dki5jy7,426,121,0.0,[1175843806]
_RCpDqcLlmzJHSPPy8bli,I4AY9d0_JCb661dki5jy7,192,121,0.0,[1175843806]
cQIW-LxFXCIuxPpIw4MR2,I4AY9d0_JCb661dki5jy7,296,121,0.0,[1175843806]
dzTiXNOiyKbSpiehbFk-a,I4AY9d0_JCb661dki5jy7,360,121,0.0,[1175843806]
gboAfb13A28YhAJkt-Pkx,I4AY9d0_JCb661dki5jy7,400,121,0.0,[1175843806]
lQGthxPF7d3FXnmoZFGLV,I4AY9d0_JCb661dki5jy7,426,121,0.0,[1175843806]
p2DY4x4NaqXRC1gG9cwiY,I4AY9d0_JCb661dki5jy7,359,121,0.0,[1175843806]
pIaHBI4j1KA7mIDUenoKC,I4AY9d0_JCb661dki5jy7,360,392,0.0,[10239200965]
wh9cIxqRBTvvkxeMtkHAi,I4AY9d0_JCb661dki5jy7,400,121,0.0,[1175843806]
z2W-2EVP76_5pF_4R0HbR,I4AY9d0_JCb661dki5jy7,360,121,0.0,[1175843806]
0WNbk9MGSKJVqVAWMBS1q,Jahu5bHSRsdCyh3p5H6cJ,182,182,0.0,[260754134]
7udRe7A9ekRD6rtEEN_uD,Jahu5bHSRsdCyh3p5H6cJ,189,195,198.9339859709625,"[6446573515, 276659249, 1885931733, 6818143503, 276659446, 1892904326]"
7vCDYOyx9Gj6RZuCS5Igi,Jahu5bHSRsdCyh3p5H6cJ,156,157,196.63468583261556,"[6968555662, 6968597393, 6838199945, 6976216291, 6906702761]"
FaHumA7HIyjyuC7E4M1jZ,Jahu5bHSRsdCyh3p5H6cJ,189,195,198.9339859709625,"[6446573515, 276659249, 1885931733, 6818143503, 276659446, 1892904326]"
O-PLpyiKLXCmTOTN2ykl2,Jahu5bHSRsdCyh3p5H6cJ,192,192,0.0,[1814665419]
T6BRc19d7TrtHQroCLymy,Jahu5bHSRsdCyh3p5H6cJ,192,192,0.0,[1814665419]
V_vEOLz-VvDvsJC4jk5JR,Jahu5bHSRsdCyh3p5H6cJ,190,192,117.06575927290262,"[262336905, 274589372, 1814665419]"
_RCpDqcLlmzJHSPPy8bli,Jahu5bHSRsdCyh3p5H6cJ,192,192,0.0,[1814665419]
bAytab6a3g8pFmPeUQC1L,Jahu5bHSRsdCyh3p5H6cJ,161,157,309.06104616481326,"[6838199891, 6838199908, 6838199905, 6906702761]"
edXbrlxHb468dADNBXJ2G,Jahu5bHSRsdCyh3p5H6cJ,216,219,308.5375535809871,"[6985079820, 339081311, 7048869158, 527831696, 8442698477, 6985153417]"
hMo27Nx4A3lFCdh0tNdmf,Jahu5bHSRsdCyh3p5H6cJ,159,157,109.20358881644384,"[6906702773, 6968597415, 6976216292, 6976216291, 6906702761]"
lbr0LeYaqC-PO2eSd5dsH,Jahu5bHSRsdCyh3p5H6cJ,189,195,198.9339859709625,"[6446573515, 276659249, 1885931733, 6818143503, 276659446, 1892904326]"
nd53PomhCqmjY7ykLQy83,Jahu5bHSRsdCyh3p5H6cJ,79,78,143.028829084899,"[3879996652, 5503106645, 5503106644, 6992201151]"
ruQq1su0J7bVhBjmIi2kw,Jahu5bHSRsdCyh3p5H6cJ,195,195,0.0,[1892904326]
xkITynYnba-VdPTlpu5kL,Jahu5bHSRsdCyh3p5H6cJ,219,219,0.0,[6985153417]
2z926Q9o3YtgjyoxtMW1d,Jahu5bHSRsdCyh3p5H6cJ,425,195,0.0,[1892904326]
5NjpP8xmvr1-OYnw7E5Jn,Jahu5bHSRsdCyh3p5H6cJ,258,195,0.0,[1892904326]
8ExRMTw-r4JAqxk8WGljD,Jahu5bHSRsdCyh3p5H6cJ,269,164,258.9675114226784,"[6820743471, 6818071295, 8442254840, 6818071294, 10970226966, 10970226974, 12294249715, 10970226972, 6950726138, 6838199963]"
DKfQEdGZMwRbkHDkrwcPx,Jahu5bHSRsdCyh3p5H6cJ,54,195,172.0613700674482,"[6943200496, 276659249, 1885931733, 6818143503, 276659446, 1892904326]"
E14B9x9RNkVqAHJvJBYqa,Jahu5bHSRsdCyh3p5H6cJ,260,195,0.0,[1892904326]
EWmI2x176BtYHecDIWm2H,Jahu5bHSRsdCyh3p5H6cJ,89,156,0.0,[6968555662]
E_oc6kDbFdlvVaZssBQex,Jahu5bHSRsdCyh3p5H6cJ,405,156,248.7970395093795,"[6906702773, 6968597415, 6976216292, 6976216291, 6838199945, 6968597393, 6968555662]"
NwvVKB38LtB63C0PtEo-i,Jahu5bHSRsdCyh3p5H6cJ,425,230,0.0,[6952038537]
dC4CWsX_TbK9g5r1kzt4S,Jahu5bHSRsdCyh3p5H6cJ,48,80,528.1542977656857,"[6947834641, 6947834652, 6950701610, 6950701510, 6950701618, 6950701584, 6950701583, 6123228790, 6950701628, 4168310070, 6485810773, 5672090625, 5503106644, 5503106645, 3879996652]"
jmLM1TsmnRPlkOtGUD0nu,Jahu5bHSRsdCyh3p5H6cJ,85,182,12.670053350258444,"[3883555026, 260754134]"
kdziSzfhBj4JiBeVoloxo,Jahu5bHSRsdCyh3p5H6cJ,344,195,70.91761918018832,"[1892904334, 4323956583, 1892904326]"
o8mSXE7IgJWToUsU4NnFr,Jahu5bHSRsdCyh3p5H6cJ,277,192,0.0,[1814665419]
oepuTc06iN5U0ZwjmqZIj,Jahu5bHSRsdCyh3p5H6cJ,424,199,180.97182328188137,"[6953678227, 261726784]"
rJNlVBeJYLnin9iUCfQ8_,Jahu5bHSRsdCyh3p5H6cJ,310,195,70.91761918018832,"[1892904334, 4323956583, 1892904326]"
wk7z0bHFULyZrQtvEvO1X,Jahu5bHSRsdCyh3p5H6cJ,360,156,227.3051699340636,"[6521042214, 6968555684, 6521042215, 6968597386, 6968597385, 6976216305, 6838118108, 6968555662]"
xg6X_6yI3-x6agQaIKy0r,Jahu5bHSRsdCyh3p5H6cJ,309,192,117.06575927290262,"[262336905, 274589372, 1814665419]"
BDGXXpou9Eb38xEVTNUs2,KNOT7t80YXwsfYupjUiTk,120,42,0.0,[1175843806]
CTJ48OMS2Nn2CyW093CBk,KNOT7t80YXwsfYupjUiTk,15,42,0.0,[1175843806]
Rx10-oSKyoIJDvbVd1Py3,KNOT7t80YXwsfYupjUiTk,29,42,0.0,[1175843806]
XQFjzrlmVSDo00hpPwPD9,KNOT7t80YXwsfYupjUiTk,39,42,0.0,[1175843806]
djf-0ENVceYNg5x6O7HGq,KNOT7t80YXwsfYupjUiTk,109,42,0.0,[1175843806]
zwjvZyv-K7qfVyipl6li5,KNOT7t80YXwsfYupjUiTk,2,42,0.0,[1175843806]
0fV-oHdZjqIXEVAq-5E7b,KNOT7t80YXwsfYupjUiTk,360,42,0.0,[1175843806]
50n7_gqFiIrgeNHtVzwF0,KNOT7t80YXwsfYupjUiTk,326,42,0.0,[1175843806]
6Jzbm71jwnmQuuO9P7ngg,KNOT7t80YXwsfYupjUiTk,267,42,0.0,[1175843806]
8CWoTtootKoeWNjoE5oOP,KNOT7t80YXwsfYupjUiTk,326,42,0.0,[1175843806]
I4AY9d0_JCb661dki5jy7,KNOT7t80YXwsfYupjUiTk,425,42,0.0,[1175843806]
T6BRc19d7TrtHQroCLymy,KNOT7t80YXwsfYupjUiTk,192,42,0.0,[1175843806]
XxUPXIlZHVjWT_a7YqhHy,KNOT7t80YXwsfYupjUiTk,426,42,0.0,[1175843806]
_RCpDqcLlmzJHSPPy8bli,KNOT7t80YXwsfYupjUiTk,192,42,0.0,[1175843806]
bAytab6a3g8pFmPeUQC1L,KNOT7t80YXwsfYupjUiTk,161,426,127.83425607963296,"[5594506889, 5594506900, 10989259965, 11381058358, 11381058378]"
cQIW-LxFXCIuxPpIw4MR2,KNOT7t80YXwsfYupjUiTk,296,42,0.0,[1175843806]
dzTiXNOiyKbSpiehbFk-a,KNOT7t80YXwsfYupjUiTk,360,42,0.0,[1175843806]
gboAfb13A28YhAJkt-Pkx,KNOT7t80YXwsfYupjUiTk,400,42,0.0,[1175843806]
lQGthxPF7d3FXnmoZFGLV,KNOT7t80YXwsfYupjUiTk,426,42,0.0,[1175843806]
nd53PomhCqmjY7ykLQy83,KNOT7t80YXwsfYupjUiTk,79,426,127.83425607963296,"[5594506889, 5594506900, 10989259965, 11381058358, 11381058378]"
p2DY4x4NaqXRC1gG9cwiY,KNOT7t80YXwsfYupjUiTk,359,42,0.0,[1175843806]
rff5rfv-fQCJyBaPUiuhB,KNOT7t80YXwsfYupjUiTk,277,426,127.83425607963296,"[5594506889, 5594506900, 10989259965, 11381058358, 11381058378]"
tv4mLSYvBC5Q4aSnL5h83,KNOT7t80YXwsfYupjUiTk,98,426,127.83425607963296,"[5594506889, 5594506900, 10989259965, 11381058358, 11381058378]"
wh9cIxqRBTvvkxeMtkHAi,KNOT7t80YXwsfYupjUiTk,400,42,0.0,[1175843806]
z2W-2EVP76_5pF_4R0HbR,KNOT7t80YXwsfYupjUiTk,360,42,0.0,[1175843806]
2sefONCZ5v5w4bCF1ybYX,LrIznn0Nk3YYvE6SV4NT_,85,86,288.4122237156089,"[6952128713, 6952128699, 6952128710, 6491266231, 4168314394, 12287636104, 5392868396, 5392868419, 5392868394, 6953774176]"
EWmI2x176BtYHecDIWm2H,LrIznn0Nk3YYvE6SV4NT_,89,88,1201.908126207022,"[5392895112, 6989895843, 2578433065, 6989895844, 3143411495, 6485670784, 7014882195, 3143411520, 3143412033, 3143411485, 7014882208, 3143411513, 1128069147, 4168315809, 5672083417, 2578433075, 2578433074, 2578433073, 2578433072, 2578433071, 6485813820, 6486037796, 4168314747, 6485813839, 6486037799, 4168312852, 6486037802, 6485813848, 6486037804, 2565386143, 6486037383]"
I46ZQc9g0OMvTpnnq0RXs,LrIznn0Nk3YYvE6SV4NT_,14,13,451.38473929261045,"[4168314500, 6488174498, 3905955369, 1128069169, 1128069124, 1128069158, 1128069137, 5672083417, 2578433075, 2578433076, 2578433077, 2578433078, 2578433079, 2578433080, 2578433081]"
VqsKdXjc_nTkIE8PZUK7V,LrIznn0Nk3YYvE6SV4NT_,93,88,1084.2270298732979,"[3143411495, 6485670784, 7014882195, 3143411520, 3143412033, 3143411485, 7014882208, 3143411513, 1128069147, 4168315809, 5672083417, 2578433075, 2578433074, 2578433073, 2578433072, 2578433071, 6485813820, 6486037796, 4168314747, 6485813839, 6486037799, 4168312852, 6486037802, 6485813848, 6486037804, 2565386143, 6486037383]"
edXbrlxHb468dADNBXJ2G,LrIznn0Nk3YYvE6SV4NT_,216,219,308.5375535809871,"[6985079820, 339081311, 7048869158, 527831696, 8442698477, 6985153417]"
jmLM1TsmnRPlkOtGUD0nu,LrIznn0Nk3YYvE6SV4NT_,85,86,288.4122237156089,"[6952128713, 6952128699, 6952128710, 6491266231, 4168314394, 12287636104, 5392868396, 5392868419, 5392868394, 6953774176]"
xkITynYnba-VdPTlpu5kL,LrIznn0Nk3YYvE6SV4NT_,219,219,0.0,[6985153417]
2HEouGQcgjyXwlsq69h3S,LrIznn0Nk3YYvE6SV4NT_,300,361,177.45045235544677,"[1886295998, 1888346013, 260758574, 260758565]"
EYuJpRuohnv2M2djd0oRb,LrIznn0Nk3YYvE6SV4NT_,397,361,177.45045235544677,"[1886295998, 1888346013, 260758574, 260758565]"
EqpMMSAPpyyeIs0OPJu7A,LrIznn0Nk3YYvE6SV4NT_,98,361,177.45045235544677,"[1886295998, 1888346013, 260758574, 260758565]"
EvMcmidrqDryWEcBEqdU2,LrIznn0Nk3YYvE6SV4NT_,425,361,177.45045235544677,"[1886295998, 1888346013, 260758574, 260758565]"
NwvVKB38LtB63C0PtEo-i,LrIznn0Nk3YYvE6SV4NT_,425,230,0.0,[6952038537]
QcjXCusjL37XD0vtFPM_z,LrIznn0Nk3YYvE6SV4NT_,269,361,177.45045235544677,"[1886295998, 1888346013, 260758574, 260758565]"
V-tNyPwMd_7j2AAdXrBPe,LrIznn0Nk3YYvE6SV4NT_,278,361,177.45045235544677,"[1886295998, 1888346013, 260758574, 260758565]"
W1YoMQsS8c1ZcZdd_AJ4R,LrIznn0Nk3YYvE6SV4NT_,122,86,161.07761433804978,"[6966026052, 6966026040, 6966026038, 6966026042, 6966026049, 6966026051, 6953774176]"
d591FuxnMulU7vr6uNxrB,LrIznn0Nk3YYvE6SV4NT_,351,137,0.0,[339079953]
djf-0ENVceYNg5x6O7HGq,LrIznn0Nk3YYvE6SV4NT_,109,361,177.45045235544677,"[1886295998, 1888346013, 260758574, 260758565]"
eW27jXPyPLkZFOoF5g9lr,LrIznn0Nk3YYvE6SV4NT_,433,361,177.45045235544677,"[1886295998, 1888346013, 260758574, 260758565]"
nl0Bhq5jfJUhmpghbnEaV,LrIznn0Nk3YYvE6SV4NT_,48,403,200.39523585404226,"[5720425342, 260758120, 6984479411]"
oepuTc06iN5U0ZwjmqZIj,LrIznn0Nk3YYvE6SV4NT_,424,199,180.97182328188137,"[6953678227, 261726784]"
ujMXATExhhRj9qgxcopKv,LrIznn0Nk3YYvE6SV4NT_,362,88,0.0,[6486037383]
w5lnA7aOkl9RbW6RzoEdG,LrIznn0Nk3YYvE6SV4NT_,416,361,177.45045235544677,"[1886295998, 1888346013, 260758574, 260758565]"
yX2mhzfbx4_bbd2DANmLp,LrIznn0Nk3YYvE6SV4NT_,135,86,161.07761433804978,"[6966026052, 6966026040, 6966026038, 6966026042, 6966026049, 6966026051, 6953774176]"
E_oc6kDbFdlvVaZssBQex,NwvVKB38LtB63C0PtEo-i,405,405,0.0,[7927564332]
oepuTc06iN5U0ZwjmqZIj,NwvVKB38LtB63C0PtEo-i,424,424,0.0,[4323950582]
RSdPdtwiGzlvedMSUpA36,O-PLpyiKLXCmTOTN2ykl2,322,320,95.22941216507145,"[2712663257, 2712663262, 2712663239]"
o8mSXE7IgJWToUsU4NnFr,O-PLpyiKLXCmTOTN2ykl2,277,192,0.0,[1814665419]
oepuTc06iN5U0ZwjmqZIj,O-PLpyiKLXCmTOTN2ykl2,424,224,0.0,[6953678227]
xg6X_6yI3-x6agQaIKy0r,O-PLpyiKLXCmTOTN2ykl2,309,192,117.06575927290262,"[262336905, 274589372, 1814665419]"
xkITynYnba-VdPTlpu5kL,O-PLpyiKLXCmTOTN2ykl2,219,192,0.0,[1814665419]
6Jzbm71jwnmQuuO9P7ngg,QKCnSGkAqgRmQ4fUeYRP-,267,446,7.164392097924643,"[6487838617, 7013565754]"
8ExRMTw-r4JAqxk8WGljD,QKCnSGkAqgRmQ4fUeYRP-,269,446,96.0018037597744,"[7028411712, 7028411711, 7013565754]"
QcjXCusjL37XD0vtFPM_z,QKCnSGkAqgRmQ4fUeYRP-,269,446,96.0018037597744,"[7028411712, 7028411711, 7013565754]"
V-tNyPwMd_7j2AAdXrBPe,QKCnSGkAqgRmQ4fUeYRP-,278,278,0.0,[7015017018]
dpTyJ7ihIOXu0gGo2F3iz,QKCnSGkAqgRmQ4fUeYRP-,277,278,0.0,[7015017018]
fB7NaX7GmaEe7N8SDajYa,QKCnSGkAqgRmQ4fUeYRP-,277,278,0.0,[7015017018]
ndixtJMAJzaQiITLSzYz_,QKCnSGkAqgRmQ4fUeYRP-,267,446,7.164392097924643,"[6487838617, 7013565754]"
o7ehON1F_k7JHoHJOQYGh,QKCnSGkAqgRmQ4fUeYRP-,267,446,7.164392097924643,"[6487838617, 7013565754]"
o8mSXE7IgJWToUsU4NnFr,QKCnSGkAqgRmQ4fUeYRP-,277,278,0.0,[7015017018]
q-9QC-QKVmhqbVh9htKhg,QKCnSGkAqgRmQ4fUeYRP-,447,446,147.1495659245697,"[12843506658, 7028411711, 7013565754]"
rff5rfv-fQCJyBaPUiuhB,QKCnSGkAqgRmQ4fUeYRP-,277,278,0.0,[7015017018]
TPxz_LmHA0qyDz7QFLo1e,QKCnSGkAqgRmQ4fUeYRP-,280,305,0.0,[5392019578]
llujnjcOUaGBRa_Jecss3,QKCnSGkAqgRmQ4fUeYRP-,279,305,0.0,[5392019578]
uZVFCkC8Mu4Badqh_vUBE,QKCnSGkAqgRmQ4fUeYRP-,260,278,427.71917523594124,"[1128478568, 1128477650, 1128476537, 7029035469, 4168310134, 339079529, 6984376042, 7015017018]"
vToQ2sD35oGmngQzvKN9j,QKCnSGkAqgRmQ4fUeYRP-,83,305,0.0,[5392019578]
-Z1R0bmP-3IQrktLaw1-i,QcjXCusjL37XD0vtFPM_z,301,301,0.0,[7043828811]
0fV-oHdZjqIXEVAq-5E7b,QcjXCusjL37XD0vtFPM_z,360,359,349.74068937636184,"[1886295269, 10562355384, 5727317783, 4323952889, 4781919525, 4781919524, 260758574, 1888346013, 1886295998]"
2HEouGQcgjyXwlsq69h3S,QcjXCusjL37XD0vtFPM_z,300,298,249.80652235647767,"[9414993322, 7014712781, 7043828810, 9414993328, 7023732362, 7023732364, 7023732365]"
3I93k-8Viq6W8QFXbpmUU,QcjXCusjL37XD0vtFPM_z,362,359,174.1628211676752,"[260758678, 1888346077, 1888346018, 1888346013, 1886295998]"
4xf9KaKYJRkSlWjtAzeER,QcjXCusjL37XD0vtFPM_z,305,304,0.0,[5392019578]
6Jzbm71jwnmQuuO9P7ngg,QcjXCusjL37XD0vtFPM_z,267,267,0.0,[6487838617]
8ExRMTw-r4JAqxk8WGljD,QcjXCusjL37XD0vtFPM_z,269,267,90.54609686696702,"[7028411712, 6487838617]"
8NzGmmMDzhEhQEXbQjJTl,QcjXCusjL37XD0vtFPM_z,362,359,174.1628211676752,"[260758678, 1888346077, 1888346018, 1888346013, 1886295998]"
D7IwqxPBMcEQiGv3sjC3s,QcjXCusjL37XD0vtFPM_z,305,304,0.0,[5392019578]
E_oc6kDbFdlvVaZssBQex,QcjXCusjL37XD0vtFPM_z,405,405,0.0,[7927564332]
LrIznn0Nk3YYvE6SV4NT_,QcjXCusjL37XD0vtFPM_z,361,359,177.45045235544677,"[260758565, 260758574, 1888346013, 1886295998]"
QKCnSGkAqgRmQ4fUeYRP-,QcjXCusjL37XD0vtFPM_z,305,304,0.0,[5392019578]
SqToUMEw-z1wSe52v0JGh,QcjXCusjL37XD0vtFPM_z,362,359,174.1628211676752,"[260758678, 1888346077, 1888346018, 1888346013, 1886295998]"
aeeOOe3-Dtz86MK-Ltc0F,QcjXCusjL37XD0vtFPM_z,305,304,0.0,[5392019578]
cQIW-LxFXCIuxPpIw4MR2,QcjXCusjL37XD0vtFPM_z,296,296,0.0,[5392019571]
dzTiXNOiyKbSpiehbFk-a,QcjXCusjL37XD0vtFPM_z,360,359,349.74068937636184,"[1886295269, 10562355384, 5727317783, 4323952889, 4781919525, 4781919524, 260758574, 1888346013, 1886295998]"
ndixtJMAJzaQiITLSzYz_,QcjXCusjL37XD0vtFPM_z,267,267,0.0,[6487838617]
o7ehON1F_k7JHoHJOQYGh,QcjXCusjL37XD0vtFPM_z,267,267,0.0,[6487838617]
oepuTc06iN5U0ZwjmqZIj,QcjXCusjL37XD0vtFPM_z,424,424,0.0,[4323950582]
p2DY4x4NaqXRC1gG9cwiY,QcjXCusjL37XD0vtFPM_z,359,359,0.0,[1886295998]
pIaHBI4j1KA7mIDUenoKC,QcjXCusjL37XD0vtFPM_z,360,359,349.74068937636184,"[1886295269, 10562355384, 5727317783, 4323952889, 4781919525, 4781919524, 260758574, 1888346013, 1886295998]"
q-9QC-QKVmhqbVh9htKhg,QcjXCusjL37XD0vtFPM_z,447,267,152.82610556750262,"[12843506658, 7028411711, 7028411712, 6487838617]"
ujMXATExhhRj9qgxcopKv,QcjXCusjL37XD0vtFPM_z,362,359,174.1628211676752,"[260758678, 1888346077, 1888346018, 1888346013, 1886295998]"
wk7z0bHFULyZrQtvEvO1X,QcjXCusjL37XD0vtFPM_z,360,359,349.74068937636184,"[1886295269, 10562355384, 5727317783, 4323952889, 4781919525, 4781919524, 260758574, 1888346013, 1886295998]"
z2W-2EVP76_5pF_4R0HbR,QcjXCusjL37XD0vtFPM_z,360,359,349.74068937636184,"[1886295269, 10562355384, 5727317783, 4323952889, 4781919525, 4781919524, 260758574, 1888346013, 1886295998]"
1Ctgvye_a8bTjvozOsfEX,QcjXCusjL37XD0vtFPM_z,177,301,1993.1691896509014,"[317908405, 7041564226, 9368718200, 4168311512, 9368774130, 5392019578, 7113581386, 7113581387, 7113581389, 7113581393, 7023732365, 7023732364, 7023732362, 9414993328, 7043828810, 7043828811]"
2sefONCZ5v5w4bCF1ybYX,QcjXCusjL37XD0vtFPM_z,85,359,0.0,[1886295998]
2vubw4wDlR7h4SuBBiS6p,QcjXCusjL37XD0vtFPM_z,425,301,0.0,[7043828811]
CTJ48OMS2Nn2CyW093CBk,QcjXCusjL37XD0vtFPM_z,15,301,0.0,[7043828811]
DaGuT_I6g5QpO40EcF4u7,QcjXCusjL37XD0vtFPM_z,419,301,81.24395009563578,"[9359493413, 7043828816, 7043828811]"
EYuJpRuohnv2M2djd0oRb,QcjXCusjL37XD0vtFPM_z,397,359,0.0,[1886295998]
EqpMMSAPpyyeIs0OPJu7A,QcjXCusjL37XD0vtFPM_z,98,359,0.0,[1886295998]
EvMcmidrqDryWEcBEqdU2,QcjXCusjL37XD0vtFPM_z,425,359,0.0,[1886295998]
FaHumA7HIyjyuC7E4M1jZ,QcjXCusjL37XD0vtFPM_z,189,301,1993.1691896509014,"[317908405, 7041564226, 9368718200, 4168311512, 9368774130, 5392019578, 7113581386, 7113581387, 7113581389, 7113581393, 7023732365, 7023732364, 7023732362, 9414993328, 7043828810, 7043828811]"
RSdPdtwiGzlvedMSUpA36,QcjXCusjL37XD0vtFPM_z,322,296,1792.7267033132398,"[6485868051, 7011812107, 6485857211, 6486022036, 7014739939, 6485857224, 7011812106, 6485857238, 6485868050, 6977240809, 6977240799, 8482032648, 2578743473, 7043828811, 7043828810, 9414993328, 7023732362, 7023732364, 5392019571]"
TPxz_LmHA0qyDz7QFLo1e,QcjXCusjL37XD0vtFPM_z,280,304,0.0,[5392019578]
V-tNyPwMd_7j2AAdXrBPe,QcjXCusjL37XD0vtFPM_z,278,359,0.0,[1886295998]
VqsKdXjc_nTkIE8PZUK7V,QcjXCusjL37XD0vtFPM_z,93,359,0.0,[1886295998]
djf-0ENVceYNg5x6O7HGq,QcjXCusjL37XD0vtFPM_z,109,359,0.0,[1886295998]
eW27jXPyPLkZFOoF5g9lr,QcjXCusjL37XD0vtFPM_z,433,359,0.0,[1886295998]
hx4EeoLjM7NJfnYrVfGvk,QcjXCusjL37XD0vtFPM_z,180,301,1993.1691896509014,"[317908405, 7041564226, 9368718200, 4168311512, 9368774130, 5392019578, 7113581386, 7113581387, 7113581389, 7113581393, 7023732365, 7023732364, 7023732362, 9414993328, 7043828810, 7043828811]"
llujnjcOUaGBRa_Jecss3,QcjXCusjL37XD0vtFPM_z,279,304,0.0,[5392019578]
nl0Bhq5jfJUhmpghbnEaV,QcjXCusjL37XD0vtFPM_z,48,402,0.0,[5720425342]
tMb6GY09D_zaob3QQV8vM,QcjXCusjL37XD0vtFPM_z,179,301,1993.1691896509014,"[317908405, 7041564226, 9368718200, 4168311512, 9368774130, 5392019578, 7113581386, 7113581387, 7113581389, 7113581393, 7023732365, 7023732364, 7023732362, 9414993328, 7043828810, 7043828811]"
vToQ2sD35oGmngQzvKN9j,QcjXCusjL37XD0vtFPM_z,83,304,0.0,[5392019578]
w5lnA7aOkl9RbW6RzoEdG,QcjXCusjL37XD0vtFPM_z,416,359,0.0,[1886295998]
2HEouGQcgjyXwlsq69h3S,RSdPdtwiGzlvedMSUpA36,300,299,1435.3456329605206,"[9414993322, 7014712781, 7043828816, 7043828811, 2578743473, 8482032648, 6977240799, 6977240809, 6485868050, 6485857238, 7011812106, 6485857224, 7014739939, 6486022036, 6485857211, 7011812107, 6485868051]"
cQIW-LxFXCIuxPpIw4MR2,RSdPdtwiGzlvedMSUpA36,296,297,0.0,[5392019571]
kdziSzfhBj4JiBeVoloxo,RSdPdtwiGzlvedMSUpA36,344,343,1168.191111904095,"[6480742784, 5363987373, 2931849141, 2931847942, 1893395986, 7193205988, 5486718690, 4166054595, 7005628858, 8429014245, 8429014241]"
O-PLpyiKLXCmTOTN2ykl2,RSdPdtwiGzlvedMSUpA36,192,322,95.22941216507145,"[2712663239, 2712663262, 2712663257]"
gboAfb13A28YhAJkt-Pkx,Rx10-oSKyoIJDvbVd1Py3,400,401,72.3852953192777,"[2430596313, 6942677612, 6942677611]"
wh9cIxqRBTvvkxeMtkHAi,Rx10-oSKyoIJDvbVd1Py3,400,401,72.3852953192777,"[2430596313, 6942677612, 6942677611]"
0fV-oHdZjqIXEVAq-5E7b,Rx10-oSKyoIJDvbVd1Py3,360,29,0.0,[1175843806]
50n7_gqFiIrgeNHtVzwF0,Rx10-oSKyoIJDvbVd1Py3,326,29,0.0,[1175843806]
6Jzbm71jwnmQuuO9P7ngg,Rx10-oSKyoIJDvbVd1Py3,267,29,0.0,[1175843806]
8CWoTtootKoeWNjoE5oOP,Rx10-oSKyoIJDvbVd1Py3,326,29,0.0,[1175843806]
BDGXXpou9Eb38xEVTNUs2,Rx10-oSKyoIJDvbVd1Py3,120,29,0.0,[1175843806]
I4AY9d0_JCb661dki5jy7,Rx10-oSKyoIJDvbVd1Py3,425,29,0.0,[1175843806]
KNOT7t80YXwsfYupjUiTk,Rx10-oSKyoIJDvbVd1Py3,426,29,0.0,[1175843806]
T6BRc19d7TrtHQroCLymy,Rx10-oSKyoIJDvbVd1Py3,192,29,0.0,[1175843806]
XQFjzrlmVSDo00hpPwPD9,Rx10-oSKyoIJDvbVd1Py3,39,29,0.0,[1175843806]
XxUPXIlZHVjWT_a7YqhHy,Rx10-oSKyoIJDvbVd1Py3,426,29,0.0,[1175843806]
_RCpDqcLlmzJHSPPy8bli,Rx10-oSKyoIJDvbVd1Py3,192,29,0.0,[1175843806]
cQIW-LxFXCIuxPpIw4MR2,Rx10-oSKyoIJDvbVd1Py3,296,29,0.0,[1175843806]
dzTiXNOiyKbSpiehbFk-a,Rx10-oSKyoIJDvbVd1Py3,360,29,0.0,[1175843806]
lQGthxPF7d3FXnmoZFGLV,Rx10-oSKyoIJDvbVd1Py3,426,29,0.0,[1175843806]
p2DY4x4NaqXRC1gG9cwiY,Rx10-oSKyoIJDvbVd1Py3,359,29,0.0,[1175843806]
z2W-2EVP76_5pF_4R0HbR,Rx10-oSKyoIJDvbVd1Py3,360,29,0.0,[1175843806]
-Z1R0bmP-3IQrktLaw1-i,SqToUMEw-z1wSe52v0JGh,301,306,81.24395009563578,"[7043828811, 7043828816, 9359493413]"
1Ctgvye_a8bTjvozOsfEX,SqToUMEw-z1wSe52v0JGh,177,175,4316.147965308224,"[6477633140, 6477633141, 6994855668, 6477768986, 6994855614, 6994855615, 6477633142, 6478133669, 9365261066, 6994847763, 5392201252, 6994855498, 6994847782, 6994855550, 6994855519, 6994855509, 6994855541, 6994855543, 7041564218, 7041564204, 7041564217, 7041564201, 7041564214, 7041564195, 6488715717, 6488715716, 7041564194, 9368774140, 7041564231, 7113581386, 5392019578, 6485868051, 7011812107, 6485857211, 6486022036, 7014739939, 6485857224, 7011812106, 6485857238, 6485868050, 6977240809, 6977240801, 6977240658, 6977240803, 6966913944, 6984393495, 6984393497, 6984393496, 6984393502]"
2HEouGQcgjyXwlsq69h3S,SqToUMEw-z1wSe52v0JGh,300,306,158.20503218191382,"[9414993322, 9414993319, 9359493415, 9359493410, 9359493413]"
DKfQEdGZMwRbkHDkrwcPx,SqToUMEw-z1wSe52v0JGh,54,55,8.794603919653644,"[6110752372, 1837555638]"
S8t0ygpYGRBLHfPC3bjJm,SqToUMEw-z1wSe52v0JGh,175,175,0.0,[6984393502]
dC4CWsX_TbK9g5r1kzt4S,SqToUMEw-z1wSe52v0JGh,48,49,0.0,[4166035500]
lgA0Qn219kk386RQHCTQ7,SqToUMEw-z1wSe52v0JGh,309,308,39.74225946196395,"[1128479568, 1128480646, 1128480896]"
nl0Bhq5jfJUhmpghbnEaV,SqToUMEw-z1wSe52v0JGh,48,49,0.0,[4166035500]
rJNlVBeJYLnin9iUCfQ8_,SqToUMEw-z1wSe52v0JGh,310,311,7073.199279577371,"[5275557217, 5275557215, 7024929183, 4168313501, 5275562259, 2931849331, 6987269618, 6987269469, 6987269617, 6987269612, 6509162803, 6509215362, 4168310167, 2931849332, 6987907732, 2931849112, 1888684893, 6987907726, 6987907721, 6988399134, 6478052813, 6987556268, 6988399137, 6477687433, 6478017427, 6478017439, 6478017430, 6478017443, 6478017444, 6478017447, 6477911584, 6477757553, 6477757550, 6478052812, 4166053311, 6988399160, 6477911885, 4166053094, 4166053457, 2931847945, 2931849315, 6990986538, 6480520226, 6990986539, 4166047116, 6990986540, 4166054367, 4166054933, 6990986541, 4166054887, 4166048665, 5559108711, 1888684962, 6977163493, 6977163293, 7116265902, 6977163252, 6480742763, 6977163255, 6977163226, 6977163229, 6977163231, 6977163254, 6977163233, 6977163253, 6977137680, 6977163196, 6977163203, 6977163538, 4166053418, 6977163034, 2931847942, 1893395986, 8011331307, 8011331436, 8429004270, 8429004273, 8011331421, 8011331435, 7928645037, 7928645036, 7928660351, 8011331170]"
xg6X_6yI3-x6agQaIKy0r,SqToUMEw-z1wSe52v0JGh,309,308,39.74225946196395,"[1128479568, 1128480646, 1128480896]"
2sefONCZ5v5w4bCF1ybYX,SqToUMEw-z1wSe52v0JGh,85,362,174.16282116767522,"[1886295998, 1888346013, 1888346018, 1888346077, 260758678]"
2vubw4wDlR7h4SuBBiS6p,SqToUMEw-z1wSe52v0JGh,425,306,81.24395009563578,"[7043828811, 7043828816, 9359493413]"
7vCDYOyx9Gj6RZuCS5Igi,SqToUMEw-z1wSe52v0JGh,156,49,0.0,[4166035500]
CTJ48OMS2Nn2CyW093CBk,SqToUMEw-z1wSe52v0JGh,15,306,81.24395009563578,"[7043828811, 7043828816, 9359493413]"
DaGuT_I6g5QpO40EcF4u7,SqToUMEw-z1wSe52v0JGh,419,306,0.0,[9359493413]
EYuJpRuohnv2M2djd0oRb,SqToUMEw-z1wSe52v0JGh,397,362,174.16282116767522,"[1886295998, 1888346013, 1888346018, 1888346077, 260758678]"
EqpMMSAPpyyeIs0OPJu7A,SqToUMEw-z1wSe52v0JGh,98,362,174.16282116767522,"[1886295998, 1888346013, 1888346018, 1888346077, 260758678]"
EvMcmidrqDryWEcBEqdU2,SqToUMEw-z1wSe52v0JGh,425,362,174.16282116767522,"[1886295998, 1888346013, 1888346018, 1888346077, 260758678]"
FaHumA7HIyjyuC7E4M1jZ,SqToUMEw-z1wSe52v0JGh,189,306,2013.0140755243526,"[317908405, 7041564226, 9368718200, 4168311512, 9368774130, 5392019578, 7113581386, 7113581387, 7113581389, 7113581393, 7023732365, 7023732364, 7023732362, 9414993328, 7043828810, 7014712781, 9414993322, 9414993319, 9359493415, 9359493410, 9359493413]"
QcjXCusjL37XD0vtFPM_z,SqToUMEw-z1wSe52v0JGh,269,362,174.16282116767522,"[1886295998, 1888346013, 1888346018, 1888346077, 260758678]"
V-tNyPwMd_7j2AAdXrBPe,SqToUMEw-z1wSe52v0JGh,278,362,174.16282116767522,"[1886295998, 1888346013, 1888346018, 1888346077, 260758678]"
VqsKdXjc_nTkIE8PZUK7V,SqToUMEw-z1wSe52v0JGh,93,362,174.16282116767522,"[1886295998, 1888346013, 1888346018, 1888346077, 260758678]"
djf-0ENVceYNg5x6O7HGq,SqToUMEw-z1wSe52v0JGh,109,362,174.16282116767522,"[1886295998, 1888346013, 1888346018, 1888346077, 260758678]"
eW27jXPyPLkZFOoF5g9lr,SqToUMEw-z1wSe52v0JGh,433,362,174.16282116767522,"[1886295998, 1888346013, 1888346018, 1888346077, 260758678]"
hMo27Nx4A3lFCdh0tNdmf,SqToUMEw-z1wSe52v0JGh,159,49,0.0,[4166035500]
hx4EeoLjM7NJfnYrVfGvk,SqToUMEw-z1wSe52v0JGh,180,306,2013.0140755243526,"[317908405, 7041564226, 9368718200, 4168311512, 9368774130, 5392019578, 7113581386, 7113581387, 7113581389, 7113581393, 7023732365, 7023732364, 7023732362, 9414993328, 7043828810, 7014712781, 9414993322, 9414993319, 9359493415, 9359493410, 9359493413]"
tMb6GY09D_zaob3QQV8vM,SqToUMEw-z1wSe52v0JGh,179,306,2013.0140755243526,"[317908405, 7041564226, 9368718200, 4168311512, 9368774130, 5392019578, 7113581386, 7113581387, 7113581389, 7113581393, 7023732365, 7023732364, 7023732362, 9414993328, 7043828810, 7014712781, 9414993322, 9414993319, 9359493415, 9359493410, 9359493413]"
w5lnA7aOkl9RbW6RzoEdG,SqToUMEw-z1wSe52v0JGh,416,362,174.16282116767522,"[1886295998, 1888346013, 1888346018, 1888346077, 260758678]"
BDGXXpou9Eb38xEVTNUs2,T6BRc19d7TrtHQroCLymy,120,35,0.0,[1175843806]
CTJ48OMS2Nn2CyW093CBk,T6BRc19d7TrtHQroCLymy,15,35,0.0,[1175843806]
E_oc6kDbFdlvVaZssBQex,T6BRc19d7TrtHQroCLymy,405,404,0.0,[7927564332]
KNOT7t80YXwsfYupjUiTk,T6BRc19d7TrtHQroCLymy,426,428,127.83425607963296,"[11381058378, 11381058358, 10989259965, 5594506900, 5594506889]"
Rx10-oSKyoIJDvbVd1Py3,T6BRc19d7TrtHQroCLymy,29,35,0.0,[1175843806]
XQFjzrlmVSDo00hpPwPD9,T6BRc19d7TrtHQroCLymy,39,35,0.0,[1175843806]
XxUPXIlZHVjWT_a7YqhHy,T6BRc19d7TrtHQroCLymy,426,428,127.83425607963296,"[11381058378, 11381058358, 10989259965, 5594506900, 5594506889]"
d1tk5YD606wPnGF4CLm4i,T6BRc19d7TrtHQroCLymy,427,428,140.34669742250887,"[4323948369, 11381058378, 11381058358, 10989259965, 5594506900, 5594506889]"
djf-0ENVceYNg5x6O7HGq,T6BRc19d7TrtHQroCLymy,109,35,0.0,[1175843806]
lQGthxPF7d3FXnmoZFGLV,T6BRc19d7TrtHQroCLymy,426,428,127.83425607963296,"[11381058378, 11381058358, 10989259965, 5594506900, 5594506889]"
oepuTc06iN5U0ZwjmqZIj,T6BRc19d7TrtHQroCLymy,424,423,0.0,[4323950582]
zwjvZyv-K7qfVyipl6li5,T6BRc19d7TrtHQroCLymy,2,35,0.0,[1175843806]
0fV-oHdZjqIXEVAq-5E7b,T6BRc19d7TrtHQroCLymy,360,35,0.0,[1175843806]
50n7_gqFiIrgeNHtVzwF0,T6BRc19d7TrtHQroCLymy,326,35,0.0,[1175843806]
6Jzbm71jwnmQuuO9P7ngg,T6BRc19d7TrtHQroCLymy,267,35,0.0,[1175843806]
8CWoTtootKoeWNjoE5oOP,T6BRc19d7TrtHQroCLymy,326,35,0.0,[1175843806]
I4AY9d0_JCb661dki5jy7,T6BRc19d7TrtHQroCLymy,425,35,0.0,[1175843806]
_RCpDqcLlmzJHSPPy8bli,T6BRc19d7TrtHQroCLymy,192,35,0.0,[1175843806]
bAytab6a3g8pFmPeUQC1L,T6BRc19d7TrtHQroCLymy,161,428,0.0,[5594506889]
cQIW-LxFXCIuxPpIw4MR2,T6BRc19d7TrtHQroCLymy,296,35,0.0,[1175843806]
dzTiXNOiyKbSpiehbFk-a,T6BRc19d7TrtHQroCLymy,360,35,0.0,[1175843806]
gboAfb13A28YhAJkt-Pkx,T6BRc19d7TrtHQroCLymy,400,35,0.0,[1175843806]
nd53PomhCqmjY7ykLQy83,T6BRc19d7TrtHQroCLymy,79,428,0.0,[5594506889]
o8mSXE7IgJWToUsU4NnFr,T6BRc19d7TrtHQroCLymy,277,192,0.0,[1814665419]
p2DY4x4NaqXRC1gG9cwiY,T6BRc19d7TrtHQroCLymy,359,35,0.0,[1175843806]
rff5rfv-fQCJyBaPUiuhB,T6BRc19d7TrtHQroCLymy,277,428,0.0,[5594506889]
tv4mLSYvBC5Q4aSnL5h83,T6BRc19d7TrtHQroCLymy,98,428,0.0,[5594506889]
wh9cIxqRBTvvkxeMtkHAi,T6BRc19d7TrtHQroCLymy,400,35,0.0,[1175843806]
xg6X_6yI3-x6agQaIKy0r,T6BRc19d7TrtHQroCLymy,309,192,117.06575927290262,"[262336905, 274589372, 1814665419]"
xkITynYnba-VdPTlpu5kL,T6BRc19d7TrtHQroCLymy,219,192,0.0,[1814665419]
z2W-2EVP76_5pF_4R0HbR,T6BRc19d7TrtHQroCLymy,360,35,0.0,[1175843806]
-Z1R0bmP-3IQrktLaw1-i,T7uwVnYTnWKajNK7K5gyj,301,307,1993.1691896509012,"[7043828811, 7043828810, 9414993328, 7023732362, 7023732364, 7023732365, 7113581393, 7113581389, 7113581387, 7113581386, 5392019578, 9368774130, 4168311512, 9368718200, 7041564226, 317908405]"
1Ctgvye_a8bTjvozOsfEX,T7uwVnYTnWKajNK7K5gyj,177,177,0.0,[6477633140]
2HEouGQcgjyXwlsq69h3S,T7uwVnYTnWKajNK7K5gyj,300,307,1854.8090433424386,"[9414993322, 7014712781, 7043828810, 9414993328, 7023732362, 7023732364, 7023732365, 7113581393, 7113581389, 7113581387, 7113581386, 5392019578, 9368774130, 4168311512, 9368718200, 7041564226, 317908405]"
9Ge1SSHI5IgHaGIK61A7q,T7uwVnYTnWKajNK7K5gyj,294,294,0.0,[7023216770]
S8t0ygpYGRBLHfPC3bjJm,T7uwVnYTnWKajNK7K5gyj,175,177,4316.147965308224,"[6984393502, 6984393496, 6984393497, 6984393495, 6966913944, 6977240803, 6977240658, 6977240801, 6977240809, 6485868050, 6485857238, 7011812106, 6485857224, 7014739939, 6486022036, 6485857211, 7011812107, 6485868051, 5392019578, 7113581386, 7041564231, 9368774140, 7041564194, 6488715716, 6488715717, 7041564195, 7041564214, 7041564201, 7041564217, 7041564204, 7041564218, 6994855543, 6994855541, 6994855509, 6994855519, 6994855550, 6994847782, 6994855498, 5392201252, 6994847763, 9365261066, 6478133669, 6477633142, 6994855615, 6994855614, 6477768986, 6994855668, 6477633141, 6477633140]"
2vubw4wDlR7h4SuBBiS6p,T7uwVnYTnWKajNK7K5gyj,425,307,1993.1691896509012,"[7043828811, 7043828810, 9414993328, 7023732362, 7023732364, 7023732365, 7113581393, 7113581389, 7113581387, 7113581386, 5392019578, 9368774130, 4168311512, 9368718200, 7041564226, 317908405]"
BKzwbCqAolUfyoXfpTwIC,T7uwVnYTnWKajNK7K5gyj,325,290,0.0,[317908436]
CTJ48OMS2Nn2CyW093CBk,T7uwVnYTnWKajNK7K5gyj,15,307,1993.1691896509012,"[7043828811, 7043828810, 9414993328, 7023732362, 7023732364, 7023732365, 7113581393, 7113581389, 7113581387, 7113581386, 5392019578, 9368774130, 4168311512, 9368718200, 7041564226, 317908405]"
DaGuT_I6g5QpO40EcF4u7,T7uwVnYTnWKajNK7K5gyj,419,307,2013.0140755243524,"[9359493413, 9359493410, 9359493415, 9414993319, 9414993322, 7014712781, 7043828810, 9414993328, 7023732362, 7023732364, 7023732365, 7113581393, 7113581389, 7113581387, 7113581386, 5392019578, 9368774130, 4168311512, 9368718200, 7041564226, 317908405]"
FaHumA7HIyjyuC7E4M1jZ,T7uwVnYTnWKajNK7K5gyj,189,307,0.0,[317908405]
hx4EeoLjM7NJfnYrVfGvk,T7uwVnYTnWKajNK7K5gyj,180,307,0.0,[317908405]
o7ehON1F_k7JHoHJOQYGh,T7uwVnYTnWKajNK7K5gyj,267,290,0.0,[317908436]
tMb6GY09D_zaob3QQV8vM,T7uwVnYTnWKajNK7K5gyj,179,307,0.0,[317908405]
4xf9KaKYJRkSlWjtAzeER,TPxz_LmHA0qyDz7QFLo1e,305,304,0.0,[5392019578]
D7IwqxPBMcEQiGv3sjC3s,TPxz_LmHA0qyDz7QFLo1e,305,304,0.0,[5392019578]
QKCnSGkAqgRmQ4fUeYRP-,TPxz_LmHA0qyDz7QFLo1e,305,304,0.0,[5392019578]
aeeOOe3-Dtz86MK-Ltc0F,TPxz_LmHA0qyDz7QFLo1e,305,304,0.0,[5392019578]
llujnjcOUaGBRa_Jecss3,TPxz_LmHA0qyDz7QFLo1e,279,304,0.0,[5392019578]
ndixtJMAJzaQiITLSzYz_,TPxz_LmHA0qyDz7QFLo1e,267,304,0.0,[5392019578]
vToQ2sD35oGmngQzvKN9j,TPxz_LmHA0qyDz7QFLo1e,83,304,0.0,[5392019578]
-Z1R0bmP-3IQrktLaw1-i,V-tNyPwMd_7j2AAdXrBPe,301,301,0.0,[7043828811]
0fV-oHdZjqIXEVAq-5E7b,V-tNyPwMd_7j2AAdXrBPe,360,359,349.74068937636184,"[1886295269, 10562355384, 5727317783, 4323952889, 4781919525, 4781919524, 260758574, 1888346013, 1886295998]"
2HEouGQcgjyXwlsq69h3S,V-tNyPwMd_7j2AAdXrBPe,300,298,249.80652235647767,"[9414993322, 7014712781, 7043828810, 9414993328, 7023732362, 7023732364, 7023732365]"
3I93k-8Viq6W8QFXbpmUU,V-tNyPwMd_7j2AAdXrBPe,362,359,174.1628211676752,"[260758678, 1888346077, 1888346018, 1888346013, 1886295998]"
4xf9KaKYJRkSlWjtAzeER,V-tNyPwMd_7j2AAdXrBPe,305,304,0.0,[5392019578]
8NzGmmMDzhEhQEXbQjJTl,V-tNyPwMd_7j2AAdXrBPe,362,359,174.1628211676752,"[260758678, 1888346077, 1888346018, 1888346013, 1886295998]"
D7IwqxPBMcEQiGv3sjC3s,V-tNyPwMd_7j2AAdXrBPe,305,304,0.0,[5392019578]
E_oc6kDbFdlvVaZssBQex,V-tNyPwMd_7j2AAdXrBPe,405,405,0.0,[7927564332]
LrIznn0Nk3YYvE6SV4NT_,V-tNyPwMd_7j2AAdXrBPe,361,359,177.45045235544677,"[260758565, 260758574, 1888346013, 1886295998]"
QKCnSGkAqgRmQ4fUeYRP-,V-tNyPwMd_7j2AAdXrBPe,305,304,0.0,[5392019578]
SqToUMEw-z1wSe52v0JGh,V-tNyPwMd_7j2AAdXrBPe,362,359,174.1628211676752,"[260758678, 1888346077, 1888346018, 1888346013, 1886295998]"
TPxz_LmHA0qyDz7QFLo1e,V-tNyPwMd_7j2AAdXrBPe,280,279,1738.3370217466745,"[6488486115, 1128092175, 1128091960, 1128092208, 6511710409, 7927561316, 7041539368, 4168313563, 1128478568, 1128477650, 1128476537, 7029035469, 4168310134, 339079529, 7044630380, 4002066933, 8442698387, 7044630377, 7044630378, 8442698359, 7111551009, 7016571657, 9204541535]"
aeeOOe3-Dtz86MK-Ltc0F,V-tNyPwMd_7j2AAdXrBPe,305,304,0.0,[5392019578]
cQIW-LxFXCIuxPpIw4MR2,V-tNyPwMd_7j2AAdXrBPe,296,296,0.0,[5392019571]
dzTiXNOiyKbSpiehbFk-a,V-tNyPwMd_7j2AAdXrBPe,360,359,349.74068937636184,"[1886295269, 10562355384, 5727317783, 4323952889, 4781919525, 4781919524, 260758574, 1888346013, 1886295998]"
eW27jXPyPLkZFOoF5g9lr,V-tNyPwMd_7j2AAdXrBPe,433,433,0.0,[6488733328]
llujnjcOUaGBRa_Jecss3,V-tNyPwMd_7j2AAdXrBPe,279,279,0.0,[9204541535]
oepuTc06iN5U0ZwjmqZIj,V-tNyPwMd_7j2AAdXrBPe,424,424,0.0,[4323950582]
p2DY4x4NaqXRC1gG9cwiY,V-tNyPwMd_7j2AAdXrBPe,359,359,0.0,[1886295998]
pIaHBI4j1KA7mIDUenoKC,V-tNyPwMd_7j2AAdXrBPe,360,359,349.74068937636184,"[1886295269, 10562355384, 5727317783, 4323952889, 4781919525, 4781919524, 260758574, 1888346013, 1886295998]"
ujMXATExhhRj9qgxcopKv,V-tNyPwMd_7j2AAdXrBPe,362,359,174.1628211676752,"[260758678, 1888346077, 1888346018, 1888346013, 1886295998]"
wk7z0bHFULyZrQtvEvO1X,V-tNyPwMd_7j2AAdXrBPe,360,359,349.74068937636184,"[1886295269, 10562355384, 5727317783, 4323952889, 4781919525, 4781919524, 260758574, 1888346013, 1886295998]"
z2W-2EVP76_5pF_4R0HbR,V-tNyPwMd_7j2AAdXrBPe,360,359,349.74068937636184,"[1886295269, 10562355384, 5727317783, 4323952889, 4781919525, 4781919524, 260758574, 1888346013, 1886295998]"
1Ctgvye_a8bTjvozOsfEX,V-tNyPwMd_7j2AAdXrBPe,177,301,1993.1691896509014,"[317908405, 7041564226, 9368718200, 4168311512, 9368774130, 5392019578, 7113581386, 7113581387, 7113581389, 7113581393, 7023732365, 7023732364, 7023732362, 9414993328, 7043828810, 7043828811]"
2sefONCZ5v5w4bCF1ybYX,V-tNyPwMd_7j2AAdXrBPe,85,359,0.0,[1886295998]
2vubw4wDlR7h4SuBBiS6p,V-tNyPwMd_7j2AAdXrBPe,425,301,0.0,[7043828811]
CTJ48OMS2Nn2CyW093CBk,V-tNyPwMd_7j2AAdXrBPe,15,301,0.0,[7043828811]
DaGuT_I6g5QpO40EcF4u7,V-tNyPwMd_7j2AAdXrBPe,419,301,81.24395009563578,"[9359493413, 7043828816, 7043828811]"
EYuJpRuohnv2M2djd0oRb,V-tNyPwMd_7j2AAdXrBPe,397,359,0.0,[1886295998]
EqpMMSAPpyyeIs0OPJu7A,V-tNyPwMd_7j2AAdXrBPe,98,359,0.0,[1886295998]
EvMcmidrqDryWEcBEqdU2,V-tNyPwMd_7j2AAdXrBPe,425,359,0.0,[1886295998]
FaHumA7HIyjyuC7E4M1jZ,V-tNyPwMd_7j2AAdXrBPe,189,301,1993.1691896509014,"[317908405, 7041564226, 9368718200, 4168311512, 9368774130, 5392019578, 7113581386, 7113581387, 7113581389, 7113581393, 7023732365, 7023732364, 7023732362, 9414993328, 7043828810, 7043828811]"
QcjXCusjL37XD0vtFPM_z,V-tNyPwMd_7j2AAdXrBPe,269,359,0.0,[1886295998]
RSdPdtwiGzlvedMSUpA36,V-tNyPwMd_7j2AAdXrBPe,322,296,1792.7267033132398,"[6485868051, 7011812107, 6485857211, 6486022036, 7014739939, 6485857224, 7011812106, 6485857238, 6485868050, 6977240809, 6977240799, 8482032648, 2578743473, 7043828811, 7043828810, 9414993328, 7023732362, 7023732364, 5392019571]"
VqsKdXjc_nTkIE8PZUK7V,V-tNyPwMd_7j2AAdXrBPe,93,359,0.0,[1886295998]
djf-0ENVceYNg5x6O7HGq,V-tNyPwMd_7j2AAdXrBPe,109,359,0.0,[1886295998]
hx4EeoLjM7NJfnYrVfGvk,V-tNyPwMd_7j2AAdXrBPe,180,301,1993.1691896509014,"[317908405, 7041564226, 9368718200, 4168311512, 9368774130, 5392019578, 7113581386, 7113581387, 7113581389, 7113581393, 7023732365, 7023732364, 7023732362, 9414993328, 7043828810, 7043828811]"
ndixtJMAJzaQiITLSzYz_,V-tNyPwMd_7j2AAdXrBPe,267,304,0.0,[5392019578]
nl0Bhq5jfJUhmpghbnEaV,V-tNyPwMd_7j2AAdXrBPe,48,402,0.0,[5720425342]
tMb6GY09D_zaob3QQV8vM,V-tNyPwMd_7j2AAdXrBPe,179,301,1993.1691896509014,"[317908405, 7041564226, 9368718200, 4168311512, 9368774130, 5392019578, 7113581386, 7113581387, 7113581389, 7113581393, 7023732365, 7023732364, 7023732362, 9414993328, 7043828810, 7043828811]"
uZVFCkC8Mu4Badqh_vUBE,V-tNyPwMd_7j2AAdXrBPe,260,278,427.71917523594124,"[1128478568, 1128477650, 1128476537, 7029035469, 4168310134, 339079529, 6984376042, 7015017018]"
vToQ2sD35oGmngQzvKN9j,V-tNyPwMd_7j2AAdXrBPe,83,304,0.0,[5392019578]
w5lnA7aOkl9RbW6RzoEdG,V-tNyPwMd_7j2AAdXrBPe,416,359,0.0,[1886295998]
BDGXXpou9Eb38xEVTNUs2,V_vEOLz-VvDvsJC4jk5JR,120,114,0.0,[1175843806]
CTJ48OMS2Nn2CyW093CBk,V_vEOLz-VvDvsJC4jk5JR,15,114,0.0,[1175843806]
E_oc6kDbFdlvVaZssBQex,V_vEOLz-VvDvsJC4jk5JR,405,404,0.0,[7927564332]
O-PLpyiKLXCmTOTN2ykl2,V_vEOLz-VvDvsJC4jk5JR,192,192,0.0,[1814665419]
Rx10-oSKyoIJDvbVd1Py3,V_vEOLz-VvDvsJC4jk5JR,29,114,0.0,[1175843806]
T6BRc19d7TrtHQroCLymy,V_vEOLz-VvDvsJC4jk5JR,192,192,0.0,[1814665419]
XQFjzrlmVSDo00hpPwPD9,V_vEOLz-VvDvsJC4jk5JR,39,114,0.0,[1175843806]
_RCpDqcLlmzJHSPPy8bli,V_vEOLz-VvDvsJC4jk5JR,192,192,0.0,[1814665419]
djf-0ENVceYNg5x6O7HGq,V_vEOLz-VvDvsJC4jk5JR,109,114,0.0,[1175843806]
oepuTc06iN5U0ZwjmqZIj,V_vEOLz-VvDvsJC4jk5JR,424,423,0.0,[4323950582]
zwjvZyv-K7qfVyipl6li5,V_vEOLz-VvDvsJC4jk5JR,2,114,0.0,[1175843806]
0fV-oHdZjqIXEVAq-5E7b,V_vEOLz-VvDvsJC4jk5JR,360,114,0.0,[1175843806]
50n7_gqFiIrgeNHtVzwF0,V_vEOLz-VvDvsJC4jk5JR,326,114,0.0,[1175843806]
6Jzbm71jwnmQuuO9P7ngg,V_vEOLz-VvDvsJC4jk5JR,267,114,0.0,[1175843806]
8CWoTtootKoeWNjoE5oOP,V_vEOLz-VvDvsJC4jk5JR,326,114,0.0,[1175843806]
I4AY9d0_JCb661dki5jy7,V_vEOLz-VvDvsJC4jk5JR,425,114,0.0,[1175843806]
KNOT7t80YXwsfYupjUiTk,V_vEOLz-VvDvsJC4jk5JR,426,114,0.0,[1175843806]
XxUPXIlZHVjWT_a7YqhHy,V_vEOLz-VvDvsJC4jk5JR,426,114,0.0,[1175843806]
cQIW-LxFXCIuxPpIw4MR2,V_vEOLz-VvDvsJC4jk5JR,296,114,0.0,[1175843806]
dzTiXNOiyKbSpiehbFk-a,V_vEOLz-VvDvsJC4jk5JR,360,114,0.0,[1175843806]
gboAfb13A28YhAJkt-Pkx,V_vEOLz-VvDvsJC4jk5JR,400,114,0.0,[1175843806]
lQGthxPF7d3FXnmoZFGLV,V_vEOLz-VvDvsJC4jk5JR,426,114,0.0,[1175843806]
o8mSXE7IgJWToUsU4NnFr,V_vEOLz-VvDvsJC4jk5JR,277,190,117.06575927290262,"[1814665419, 274589372, 262336905]"
p2DY4x4NaqXRC1gG9cwiY,V_vEOLz-VvDvsJC4jk5JR,359,114,0.0,[1175843806]
pIaHBI4j1KA7mIDUenoKC,V_vEOLz-VvDvsJC4jk5JR,360,117,0.0,[10239200965]
wh9cIxqRBTvvkxeMtkHAi,V_vEOLz-VvDvsJC4jk5JR,400,114,0.0,[1175843806]
xg6X_6yI3-x6agQaIKy0r,V_vEOLz-VvDvsJC4jk5JR,309,190,0.0,[262336905]
xkITynYnba-VdPTlpu5kL,V_vEOLz-VvDvsJC4jk5JR,219,190,117.06575927290262,"[1814665419, 274589372, 262336905]"
z2W-2EVP76_5pF_4R0HbR,V_vEOLz-VvDvsJC4jk5JR,360,114,0.0,[1175843806]
0fV-oHdZjqIXEVAq-5E7b,VqsKdXjc_nTkIE8PZUK7V,360,359,349.74068937636184,"[1886295269, 10562355384, 5727317783, 4323952889, 4781919525, 4781919524, 260758574, 1888346013, 1886295998]"
3I93k-8Viq6W8QFXbpmUU,VqsKdXjc_nTkIE8PZUK7V,362,359,174.1628211676752,"[260758678, 1888346077, 1888346018, 1888346013, 1886295998]"
8NzGmmMDzhEhQEXbQjJTl,VqsKdXjc_nTkIE8PZUK7V,362,359,174.1628211676752,"[260758678, 1888346077, 1888346018, 1888346013, 1886295998]"
EWmI2x176BtYHecDIWm2H,VqsKdXjc_nTkIE8PZUK7V,89,95,235.5132587836186,"[5392895112, 6989895843, 2578433065, 6989895844, 3143411495, 6485670784, 7014882195, 3143411520, 3143412033]"
I46ZQc9g0OMvTpnnq0RXs,VqsKdXjc_nTkIE8PZUK7V,14,14,0.0,[4168314500]
LrIznn0Nk3YYvE6SV4NT_,VqsKdXjc_nTkIE8PZUK7V,361,359,177.45045235544677,"[260758565, 260758574, 1888346013, 1886295998]"
SqToUMEw-z1wSe52v0JGh,VqsKdXjc_nTkIE8PZUK7V,362,359,174.1628211676752,"[260758678, 1888346077, 1888346018, 1888346013, 1886295998]"
dzTiXNOiyKbSpiehbFk-a,VqsKdXjc_nTkIE8PZUK7V,360,359,349.74068937636184,"[1886295269, 10562355384, 5727317783, 4323952889, 4781919525, 4781919524, 260758574, 1888346013, 1886295998]"
edXbrlxHb468dADNBXJ2G,VqsKdXjc_nTkIE8PZUK7V,216,218,308.5375535809871,"[6985079820, 339081311, 7048869158, 527831696, 8442698477, 6985153417]"
p2DY4x4NaqXRC1gG9cwiY,VqsKdXjc_nTkIE8PZUK7V,359,359,0.0,[1886295998]
pIaHBI4j1KA7mIDUenoKC,VqsKdXjc_nTkIE8PZUK7V,360,359,349.74068937636184,"[1886295269, 10562355384, 5727317783, 4323952889, 4781919525, 4781919524, 260758574, 1888346013, 1886295998]"
ujMXATExhhRj9qgxcopKv,VqsKdXjc_nTkIE8PZUK7V,362,359,174.1628211676752,"[260758678, 1888346077, 1888346018, 1888346013, 1886295998]"
wk7z0bHFULyZrQtvEvO1X,VqsKdXjc_nTkIE8PZUK7V,360,359,349.74068937636184,"[1886295269, 10562355384, 5727317783, 4323952889, 4781919525, 4781919524, 260758574, 1888346013, 1886295998]"
xkITynYnba-VdPTlpu5kL,VqsKdXjc_nTkIE8PZUK7V,219,218,0.0,[6985153417]
z2W-2EVP76_5pF_4R0HbR,VqsKdXjc_nTkIE8PZUK7V,360,359,349.74068937636184,"[1886295269, 10562355384, 5727317783, 4323952889, 4781919525, 4781919524, 260758574, 1888346013, 1886295998]"
2HEouGQcgjyXwlsq69h3S,VqsKdXjc_nTkIE8PZUK7V,300,359,0.0,[1886295998]
2sefONCZ5v5w4bCF1ybYX,VqsKdXjc_nTkIE8PZUK7V,85,359,0.0,[1886295998]
EYuJpRuohnv2M2djd0oRb,VqsKdXjc_nTkIE8PZUK7V,397,359,0.0,[1886295998]
EqpMMSAPpyyeIs0OPJu7A,VqsKdXjc_nTkIE8PZUK7V,98,359,0.0,[1886295998]
EvMcmidrqDryWEcBEqdU2,VqsKdXjc_nTkIE8PZUK7V,425,359,0.0,[1886295998]
NwvVKB38LtB63C0PtEo-i,VqsKdXjc_nTkIE8PZUK7V,425,225,6805.614686096191,"[6952038537, 6952038534, 6952038526, 6953539418, 6952038523, 6952038519, 6952035739, 6952035732, 6491614424, 6491614425, 6953678243, 6953678227, 261726784, 6942560970, 1892876501, 260755102, 1128125313, 1128125375, 274591723, 1884999064, 1884999079, 1884999061, 1884999051, 260755101, 5434591444, 5434591442, 1814665424, 1814665419, 274589372, 1128126150, 1128125930, 1128126056, 1128126117, 316916763, 1885696441, 276659446, 1892904326, 1885696346, 276659536, 276659637, 7025440170, 8431951862, 6513299697, 8431951870, 1885907570, 4323956955, 3890628560, 4075818998, 274589385, 274589386, 417395073, 417395122, 274589389, 260754134, 3883555026, 6971317922, 6971317926, 10904528616]"
QcjXCusjL37XD0vtFPM_z,VqsKdXjc_nTkIE8PZUK7V,269,359,0.0,[1886295998]
V-tNyPwMd_7j2AAdXrBPe,VqsKdXjc_nTkIE8PZUK7V,278,359,0.0,[1886295998]
djf-0ENVceYNg5x6O7HGq,VqsKdXjc_nTkIE8PZUK7V,109,359,0.0,[1886295998]
eW27jXPyPLkZFOoF5g9lr,VqsKdXjc_nTkIE8PZUK7V,433,359,0.0,[1886295998]
nl0Bhq5jfJUhmpghbnEaV,VqsKdXjc_nTkIE8PZUK7V,48,402,0.0,[5720425342]
w5lnA7aOkl9RbW6RzoEdG,VqsKdXjc_nTkIE8PZUK7V,416,359,0.0,[1886295998]
2sefONCZ5v5w4bCF1ybYX,W1YoMQsS8c1ZcZdd_AJ4R,85,442,449.4898380536587,"[6952128713, 6952128699, 6952128710, 6491266231, 4168314394, 12287636104, 5392868396, 5392868419, 5392868394, 6953774176, 6966026051, 6966026049, 6966026042, 6966026038, 6966026040, 6966026052]"
jmLM1TsmnRPlkOtGUD0nu,W1YoMQsS8c1ZcZdd_AJ4R,85,442,449.4898380536587,"[6952128713, 6952128699, 6952128710, 6491266231, 4168314394, 12287636104, 5392868396, 5392868419, 5392868394, 6953774176, 6966026051, 6966026049, 6966026042, 6966026038, 6966026040, 6966026052]"
yX2mhzfbx4_bbd2DANmLp,W1YoMQsS8c1ZcZdd_AJ4R,135,442,0.0,[6966026052]
0fV-oHdZjqIXEVAq-5E7b,XQFjzrlmVSDo00hpPwPD9,360,18,0.0,[1175843806]
50n7_gqFiIrgeNHtVzwF0,XQFjzrlmVSDo00hpPwPD9,326,18,0.0,[1175843806]
6Jzbm71jwnmQuuO9P7ngg,XQFjzrlmVSDo00hpPwPD9,267,18,0.0,[1175843806]
8CWoTtootKoeWNjoE5oOP,XQFjzrlmVSDo00hpPwPD9,326,18,0.0,[1175843806]
BDGXXpou9Eb38xEVTNUs2,XQFjzrlmVSDo00hpPwPD9,120,18,0.0,[1175843806]
I4AY9d0_JCb661dki5jy7,XQFjzrlmVSDo00hpPwPD9,425,18,0.0,[1175843806]
KNOT7t80YXwsfYupjUiTk,XQFjzrlmVSDo00hpPwPD9,426,18,0.0,[1175843806]
T6BRc19d7TrtHQroCLymy,XQFjzrlmVSDo00hpPwPD9,192,18,0.0,[1175843806]
XxUPXIlZHVjWT_a7YqhHy,XQFjzrlmVSDo00hpPwPD9,426,18,0.0,[1175843806]
_RCpDqcLlmzJHSPPy8bli,XQFjzrlmVSDo00hpPwPD9,192,18,0.0,[1175843806]
cQIW-LxFXCIuxPpIw4MR2,XQFjzrlmVSDo00hpPwPD9,296,18,0.0,[1175843806]
dzTiXNOiyKbSpiehbFk-a,XQFjzrlmVSDo00hpPwPD9,360,18,0.0,[1175843806]
gboAfb13A28YhAJkt-Pkx,XQFjzrlmVSDo00hpPwPD9,400,18,0.0,[1175843806]
lQGthxPF7d3FXnmoZFGLV,XQFjzrlmVSDo00hpPwPD9,426,18,0.0,[1175843806]
p2DY4x4NaqXRC1gG9cwiY,XQFjzrlmVSDo00hpPwPD9,359,18,0.0,[1175843806]
wh9cIxqRBTvvkxeMtkHAi,XQFjzrlmVSDo00hpPwPD9,400,18,0.0,[1175843806]
z2W-2EVP76_5pF_4R0HbR,XQFjzrlmVSDo00hpPwPD9,360,18,0.0,[1175843806]
BDGXXpou9Eb38xEVTNUs2,XxUPXIlZHVjWT_a7YqhHy,120,381,0.0,[1175843806]
CTJ48OMS2Nn2CyW093CBk,XxUPXIlZHVjWT_a7YqhHy,15,381,0.0,[1175843806]
Rx10-oSKyoIJDvbVd1Py3,XxUPXIlZHVjWT_a7YqhHy,29,381,0.0,[1175843806]
XQFjzrlmVSDo00hpPwPD9,XxUPXIlZHVjWT_a7YqhHy,39,381,0.0,[1175843806]
djf-0ENVceYNg5x6O7HGq,XxUPXIlZHVjWT_a7YqhHy,109,381,0.0,[1175843806]
zwjvZyv-K7qfVyipl6li5,XxUPXIlZHVjWT_a7YqhHy,2,381,0.0,[1175843806]
0fV-oHdZjqIXEVAq-5E7b,XxUPXIlZHVjWT_a7YqhHy,360,381,0.0,[1175843806]
50n7_gqFiIrgeNHtVzwF0,XxUPXIlZHVjWT_a7YqhHy,326,381,0.0,[1175843806]
6Jzbm71jwnmQuuO9P7ngg,XxUPXIlZHVjWT_a7YqhHy,267,381,0.0,[1175843806]
8CWoTtootKoeWNjoE5oOP,XxUPXIlZHVjWT_a7YqhHy,326,381,0.0,[1175843806]
I4AY9d0_JCb661dki5jy7,XxUPXIlZHVjWT_a7YqhHy,425,381,0.0,[1175843806]
KNOT7t80YXwsfYupjUiTk,XxUPXIlZHVjWT_a7YqhHy,426,381,0.0,[1175843806]
T6BRc19d7TrtHQroCLymy,XxUPXIlZHVjWT_a7YqhHy,192,381,0.0,[1175843806]
_RCpDqcLlmzJHSPPy8bli,XxUPXIlZHVjWT_a7YqhHy,192,381,0.0,[1175843806]
bAytab6a3g8pFmPeUQC1L,XxUPXIlZHVjWT_a7YqhHy,161,426,127.83425607963296,"[5594506889, 5594506900, 10989259965, 11381058358, 11381058378]"
cQIW-LxFXCIuxPpIw4MR2,XxUPXIlZHVjWT_a7YqhHy,296,381,0.0,[1175843806]
dzTiXNOiyKbSpiehbFk-a,XxUPXIlZHVjWT_a7YqhHy,360,381,0.0,[1175843806]
gboAfb13A28YhAJkt-Pkx,XxUPXIlZHVjWT_a7YqhHy,400,381,0.0,[1175843806]
lQGthxPF7d3FXnmoZFGLV,XxUPXIlZHVjWT_a7YqhHy,426,381,0.0,[1175843806]
nd53PomhCqmjY7ykLQy83,XxUPXIlZHVjWT_a7YqhHy,79,426,127.83425607963296,"[5594506889, 5594506900, 10989259965, 11381058358, 11381058378]"
p2DY4x4NaqXRC1gG9cwiY,XxUPXIlZHVjWT_a7YqhHy,359,381,0.0,[1175843806]
rff5rfv-fQCJyBaPUiuhB,XxUPXIlZHVjWT_a7YqhHy,277,426,127.83425607963296,"[5594506889, 5594506900, 10989259965, 11381058358, 11381058378]"
tv4mLSYvBC5Q4aSnL5h83,XxUPXIlZHVjWT_a7YqhHy,98,426,127.83425607963296,"[5594506889, 5594506900, 10989259965, 11381058358, 11381058378]"
wh9cIxqRBTvvkxeMtkHAi,XxUPXIlZHVjWT_a7YqhHy,400,381,0.0,[1175843806]
z2W-2EVP76_5pF_4R0HbR,XxUPXIlZHVjWT_a7YqhHy,360,381,0.0,[1175843806]
BDGXXpou9Eb38xEVTNUs2,_RCpDqcLlmzJHSPPy8bli,120,7,0.0,[1175843806]
CTJ48OMS2Nn2CyW093CBk,_RCpDqcLlmzJHSPPy8bli,15,7,0.0,[1175843806]
E_oc6kDbFdlvVaZssBQex,_RCpDqcLlmzJHSPPy8bli,405,404,0.0,[7927564332]
KNOT7t80YXwsfYupjUiTk,_RCpDqcLlmzJHSPPy8bli,426,428,127.83425607963296,"[11381058378, 11381058358, 10989259965, 5594506900, 5594506889]"
Rx10-oSKyoIJDvbVd1Py3,_RCpDqcLlmzJHSPPy8bli,29,7,0.0,[1175843806]
XQFjzrlmVSDo00hpPwPD9,_RCpDqcLlmzJHSPPy8bli,39,7,0.0,[1175843806]
XxUPXIlZHVjWT_a7YqhHy,_RCpDqcLlmzJHSPPy8bli,426,428,127.83425607963296,"[11381058378, 11381058358, 10989259965, 5594506900, 5594506889]"
d1tk5YD606wPnGF4CLm4i,_RCpDqcLlmzJHSPPy8bli,427,428,140.34669742250887,"[4323948369, 11381058378, 11381058358, 10989259965, 5594506900, 5594506889]"
djf-0ENVceYNg5x6O7HGq,_RCpDqcLlmzJHSPPy8bli,109,7,0.0,[1175843806]
lQGthxPF7d3FXnmoZFGLV,_RCpDqcLlmzJHSPPy8bli,426,428,127.83425607963296,"[11381058378, 11381058358, 10989259965, 5594506900, 5594506889]"
oepuTc06iN5U0ZwjmqZIj,_RCpDqcLlmzJHSPPy8bli,424,423,0.0,[4323950582]
zwjvZyv-K7qfVyipl6li5,_RCpDqcLlmzJHSPPy8bli,2,7,0.0,[1175843806]
0fV-oHdZjqIXEVAq-5E7b,_RCpDqcLlmzJHSPPy8bli,360,7,0.0,[1175843806]
50n7_gqFiIrgeNHtVzwF0,_RCpDqcLlmzJHSPPy8bli,326,7,0.0,[1175843806]
6Jzbm71jwnmQuuO9P7ngg,_RCpDqcLlmzJHSPPy8bli,267,7,0.0,[1175843806]
8CWoTtootKoeWNjoE5oOP,_RCpDqcLlmzJHSPPy8bli,326,7,0.0,[1175843806]
I4AY9d0_JCb661dki5jy7,_RCpDqcLlmzJHSPPy8bli,425,7,0.0,[1175843806]
T6BRc19d7TrtHQroCLymy,_RCpDqcLlmzJHSPPy8bli,192,7,0.0,[1175843806]
bAytab6a3g8pFmPeUQC1L,_RCpDqcLlmzJHSPPy8bli,161,428,0.0,[5594506889]
cQIW-LxFXCIuxPpIw4MR2,_RCpDqcLlmzJHSPPy8bli,296,7,0.0,[1175843806]
dzTiXNOiyKbSpiehbFk-a,_RCpDqcLlmzJHSPPy8bli,360,7,0.0,[1175843806]
gboAfb13A28YhAJkt-Pkx,_RCpDqcLlmzJHSPPy8bli,400,7,0.0,[1175843806]
nd53PomhCqmjY7ykLQy83,_RCpDqcLlmzJHSPPy8bli,79,428,0.0,[5594506889]
o8mSXE7IgJWToUsU4NnFr,_RCpDqcLlmzJHSPPy8bli,277,192,0.0,[1814665419]
p2DY4x4NaqXRC1gG9cwiY,_RCpDqcLlmzJHSPPy8bli,359,7,0.0,[1175843806]
rff5rfv-fQCJyBaPUiuhB,_RCpDqcLlmzJHSPPy8bli,277,428,0.0,[5594506889]
tv4mLSYvBC5Q4aSnL5h83,_RCpDqcLlmzJHSPPy8bli,98,428,0.0,[5594506889]
wh9cIxqRBTvvkxeMtkHAi,_RCpDqcLlmzJHSPPy8bli,400,7,0.0,[1175843806]
xg6X_6yI3-x6agQaIKy0r,_RCpDqcLlmzJHSPPy8bli,309,192,117.06575927290262,"[262336905, 274589372, 1814665419]"
xkITynYnba-VdPTlpu5kL,_RCpDqcLlmzJHSPPy8bli,219,192,0.0,[1814665419]
z2W-2EVP76_5pF_4R0HbR,_RCpDqcLlmzJHSPPy8bli,360,7,0.0,[1175843806]
6Jzbm71jwnmQuuO9P7ngg,aeeOOe3-Dtz86MK-Ltc0F,267,447,152.82610556750262,"[6487838617, 7028411712, 7028411711, 12843506658]"
8ExRMTw-r4JAqxk8WGljD,aeeOOe3-Dtz86MK-Ltc0F,269,447,62.28000870053562,"[7028411712, 7028411711, 12843506658]"
EWmI2x176BtYHecDIWm2H,aeeOOe3-Dtz86MK-Ltc0F,89,89,0.0,[5392895112]
EqpMMSAPpyyeIs0OPJu7A,aeeOOe3-Dtz86MK-Ltc0F,98,17,1652.0504799336225,"[6943091990, 5708573622, 4168313023, 339081529, 3972273686, 4168314652, 4168312373, 5708573514, 5708573516, 5708573518, 6942575301, 6942575299, 6942575294, 6942575297, 6942575303, 6942575296, 6488151977, 5708573519, 6488127621, 4168314500, 7008413314, 1128069174, 7008413315, 1128069181, 6488151976, 1128069155, 7008413285, 7008413291, 1128069192, 4168315109, 1128069168, 1128069139, 7010914165, 4941775518, 1128069143]"
QcjXCusjL37XD0vtFPM_z,aeeOOe3-Dtz86MK-Ltc0F,269,447,62.28000870053562,"[7028411712, 7028411711, 12843506658]"
VqsKdXjc_nTkIE8PZUK7V,aeeOOe3-Dtz86MK-Ltc0F,93,89,117.68109633372404,"[3143411495, 6989895844, 2578433065, 6989895843, 5392895112]"
ndixtJMAJzaQiITLSzYz_,aeeOOe3-Dtz86MK-Ltc0F,267,447,152.82610556750262,"[6487838617, 7028411712, 7028411711, 12843506658]"
o7ehON1F_k7JHoHJOQYGh,aeeOOe3-Dtz86MK-Ltc0F,267,447,152.82610556750262,"[6487838617, 7028411712, 7028411711, 12843506658]"
q-9QC-QKVmhqbVh9htKhg,aeeOOe3-Dtz86MK-Ltc0F,447,447,0.0,[12843506658]
tv4mLSYvBC5Q4aSnL5h83,aeeOOe3-Dtz86MK-Ltc0F,98,17,1652.0504799336225,"[6943091990, 5708573622, 4168313023, 339081529, 3972273686, 4168314652, 4168312373, 5708573514, 5708573516, 5708573518, 6942575301, 6942575299, 6942575294, 6942575297, 6942575303, 6942575296, 6488151977, 5708573519, 6488127621, 4168314500, 7008413314, 1128069174, 7008413315, 1128069181, 6488151976, 1128069155, 7008413285, 7008413291, 1128069192, 4168315109, 1128069168, 1128069139, 7010914165, 4941775518, 1128069143]"
TPxz_LmHA0qyDz7QFLo1e,aeeOOe3-Dtz86MK-Ltc0F,280,305,0.0,[5392019578]
d591FuxnMulU7vr6uNxrB,aeeOOe3-Dtz86MK-Ltc0F,351,137,0.0,[339079953]
llujnjcOUaGBRa_Jecss3,aeeOOe3-Dtz86MK-Ltc0F,279,305,0.0,[5392019578]
ujMXATExhhRj9qgxcopKv,aeeOOe3-Dtz86MK-Ltc0F,362,89,1201.908126207022,"[6486037383, 2565386143, 6486037804, 6485813848, 6486037802, 4168312852, 6486037799, 6485813839, 4168314747, 6486037796, 6485813820, 2578433071, 2578433072, 2578433073, 2578433074, 2578433075, 5672083417, 4168315809, 1128069147, 3143411513, 7014882208, 3143411485, 3143412033, 3143411520, 7014882195, 6485670784, 3143411495, 6989895844, 2578433065, 6989895843, 5392895112]"
vToQ2sD35oGmngQzvKN9j,aeeOOe3-Dtz86MK-Ltc0F,83,305,0.0,[5392019578]
0WNbk9MGSKJVqVAWMBS1q,bAytab6a3g8pFmPeUQC1L,182,182,0.0,[260754134]
7udRe7A9ekRD6rtEEN_uD,bAytab6a3g8pFmPeUQC1L,189,195,198.9339859709625,"[6446573515, 276659249, 1885931733, 6818143503, 276659446, 1892904326]"
E_oc6kDbFdlvVaZssBQex,bAytab6a3g8pFmPeUQC1L,405,404,0.0,[7927564332]
FaHumA7HIyjyuC7E4M1jZ,bAytab6a3g8pFmPeUQC1L,189,195,198.9339859709625,"[6446573515, 276659249, 1885931733, 6818143503, 276659446, 1892904326]"
KNOT7t80YXwsfYupjUiTk,bAytab6a3g8pFmPeUQC1L,426,428,127.83425607963296,"[11381058378, 11381058358, 10989259965, 5594506900, 5594506889]"
O-PLpyiKLXCmTOTN2ykl2,bAytab6a3g8pFmPeUQC1L,192,192,0.0,[1814665419]
T6BRc19d7TrtHQroCLymy,bAytab6a3g8pFmPeUQC1L,192,192,0.0,[1814665419]
V_vEOLz-VvDvsJC4jk5JR,bAytab6a3g8pFmPeUQC1L,190,192,117.06575927290262,"[262336905, 274589372, 1814665419]"
XxUPXIlZHVjWT_a7YqhHy,bAytab6a3g8pFmPeUQC1L,426,428,127.83425607963296,"[11381058378, 11381058358, 10989259965, 5594506900, 5594506889]"
_RCpDqcLlmzJHSPPy8bli,bAytab6a3g8pFmPeUQC1L,192,192,0.0,[1814665419]
d1tk5YD606wPnGF4CLm4i,bAytab6a3g8pFmPeUQC1L,427,428,140.34669742250887,"[4323948369, 11381058378, 11381058358, 10989259965, 5594506900, 5594506889]"
lQGthxPF7d3FXnmoZFGLV,bAytab6a3g8pFmPeUQC1L,426,428,127.83425607963296,"[11381058378, 11381058358, 10989259965, 5594506900, 5594506889]"
lbr0LeYaqC-PO2eSd5dsH,bAytab6a3g8pFmPeUQC1L,189,195,198.9339859709625,"[6446573515, 276659249, 1885931733, 6818143503, 276659446, 1892904326]"
oepuTc06iN5U0ZwjmqZIj,bAytab6a3g8pFmPeUQC1L,424,423,0.0,[4323950582]
ruQq1su0J7bVhBjmIi2kw,bAytab6a3g8pFmPeUQC1L,195,195,0.0,[1892904326]
2z926Q9o3YtgjyoxtMW1d,bAytab6a3g8pFmPeUQC1L,425,195,0.0,[1892904326]
5NjpP8xmvr1-OYnw7E5Jn,bAytab6a3g8pFmPeUQC1L,258,195,0.0,[1892904326]
8ExRMTw-r4JAqxk8WGljD,bAytab6a3g8pFmPeUQC1L,269,164,258.9675114226784,"[6820743471, 6818071295, 8442254840, 6818071294, 10970226966, 10970226974, 12294249715, 10970226972, 6950726138, 6838199963]"
DKfQEdGZMwRbkHDkrwcPx,bAytab6a3g8pFmPeUQC1L,54,195,172.0613700674482,"[6943200496, 276659249, 1885931733, 6818143503, 276659446, 1892904326]"
E14B9x9RNkVqAHJvJBYqa,bAytab6a3g8pFmPeUQC1L,260,195,0.0,[1892904326]
jmLM1TsmnRPlkOtGUD0nu,bAytab6a3g8pFmPeUQC1L,85,182,12.670053350258444,"[3883555026, 260754134]"
kdziSzfhBj4JiBeVoloxo,bAytab6a3g8pFmPeUQC1L,344,195,70.91761918018832,"[1892904334, 4323956583, 1892904326]"
nd53PomhCqmjY7ykLQy83,bAytab6a3g8pFmPeUQC1L,79,428,0.0,[5594506889]
o8mSXE7IgJWToUsU4NnFr,bAytab6a3g8pFmPeUQC1L,277,192,0.0,[1814665419]
rJNlVBeJYLnin9iUCfQ8_,bAytab6a3g8pFmPeUQC1L,310,195,70.91761918018832,"[1892904334, 4323956583, 1892904326]"
rff5rfv-fQCJyBaPUiuhB,bAytab6a3g8pFmPeUQC1L,277,428,0.0,[5594506889]
tv4mLSYvBC5Q4aSnL5h83,bAytab6a3g8pFmPeUQC1L,98,428,0.0,[5594506889]
xg6X_6yI3-x6agQaIKy0r,bAytab6a3g8pFmPeUQC1L,309,192,117.06575927290262,"[262336905, 274589372, 1814665419]"
xkITynYnba-VdPTlpu5kL,bAytab6a3g8pFmPeUQC1L,219,192,0.0,[1814665419]
zwjvZyv-K7qfVyipl6li5,bAytab6a3g8pFmPeUQC1L,2,428,0.0,[5594506889]
BDGXXpou9Eb38xEVTNUs2,cQIW-LxFXCIuxPpIw4MR2,120,251,0.0,[1175843806]
CTJ48OMS2Nn2CyW093CBk,cQIW-LxFXCIuxPpIw4MR2,15,251,0.0,[1175843806]
Rx10-oSKyoIJDvbVd1Py3,cQIW-LxFXCIuxPpIw4MR2,29,251,0.0,[1175843806]
XQFjzrlmVSDo00hpPwPD9,cQIW-LxFXCIuxPpIw4MR2,39,251,0.0,[1175843806]
djf-0ENVceYNg5x6O7HGq,cQIW-LxFXCIuxPpIw4MR2,109,251,0.0,[1175843806]
zwjvZyv-K7qfVyipl6li5,cQIW-LxFXCIuxPpIw4MR2,2,251,0.0,[1175843806]
0fV-oHdZjqIXEVAq-5E7b,cQIW-LxFXCIuxPpIw4MR2,360,251,0.0,[1175843806]
50n7_gqFiIrgeNHtVzwF0,cQIW-LxFXCIuxPpIw4MR2,326,251,0.0,[1175843806]
6Jzbm71jwnmQuuO9P7ngg,cQIW-LxFXCIuxPpIw4MR2,267,251,0.0,[1175843806]
8CWoTtootKoeWNjoE5oOP,cQIW-LxFXCIuxPpIw4MR2,326,251,0.0,[1175843806]
I4AY9d0_JCb661dki5jy7,cQIW-LxFXCIuxPpIw4MR2,425,251,0.0,[1175843806]
KNOT7t80YXwsfYupjUiTk,cQIW-LxFXCIuxPpIw4MR2,426,251,0.0,[1175843806]
RSdPdtwiGzlvedMSUpA36,cQIW-LxFXCIuxPpIw4MR2,322,296,1792.7267033132398,"[6485868051, 7011812107, 6485857211, 6486022036, 7014739939, 6485857224, 7011812106, 6485857238, 6485868050, 6977240809, 6977240799, 8482032648, 2578743473, 7043828811, 7043828810, 9414993328, 7023732362, 7023732364, 5392019571]"
T6BRc19d7TrtHQroCLymy,cQIW-LxFXCIuxPpIw4MR2,192,251,0.0,[1175843806]
V_vEOLz-VvDvsJC4jk5JR,cQIW-LxFXCIuxPpIw4MR2,190,392,0.0,[10239200965]
XxUPXIlZHVjWT_a7YqhHy,cQIW-LxFXCIuxPpIw4MR2,426,251,0.0,[1175843806]
_RCpDqcLlmzJHSPPy8bli,cQIW-LxFXCIuxPpIw4MR2,192,251,0.0,[1175843806]
dzTiXNOiyKbSpiehbFk-a,cQIW-LxFXCIuxPpIw4MR2,360,251,0.0,[1175843806]
gboAfb13A28YhAJkt-Pkx,cQIW-LxFXCIuxPpIw4MR2,400,251,0.0,[1175843806]
lQGthxPF7d3FXnmoZFGLV,cQIW-LxFXCIuxPpIw4MR2,426,251,0.0,[1175843806]
p2DY4x4NaqXRC1gG9cwiY,cQIW-LxFXCIuxPpIw4MR2,359,251,0.0,[1175843806]
pIaHBI4j1KA7mIDUenoKC,cQIW-LxFXCIuxPpIw4MR2,360,392,0.0,[10239200965]
wh9cIxqRBTvvkxeMtkHAi,cQIW-LxFXCIuxPpIw4MR2,400,251,0.0,[1175843806]
z2W-2EVP76_5pF_4R0HbR,cQIW-LxFXCIuxPpIw4MR2,360,251,0.0,[1175843806]
-H9LP4vuOqj-RIRCZNg_6,d1tk5YD606wPnGF4CLm4i,326,323,181.65884038086884,"[1886821204, 11462532250, 1886821135, 6952133530]"
50n7_gqFiIrgeNHtVzwF0,d1tk5YD606wPnGF4CLm4i,326,323,181.65884038086884,"[1886821204, 11462532250, 1886821135, 6952133530]"
8CWoTtootKoeWNjoE5oOP,d1tk5YD606wPnGF4CLm4i,326,323,181.65884038086884,"[1886821204, 11462532250, 1886821135, 6952133530]"
BKzwbCqAolUfyoXfpTwIC,d1tk5YD606wPnGF4CLm4i,325,323,983.1592547780742,"[4326474663, 11462717726, 5439510412, 4326474661, 11527409521, 6950754299, 6950754336, 6950754293, 6950754289, 6952133530]"
RSdPdtwiGzlvedMSUpA36,d1tk5YD606wPnGF4CLm4i,322,321,139.9497237497058,"[2712663257, 1605614943, 6953697314, 6953697312, 6948570678, 2712663245]"
eW27jXPyPLkZFOoF5g9lr,d1tk5YD606wPnGF4CLm4i,433,431,9612.028705092202,"[6488733328, 8011246201, 6969478590, 6488089147, 6969478594, 6969478616, 6969478630, 6969478589, 6969478587, 6971624098, 6971624095, 6971624096, 6973416461, 6971624111, 6973416459, 6971624107, 6971624105, 6973416383, 6150225301, 6490661848, 6490661859, 6491202786, 6491202787, 6491202791, 7007815820, 6152137675, 6151015983, 1883017451, 6151015981, 1883015943, 1883015930, 1846913194, 1846913198, 1846913191, 1844089254, 1846913182, 1846913195, 4323950968, 4323950954, 1909235369, 7928350878, 7928350869, 6985088944, 6985088938, 6985088937, 7118508954, 5594506892, 6823067926, 5275562428, 4323950582, 8176867221, 10558963662, 10908350600, 10908350533, 10925013056, 10925013054, 10925013049, 10925013053, 10908350528, 10908350527, 10558993687, 7115723381, 299593951, 299593953, 299593851, 5391780416, 8449345301, 6151676018, 7115911103, 2577830980, 6488974434, 7927500442, 2577830979, 1128588539, 8011246309, 6495402446, 279994098, 6987297704]"
kdziSzfhBj4JiBeVoloxo,d1tk5YD606wPnGF4CLm4i,344,344,0.0,[6480742784]
-Z1R0bmP-3IQrktLaw1-i,d1tk5YD606wPnGF4CLm4i,301,323,273.821909880602,"[4166052725, 1886821074, 1886821204, 11462532250, 1886821135, 6952133530]"
O-PLpyiKLXCmTOTN2ykl2,d1tk5YD606wPnGF4CLm4i,192,321,88.90297949528872,"[2712663239, 5413673836, 2712663245]"
bAytab6a3g8pFmPeUQC1L,d1tk5YD606wPnGF4CLm4i,161,427,140.34669742250887,"[5594506889, 5594506900, 10989259965, 11381058358, 11381058378, 4323948369]"
nd53PomhCqmjY7ykLQy83,d1tk5YD606wPnGF4CLm4i,79,427,140.34669742250887,"[5594506889, 5594506900, 10989259965, 11381058358, 11381058378, 4323948369]"
rff5rfv-fQCJyBaPUiuhB,d1tk5YD606wPnGF4CLm4i,277,427,140.34669742250887,"[5594506889, 5594506900, 10989259965, 11381058358, 11381058378, 4323948369]"
tv4mLSYvBC5Q4aSnL5h83,d1tk5YD606wPnGF4CLm4i,98,427,140.34669742250887,"[5594506889, 5594506900, 10989259965, 11381058358, 11381058378, 4323948369]"
zwjvZyv-K7qfVyipl6li5,d1tk5YD606wPnGF4CLm4i,2,427,140.34669742250887,"[5594506889, 5594506900, 10989259965, 11381058358, 11381058378, 4323948369]"
-Z1R0bmP-3IQrktLaw1-i,d591FuxnMulU7vr6uNxrB,301,302,0.0,[7043828811]
2HEouGQcgjyXwlsq69h3S,d591FuxnMulU7vr6uNxrB,300,299,1435.3456329605206,"[9414993322, 7014712781, 7043828816, 7043828811, 2578743473, 8482032648, 6977240799, 6977240809, 6485868050, 6485857238, 7011812106, 6485857224, 7014739939, 6486022036, 6485857211, 7011812107, 6485868051]"
4xf9KaKYJRkSlWjtAzeER,d591FuxnMulU7vr6uNxrB,305,305,0.0,[5392019578]
6Jzbm71jwnmQuuO9P7ngg,d591FuxnMulU7vr6uNxrB,267,447,152.82610556750262,"[6487838617, 7028411712, 7028411711, 12843506658]"
8ExRMTw-r4JAqxk8WGljD,d591FuxnMulU7vr6uNxrB,269,447,62.28000870053562,"[7028411712, 7028411711, 12843506658]"
D7IwqxPBMcEQiGv3sjC3s,d591FuxnMulU7vr6uNxrB,305,305,0.0,[5392019578]
QKCnSGkAqgRmQ4fUeYRP-,d591FuxnMulU7vr6uNxrB,305,305,0.0,[5392019578]
QcjXCusjL37XD0vtFPM_z,d591FuxnMulU7vr6uNxrB,269,447,62.28000870053562,"[7028411712, 7028411711, 12843506658]"
aeeOOe3-Dtz86MK-Ltc0F,d591FuxnMulU7vr6uNxrB,305,305,0.0,[5392019578]
cQIW-LxFXCIuxPpIw4MR2,d591FuxnMulU7vr6uNxrB,296,297,0.0,[5392019571]
kdziSzfhBj4JiBeVoloxo,d591FuxnMulU7vr6uNxrB,344,343,1168.191111904095,"[6480742784, 5363987373, 2931849141, 2931847942, 1893395986, 7193205988, 5486718690, 4166054595, 7005628858, 8429014245, 8429014241]"
ndixtJMAJzaQiITLSzYz_,d591FuxnMulU7vr6uNxrB,267,447,152.82610556750262,"[6487838617, 7028411712, 7028411711, 12843506658]"
o7ehON1F_k7JHoHJOQYGh,d591FuxnMulU7vr6uNxrB,267,447,152.82610556750262,"[6487838617, 7028411712, 7028411711, 12843506658]"
q-9QC-QKVmhqbVh9htKhg,d591FuxnMulU7vr6uNxrB,447,447,0.0,[12843506658]
-H9LP4vuOqj-RIRCZNg_6,d591FuxnMulU7vr6uNxrB,326,338,57.316763661122636,"[602781261, 5363987336, 5363987334, 602781295]"
1Ctgvye_a8bTjvozOsfEX,d591FuxnMulU7vr6uNxrB,177,302,1993.1691896509014,"[317908405, 7041564226, 9368718200, 4168311512, 9368774130, 5392019578, 7113581386, 7113581387, 7113581389, 7113581393, 7023732365, 7023732364, 7023732362, 9414993328, 7043828810, 7043828811]"
2vubw4wDlR7h4SuBBiS6p,d591FuxnMulU7vr6uNxrB,425,302,0.0,[7043828811]
CTJ48OMS2Nn2CyW093CBk,d591FuxnMulU7vr6uNxrB,15,302,0.0,[7043828811]
DaGuT_I6g5QpO40EcF4u7,d591FuxnMulU7vr6uNxrB,419,302,81.24395009563578,"[9359493413, 7043828816, 7043828811]"
FaHumA7HIyjyuC7E4M1jZ,d591FuxnMulU7vr6uNxrB,189,302,1993.1691896509014,"[317908405, 7041564226, 9368718200, 4168311512, 9368774130, 5392019578, 7113581386, 7113581387, 7113581389, 7113581393, 7023732365, 7023732364, 7023732362, 9414993328, 7043828810, 7043828811]"
RSdPdtwiGzlvedMSUpA36,d591FuxnMulU7vr6uNxrB,322,297,1792.7267033132398,"[6485868051, 7011812107, 6485857211, 6486022036, 7014739939, 6485857224, 7011812106, 6485857238, 6485868050, 6977240809, 6977240799, 8482032648, 2578743473, 7043828811, 7043828810, 9414993328, 7023732362, 7023732364, 5392019571]"
TPxz_LmHA0qyDz7QFLo1e,d591FuxnMulU7vr6uNxrB,280,305,0.0,[5392019578]
hx4EeoLjM7NJfnYrVfGvk,d591FuxnMulU7vr6uNxrB,180,302,1993.1691896509014,"[317908405, 7041564226, 9368718200, 4168311512, 9368774130, 5392019578, 7113581386, 7113581387, 7113581389, 7113581393, 7023732365, 7023732364, 7023732362, 9414993328, 7043828810, 7043828811]"
llujnjcOUaGBRa_Jecss3,d591FuxnMulU7vr6uNxrB,279,305,0.0,[5392019578]
tMb6GY09D_zaob3QQV8vM,d591FuxnMulU7vr6uNxrB,179,302,1993.1691896509014,"[317908405, 7041564226, 9368718200, 4168311512, 9368774130, 5392019578, 7113581386, 7113581387, 7113581389, 7113581393, 7023732365, 7023732364, 7023732362, 9414993328, 7043828810, 7043828811]"
vToQ2sD35oGmngQzvKN9j,d591FuxnMulU7vr6uNxrB,83,305,0.0,[5392019578]
DKfQEdGZMwRbkHDkrwcPx,dC4CWsX_TbK9g5r1kzt4S,54,54,0.0,[6110752372]
nd53PomhCqmjY7ykLQy83,dC4CWsX_TbK9g5r1kzt4S,79,101,528.1542977656854,"[3879996652, 5503106645, 5503106644, 5672090625, 6485810773, 4168310070, 6950701628, 6123228790, 6950701583, 6950701584, 6950701618, 6950701510, 6950701610, 6947834652, 6947834641]"
nl0Bhq5jfJUhmpghbnEaV,dC4CWsX_TbK9g5r1kzt4S,48,50,187.07813773457227,"[4166035500, 4166035293, 6972833641, 6112611672, 2440928906, 6972833614, 6504017603]"
0WNbk9MGSKJVqVAWMBS1q,dC4CWsX_TbK9g5r1kzt4S,182,101,528.1542977656854,"[3879996652, 5503106645, 5503106644, 5672090625, 6485810773, 4168310070, 6950701628, 6123228790, 6950701583, 6950701584, 6950701618, 6950701510, 6950701610, 6947834652, 6947834641]"
7vCDYOyx9Gj6RZuCS5Igi,dC4CWsX_TbK9g5r1kzt4S,156,48,0.0,[4166035500]
Jahu5bHSRsdCyh3p5H6cJ,dC4CWsX_TbK9g5r1kzt4S,156,77,0.0,[6992201151]
SqToUMEw-z1wSe52v0JGh,dC4CWsX_TbK9g5r1kzt4S,362,48,0.0,[4166035500]
hMo27Nx4A3lFCdh0tNdmf,dC4CWsX_TbK9g5r1kzt4S,159,48,0.0,[4166035500]
0fV-oHdZjqIXEVAq-5E7b,djf-0ENVceYNg5x6O7HGq,360,359,349.74068937636184,"[1886295269, 10562355384, 5727317783, 4323952889, 4781919525, 4781919524, 260758574, 1888346013, 1886295998]"
3I93k-8Viq6W8QFXbpmUU,djf-0ENVceYNg5x6O7HGq,362,359,174.1628211676752,"[260758678, 1888346077, 1888346018, 1888346013, 1886295998]"
8NzGmmMDzhEhQEXbQjJTl,djf-0ENVceYNg5x6O7HGq,362,359,174.1628211676752,"[260758678, 1888346077, 1888346018, 1888346013, 1886295998]"
E_oc6kDbFdlvVaZssBQex,djf-0ENVceYNg5x6O7HGq,405,405,0.0,[7927564332]
LrIznn0Nk3YYvE6SV4NT_,djf-0ENVceYNg5x6O7HGq,361,359,177.45045235544677,"[260758565, 260758574, 1888346013, 1886295998]"
SqToUMEw-z1wSe52v0JGh,djf-0ENVceYNg5x6O7HGq,362,359,174.1628211676752,"[260758678, 1888346077, 1888346018, 1888346013, 1886295998]"
dzTiXNOiyKbSpiehbFk-a,djf-0ENVceYNg5x6O7HGq,360,359,349.74068937636184,"[1886295269, 10562355384, 5727317783, 4323952889, 4781919525, 4781919524, 260758574, 1888346013, 1886295998]"
oepuTc06iN5U0ZwjmqZIj,djf-0ENVceYNg5x6O7HGq,424,424,0.0,[4323950582]
p2DY4x4NaqXRC1gG9cwiY,djf-0ENVceYNg5x6O7HGq,359,359,0.0,[1886295998]
pIaHBI4j1KA7mIDUenoKC,djf-0ENVceYNg5x6O7HGq,360,359,349.74068937636184,"[1886295269, 10562355384, 5727317783, 4323952889, 4781919525, 4781919524, 260758574, 1888346013, 1886295998]"
ujMXATExhhRj9qgxcopKv,djf-0ENVceYNg5x6O7HGq,362,359,174.1628211676752,"[260758678, 1888346077, 1888346018, 1888346013, 1886295998]"
wk7z0bHFULyZrQtvEvO1X,djf-0ENVceYNg5x6O7HGq,360,359,349.74068937636184,"[1886295269, 10562355384, 5727317783, 4323952889, 4781919525, 4781919524, 260758574, 1888346013, 1886295998]"
z2W-2EVP76_5pF_4R0HbR,djf-0ENVceYNg5x6O7HGq,360,359,349.74068937636184,"[1886295269, 10562355384, 5727317783, 4323952889, 4781919525, 4781919524, 260758574, 1888346013, 1886295998]"
2HEouGQcgjyXwlsq69h3S,djf-0ENVceYNg5x6O7HGq,300,359,0.0,[1886295998]
2sefONCZ5v5w4bCF1ybYX,djf-0ENVceYNg5x6O7HGq,85,359,0.0,[1886295998]
50n7_gqFiIrgeNHtVzwF0,djf-0ENVceYNg5x6O7HGq,326,109,0.0,[1175843806]
6Jzbm71jwnmQuuO9P7ngg,djf-0ENVceYNg5x6O7HGq,267,109,0.0,[1175843806]
8CWoTtootKoeWNjoE5oOP,djf-0ENVceYNg5x6O7HGq,326,109,0.0,[1175843806]
BDGXXpou9Eb38xEVTNUs2,djf-0ENVceYNg5x6O7HGq,120,109,0.0,[1175843806]
EYuJpRuohnv2M2djd0oRb,djf-0ENVceYNg5x6O7HGq,397,359,0.0,[1886295998]
EqpMMSAPpyyeIs0OPJu7A,djf-0ENVceYNg5x6O7HGq,98,359,0.0,[1886295998]
EvMcmidrqDryWEcBEqdU2,djf-0ENVceYNg5x6O7HGq,425,359,0.0,[1886295998]
I4AY9d0_JCb661dki5jy7,djf-0ENVceYNg5x6O7HGq,425,109,0.0,[1175843806]
KNOT7t80YXwsfYupjUiTk,djf-0ENVceYNg5x6O7HGq,426,109,0.0,[1175843806]
QcjXCusjL37XD0vtFPM_z,djf-0ENVceYNg5x6O7HGq,269,359,0.0,[1886295998]
T6BRc19d7TrtHQroCLymy,djf-0ENVceYNg5x6O7HGq,192,109,0.0,[1175843806]
V-tNyPwMd_7j2AAdXrBPe,djf-0ENVceYNg5x6O7HGq,278,359,0.0,[1886295998]
V_vEOLz-VvDvsJC4jk5JR,djf-0ENVceYNg5x6O7HGq,190,119,0.0,[10239200965]
VqsKdXjc_nTkIE8PZUK7V,djf-0ENVceYNg5x6O7HGq,93,359,0.0,[1886295998]
XQFjzrlmVSDo00hpPwPD9,djf-0ENVceYNg5x6O7HGq,39,109,0.0,[1175843806]
XxUPXIlZHVjWT_a7YqhHy,djf-0ENVceYNg5x6O7HGq,426,109,0.0,[1175843806]
_RCpDqcLlmzJHSPPy8bli,djf-0ENVceYNg5x6O7HGq,192,109,0.0,[1175843806]
cQIW-LxFXCIuxPpIw4MR2,djf-0ENVceYNg5x6O7HGq,296,109,0.0,[1175843806]
eW27jXPyPLkZFOoF5g9lr,djf-0ENVceYNg5x6O7HGq,433,359,0.0,[1886295998]
gboAfb13A28YhAJkt-Pkx,djf-0ENVceYNg5x6O7HGq,400,109,0.0,[1175843806]
lQGthxPF7d3FXnmoZFGLV,djf-0ENVceYNg5x6O7HGq,426,109,0.0,[1175843806]
nl0Bhq5jfJUhmpghbnEaV,djf-0ENVceYNg5x6O7HGq,48,402,0.0,[5720425342]
w5lnA7aOkl9RbW6RzoEdG,djf-0ENVceYNg5x6O7HGq,416,359,0.0,[1886295998]
wh9cIxqRBTvvkxeMtkHAi,djf-0ENVceYNg5x6O7HGq,400,109,0.0,[1175843806]
EWmI2x176BtYHecDIWm2H,dpTyJ7ihIOXu0gGo2F3iz,89,89,0.0,[5392895112]
TPxz_LmHA0qyDz7QFLo1e,dpTyJ7ihIOXu0gGo2F3iz,280,279,1738.3370217466745,"[6488486115, 1128092175, 1128091960, 1128092208, 6511710409, 7927561316, 7041539368, 4168313563, 1128478568, 1128477650, 1128476537, 7029035469, 4168310134, 339079529, 7044630380, 4002066933, 8442698387, 7044630377, 7044630378, 8442698359, 7111551009, 7016571657, 9204541535]"
VqsKdXjc_nTkIE8PZUK7V,dpTyJ7ihIOXu0gGo2F3iz,93,89,117.68109633372404,"[3143411495, 6989895844, 2578433065, 6989895843, 5392895112]"
llujnjcOUaGBRa_Jecss3,dpTyJ7ihIOXu0gGo2F3iz,279,279,0.0,[9204541535]
QKCnSGkAqgRmQ4fUeYRP-,dpTyJ7ihIOXu0gGo2F3iz,305,277,0.0,[7015017018]
d591FuxnMulU7vr6uNxrB,dpTyJ7ihIOXu0gGo2F3iz,351,137,0.0,[339079953]
uZVFCkC8Mu4Badqh_vUBE,dpTyJ7ihIOXu0gGo2F3iz,260,277,427.71917523594124,"[1128478568, 1128477650, 1128476537, 7029035469, 4168310134, 339079529, 6984376042, 7015017018]"
ujMXATExhhRj9qgxcopKv,dpTyJ7ihIOXu0gGo2F3iz,362,89,1201.908126207022,"[6486037383, 2565386143, 6486037804, 6485813848, 6486037802, 4168312852, 6486037799, 6485813839, 4168314747, 6486037796, 6485813820, 2578433071, 2578433072, 2578433073, 2578433074, 2578433075, 5672083417, 4168315809, 1128069147, 3143411513, 7014882208, 3143411485, 3143412033, 3143411520, 7014882195, 6485670784, 3143411495, 6989895844, 2578433065, 6989895843, 5392895112]"
BDGXXpou9Eb38xEVTNUs2,dzTiXNOiyKbSpiehbFk-a,120,40,0.0,[1175843806]
CTJ48OMS2Nn2CyW093CBk,dzTiXNOiyKbSpiehbFk-a,15,40,0.0,[1175843806]
Rx10-oSKyoIJDvbVd1Py3,dzTiXNOiyKbSpiehbFk-a,29,40,0.0,[1175843806]
XQFjzrlmVSDo00hpPwPD9,dzTiXNOiyKbSpiehbFk-a,39,40,0.0,[1175843806]
djf-0ENVceYNg5x6O7HGq,dzTiXNOiyKbSpiehbFk-a,109,40,0.0,[1175843806]
gboAfb13A28YhAJkt-Pkx,dzTiXNOiyKbSpiehbFk-a,400,400,0.0,[2430596313]
wh9cIxqRBTvvkxeMtkHAi,dzTiXNOiyKbSpiehbFk-a,400,400,0.0,[2430596313]
zwjvZyv-K7qfVyipl6li5,dzTiXNOiyKbSpiehbFk-a,2,40,0.0,[1175843806]
0fV-oHdZjqIXEVAq-5E7b,dzTiXNOiyKbSpiehbFk-a,360,40,0.0,[1175843806]
2HEouGQcgjyXwlsq69h3S,dzTiXNOiyKbSpiehbFk-a,300,360,349.74068937636184,"[1886295998, 1888346013, 260758574, 4781919524, 4781919525, 4323952889, 5727317783, 10562355384, 1886295269]"
2sefONCZ5v5w4bCF1ybYX,dzTiXNOiyKbSpiehbFk-a,85,360,349.74068937636184,"[1886295998, 1888346013, 260758574, 4781919524, 4781919525, 4323952889, 5727317783, 10562355384, 1886295269]"
50n7_gqFiIrgeNHtVzwF0,dzTiXNOiyKbSpiehbFk-a,326,40,0.0,[1175843806]
6Jzbm71jwnmQuuO9P7ngg,dzTiXNOiyKbSpiehbFk-a,267,40,0.0,[1175843806]
8CWoTtootKoeWNjoE5oOP,dzTiXNOiyKbSpiehbFk-a,326,40,0.0,[1175843806]
EYuJpRuohnv2M2djd0oRb,dzTiXNOiyKbSpiehbFk-a,397,360,349.74068937636184,"[1886295998, 1888346013, 260758574, 4781919524, 4781919525, 4323952889, 5727317783, 10562355384, 1886295269]"
EqpMMSAPpyyeIs0OPJu7A,dzTiXNOiyKbSpiehbFk-a,98,360,349.74068937636184,"[1886295998, 1888346013, 260758574, 4781919524, 4781919525, 4323952889, 5727317783, 10562355384, 1886295269]"
EvMcmidrqDryWEcBEqdU2,dzTiXNOiyKbSpiehbFk-a,425,360,349.74068937636184,"[1886295998, 1888346013, 260758574, 4781919524, 4781919525, 4323952889, 5727317783, 10562355384, 1886295269]"
I4AY9d0_JCb661dki5jy7,dzTiXNOiyKbSpiehbFk-a,425,40,0.0,[1175843806]
KNOT7t80YXwsfYupjUiTk,dzTiXNOiyKbSpiehbFk-a,426,40,0.0,[1175843806]
QcjXCusjL37XD0vtFPM_z,dzTiXNOiyKbSpiehbFk-a,269,360,349.74068937636184,"[1886295998, 1888346013, 260758574, 4781919524, 4781919525, 4323952889, 5727317783, 10562355384, 1886295269]"
T6BRc19d7TrtHQroCLymy,dzTiXNOiyKbSpiehbFk-a,192,40,0.0,[1175843806]
V-tNyPwMd_7j2AAdXrBPe,dzTiXNOiyKbSpiehbFk-a,278,360,349.74068937636184,"[1886295998, 1888346013, 260758574, 4781919524, 4781919525, 4323952889, 5727317783, 10562355384, 1886295269]"
VqsKdXjc_nTkIE8PZUK7V,dzTiXNOiyKbSpiehbFk-a,93,360,349.74068937636184,"[1886295998, 1888346013, 260758574, 4781919524, 4781919525, 4323952889, 5727317783, 10562355384, 1886295269]"
XxUPXIlZHVjWT_a7YqhHy,dzTiXNOiyKbSpiehbFk-a,426,40,0.0,[1175843806]
_RCpDqcLlmzJHSPPy8bli,dzTiXNOiyKbSpiehbFk-a,192,40,0.0,[1175843806]
cQIW-LxFXCIuxPpIw4MR2,dzTiXNOiyKbSpiehbFk-a,296,40,0.0,[1175843806]
eW27jXPyPLkZFOoF5g9lr,dzTiXNOiyKbSpiehbFk-a,433,360,349.74068937636184,"[1886295998, 1888346013, 260758574, 4781919524, 4781919525, 4323952889, 5727317783, 10562355384, 1886295269]"
lQGthxPF7d3FXnmoZFGLV,dzTiXNOiyKbSpiehbFk-a,426,40,0.0,[1175843806]
p2DY4x4NaqXRC1gG9cwiY,dzTiXNOiyKbSpiehbFk-a,359,40,0.0,[1175843806]
w5lnA7aOkl9RbW6RzoEdG,dzTiXNOiyKbSpiehbFk-a,416,360,349.74068937636184,"[1886295998, 1888346013, 260758574, 4781919524, 4781919525, 4323952889, 5727317783, 10562355384, 1886295269]"
z2W-2EVP76_5pF_4R0HbR,dzTiXNOiyKbSpiehbFk-a,360,40,0.0,[1175843806]
0fV-oHdZjqIXEVAq-5E7b,eW27jXPyPLkZFOoF5g9lr,360,359,349.74068937636184,"[1886295269, 10562355384, 5727317783, 4323952889, 4781919525, 4781919524, 260758574, 1888346013, 1886295998]"
3I93k-8Viq6W8QFXbpmUU,eW27jXPyPLkZFOoF5g9lr,362,359,174.1628211676752,"[260758678, 1888346077, 1888346018, 1888346013, 1886295998]"
8NzGmmMDzhEhQEXbQjJTl,eW27jXPyPLkZFOoF5g9lr,362,359,174.1628211676752,"[260758678, 1888346077, 1888346018, 1888346013, 1886295998]"
E_oc6kDbFdlvVaZssBQex,eW27jXPyPLkZFOoF5g9lr,405,405,0.0,[7927564332]
LrIznn0Nk3YYvE6SV4NT_,eW27jXPyPLkZFOoF5g9lr,361,359,177.45045235544677,"[260758565, 260758574, 1888346013, 1886295998]"
SqToUMEw-z1wSe52v0JGh,eW27jXPyPLkZFOoF5g9lr,362,359,174.1628211676752,"[260758678, 1888346077, 1888346018, 1888346013, 1886295998]"
dzTiXNOiyKbSpiehbFk-a,eW27jXPyPLkZFOoF5g9lr,360,359,349.74068937636184,"[1886295269, 10562355384, 5727317783, 4323952889, 4781919525, 4781919524, 260758574, 1888346013, 1886295998]"
oepuTc06iN5U0ZwjmqZIj,eW27jXPyPLkZFOoF5g9lr,424,424,0.0,[4323950582]
p2DY4x4NaqXRC1gG9cwiY,eW27jXPyPLkZFOoF5g9lr,359,359,0.0,[1886295998]
pIaHBI4j1KA7mIDUenoKC,eW27jXPyPLkZFOoF5g9lr,360,359,349.74068937636184,"[1886295269, 10562355384, 5727317783, 4323952889, 4781919525, 4781919524, 260758574, 1888346013, 1886295998]"
ujMXATExhhRj9qgxcopKv,eW27jXPyPLkZFOoF5g9lr,362,359,174.1628211676752,"[260758678, 1888346077, 1888346018, 1888346013, 1886295998]"
wk7z0bHFULyZrQtvEvO1X,eW27jXPyPLkZFOoF5g9lr,360,359,349.74068937636184,"[1886295269, 10562355384, 5727317783, 4323952889, 4781919525, 4781919524, 260758574, 1888346013, 1886295998]"
z2W-2EVP76_5pF_4R0HbR,eW27jXPyPLkZFOoF5g9lr,360,359,349.74068937636184,"[1886295269, 10562355384, 5727317783, 4323952889, 4781919525, 4781919524, 260758574, 1888346013, 1886295998]"
2HEouGQcgjyXwlsq69h3S,eW27jXPyPLkZFOoF5g9lr,300,359,0.0,[1886295998]
2sefONCZ5v5w4bCF1ybYX,eW27jXPyPLkZFOoF5g9lr,85,359,0.0,[1886295998]
EYuJpRuohnv2M2djd0oRb,eW27jXPyPLkZFOoF5g9lr,397,359,0.0,[1886295998]
EqpMMSAPpyyeIs0OPJu7A,eW27jXPyPLkZFOoF5g9lr,98,359,0.0,[1886295998]
EvMcmidrqDryWEcBEqdU2,eW27jXPyPLkZFOoF5g9lr,425,359,0.0,[1886295998]
QcjXCusjL37XD0vtFPM_z,eW27jXPyPLkZFOoF5g9lr,269,359,0.0,[1886295998]
V-tNyPwMd_7j2AAdXrBPe,eW27jXPyPLkZFOoF5g9lr,278,359,0.0,[1886295998]
VqsKdXjc_nTkIE8PZUK7V,eW27jXPyPLkZFOoF5g9lr,93,359,0.0,[1886295998]
djf-0ENVceYNg5x6O7HGq,eW27jXPyPLkZFOoF5g9lr,109,359,0.0,[1886295998]
nl0Bhq5jfJUhmpghbnEaV,eW27jXPyPLkZFOoF5g9lr,48,402,0.0,[5720425342]
w5lnA7aOkl9RbW6RzoEdG,eW27jXPyPLkZFOoF5g9lr,416,359,0.0,[1886295998]
5NjpP8xmvr1-OYnw7E5Jn,edXbrlxHb468dADNBXJ2G,258,257,0.0,[527907675]
E14B9x9RNkVqAHJvJBYqa,edXbrlxHb468dADNBXJ2G,260,257,1718.9740535555727,"[2578490157, 2578490159, 8453065323, 3874622840, 3874622828, 6497712303, 3886119092, 3886119091, 3886119089, 3966680361, 3966680359, 3886119090, 6089466960, 4168310061, 527909094, 527909092, 527909089, 527909087, 6490411820, 4168311794, 527907264, 527907823, 527907675]"
uZVFCkC8Mu4Badqh_vUBE,edXbrlxHb468dADNBXJ2G,260,257,1718.9740535555727,"[2578490157, 2578490159, 8453065323, 3874622840, 3874622828, 6497712303, 3886119092, 3886119091, 3886119089, 3966680361, 3966680359, 3886119090, 6089466960, 4168310061, 527909094, 527909092, 527909089, 527909087, 6490411820, 4168311794, 527907264, 527907823, 527907675]"
2sefONCZ5v5w4bCF1ybYX,fB7NaX7GmaEe7N8SDajYa,85,86,288.4122237156089,"[6952128713, 6952128699, 6952128710, 6491266231, 4168314394, 12287636104, 5392868396, 5392868419, 5392868394, 6953774176]"
TPxz_LmHA0qyDz7QFLo1e,fB7NaX7GmaEe7N8SDajYa,280,279,1738.3370217466745,"[6488486115, 1128092175, 1128091960, 1128092208, 6511710409, 7927561316, 7041539368, 4168313563, 1128478568, 1128477650, 1128476537, 7029035469, 4168310134, 339079529, 7044630380, 4002066933, 8442698387, 7044630377, 7044630378, 8442698359, 7111551009, 7016571657, 9204541535]"
jmLM1TsmnRPlkOtGUD0nu,fB7NaX7GmaEe7N8SDajYa,85,86,288.4122237156089,"[6952128713, 6952128699, 6952128710, 6491266231, 4168314394, 12287636104, 5392868396, 5392868419, 5392868394, 6953774176]"
llujnjcOUaGBRa_Jecss3,fB7NaX7GmaEe7N8SDajYa,279,279,0.0,[9204541535]
vToQ2sD35oGmngQzvKN9j,fB7NaX7GmaEe7N8SDajYa,83,84,746.2636250717478,"[6491281002, 4168310881, 5392896733, 6491617940, 6491820197, 8422859630]"
QKCnSGkAqgRmQ4fUeYRP-,fB7NaX7GmaEe7N8SDajYa,305,277,0.0,[7015017018]
W1YoMQsS8c1ZcZdd_AJ4R,fB7NaX7GmaEe7N8SDajYa,122,86,161.07761433804978,"[6966026052, 6966026040, 6966026038, 6966026042, 6966026049, 6966026051, 6953774176]"
d591FuxnMulU7vr6uNxrB,fB7NaX7GmaEe7N8SDajYa,351,137,0.0,[339079953]
uZVFCkC8Mu4Badqh_vUBE,fB7NaX7GmaEe7N8SDajYa,260,277,427.71917523594124,"[1128478568, 1128477650, 1128476537, 7029035469, 4168310134, 339079529, 6984376042, 7015017018]"
yX2mhzfbx4_bbd2DANmLp,fB7NaX7GmaEe7N8SDajYa,135,86,161.07761433804978,"[6966026052, 6966026040, 6966026038, 6966026042, 6966026049, 6966026051, 6953774176]"
BDGXXpou9Eb38xEVTNUs2,gboAfb13A28YhAJkt-Pkx,120,22,0.0,[1175843806]
CTJ48OMS2Nn2CyW093CBk,gboAfb13A28YhAJkt-Pkx,15,22,0.0,[1175843806]
Rx10-oSKyoIJDvbVd1Py3,gboAfb13A28YhAJkt-Pkx,29,22,0.0,[1175843806]
XQFjzrlmVSDo00hpPwPD9,gboAfb13A28YhAJkt-Pkx,39,22,0.0,[1175843806]
djf-0ENVceYNg5x6O7HGq,gboAfb13A28YhAJkt-Pkx,109,22,0.0,[1175843806]
zwjvZyv-K7qfVyipl6li5,gboAfb13A28YhAJkt-Pkx,2,22,0.0,[1175843806]
0fV-oHdZjqIXEVAq-5E7b,gboAfb13A28YhAJkt-Pkx,360,22,0.0,[1175843806]
50n7_gqFiIrgeNHtVzwF0,gboAfb13A28YhAJkt-Pkx,326,22,0.0,[1175843806]
6Jzbm71jwnmQuuO9P7ngg,gboAfb13A28YhAJkt-Pkx,267,22,0.0,[1175843806]
8CWoTtootKoeWNjoE5oOP,gboAfb13A28YhAJkt-Pkx,326,22,0.0,[1175843806]
I4AY9d0_JCb661dki5jy7,gboAfb13A28YhAJkt-Pkx,425,22,0.0,[1175843806]
KNOT7t80YXwsfYupjUiTk,gboAfb13A28YhAJkt-Pkx,426,22,0.0,[1175843806]
T6BRc19d7TrtHQroCLymy,gboAfb13A28YhAJkt-Pkx,192,22,0.0,[1175843806]
XxUPXIlZHVjWT_a7YqhHy,gboAfb13A28YhAJkt-Pkx,426,22,0.0,[1175843806]
_RCpDqcLlmzJHSPPy8bli,gboAfb13A28YhAJkt-Pkx,192,22,0.0,[1175843806]
cQIW-LxFXCIuxPpIw4MR2,gboAfb13A28YhAJkt-Pkx,296,22,0.0,[1175843806]
dzTiXNOiyKbSpiehbFk-a,gboAfb13A28YhAJkt-Pkx,360,22,0.0,[1175843806]
lQGthxPF7d3FXnmoZFGLV,gboAfb13A28YhAJkt-Pkx,426,22,0.0,[1175843806]
p2DY4x4NaqXRC1gG9cwiY,gboAfb13A28YhAJkt-Pkx,359,22,0.0,[1175843806]
wh9cIxqRBTvvkxeMtkHAi,gboAfb13A28YhAJkt-Pkx,400,22,0.0,[1175843806]
z2W-2EVP76_5pF_4R0HbR,gboAfb13A28YhAJkt-Pkx,360,22,0.0,[1175843806]
0WNbk9MGSKJVqVAWMBS1q,hMo27Nx4A3lFCdh0tNdmf,182,182,0.0,[260754134]
7udRe7A9ekRD6rtEEN_uD,hMo27Nx4A3lFCdh0tNdmf,189,195,198.9339859709625,"[6446573515, 276659249, 1885931733, 6818143503, 276659446, 1892904326]"
DKfQEdGZMwRbkHDkrwcPx,hMo27Nx4A3lFCdh0tNdmf,54,55,8.794603919653644,"[6110752372, 1837555638]"
FaHumA7HIyjyuC7E4M1jZ,hMo27Nx4A3lFCdh0tNdmf,189,195,198.9339859709625,"[6446573515, 276659249, 1885931733, 6818143503, 276659446, 1892904326]"
O-PLpyiKLXCmTOTN2ykl2,hMo27Nx4A3lFCdh0tNdmf,192,192,0.0,[1814665419]
T6BRc19d7TrtHQroCLymy,hMo27Nx4A3lFCdh0tNdmf,192,192,0.0,[1814665419]
V_vEOLz-VvDvsJC4jk5JR,hMo27Nx4A3lFCdh0tNdmf,190,192,117.06575927290262,"[262336905, 274589372, 1814665419]"
_RCpDqcLlmzJHSPPy8bli,hMo27Nx4A3lFCdh0tNdmf,192,192,0.0,[1814665419]
bAytab6a3g8pFmPeUQC1L,hMo27Nx4A3lFCdh0tNdmf,161,161,0.0,[6838199891]
dC4CWsX_TbK9g5r1kzt4S,hMo27Nx4A3lFCdh0tNdmf,48,49,0.0,[4166035500]
edXbrlxHb468dADNBXJ2G,hMo27Nx4A3lFCdh0tNdmf,216,219,308.5375535809871,"[6985079820, 339081311, 7048869158, 527831696, 8442698477, 6985153417]"
lbr0LeYaqC-PO2eSd5dsH,hMo27Nx4A3lFCdh0tNdmf,189,195,198.9339859709625,"[6446573515, 276659249, 1885931733, 6818143503, 276659446, 1892904326]"
nd53PomhCqmjY7ykLQy83,hMo27Nx4A3lFCdh0tNdmf,79,78,143.028829084899,"[3879996652, 5503106645, 5503106644, 6992201151]"
nl0Bhq5jfJUhmpghbnEaV,hMo27Nx4A3lFCdh0tNdmf,48,49,0.0,[4166035500]
ruQq1su0J7bVhBjmIi2kw,hMo27Nx4A3lFCdh0tNdmf,195,195,0.0,[1892904326]
xkITynYnba-VdPTlpu5kL,hMo27Nx4A3lFCdh0tNdmf,219,219,0.0,[6985153417]
2z926Q9o3YtgjyoxtMW1d,hMo27Nx4A3lFCdh0tNdmf,425,195,0.0,[1892904326]
5NjpP8xmvr1-OYnw7E5Jn,hMo27Nx4A3lFCdh0tNdmf,258,195,0.0,[1892904326]
7vCDYOyx9Gj6RZuCS5Igi,hMo27Nx4A3lFCdh0tNdmf,156,49,0.0,[4166035500]
8ExRMTw-r4JAqxk8WGljD,hMo27Nx4A3lFCdh0tNdmf,269,164,258.9675114226784,"[6820743471, 6818071295, 8442254840, 6818071294, 10970226966, 10970226974, 12294249715, 10970226972, 6950726138, 6838199963]"
E14B9x9RNkVqAHJvJBYqa,hMo27Nx4A3lFCdh0tNdmf,260,195,0.0,[1892904326]
EWmI2x176BtYHecDIWm2H,hMo27Nx4A3lFCdh0tNdmf,89,159,248.79703950937954,"[6968555662, 6968597393, 6838199945, 6976216291, 6976216292, 6968597415, 6906702773]"
E_oc6kDbFdlvVaZssBQex,hMo27Nx4A3lFCdh0tNdmf,405,159,0.0,[6906702773]
Jahu5bHSRsdCyh3p5H6cJ,hMo27Nx4A3lFCdh0tNdmf,156,78,0.0,[6992201151]
NwvVKB38LtB63C0PtEo-i,hMo27Nx4A3lFCdh0tNdmf,425,230,0.0,[6952038537]
SqToUMEw-z1wSe52v0JGh,hMo27Nx4A3lFCdh0tNdmf,362,49,0.0,[4166035500]
jmLM1TsmnRPlkOtGUD0nu,hMo27Nx4A3lFCdh0tNdmf,85,182,12.670053350258444,"[3883555026, 260754134]"
kdziSzfhBj4JiBeVoloxo,hMo27Nx4A3lFCdh0tNdmf,344,195,70.91761918018832,"[1892904334, 4323956583, 1892904326]"
o8mSXE7IgJWToUsU4NnFr,hMo27Nx4A3lFCdh0tNdmf,277,192,0.0,[1814665419]
oepuTc06iN5U0ZwjmqZIj,hMo27Nx4A3lFCdh0tNdmf,424,199,180.97182328188137,"[6953678227, 261726784]"
rJNlVBeJYLnin9iUCfQ8_,hMo27Nx4A3lFCdh0tNdmf,310,195,70.91761918018832,"[1892904334, 4323956583, 1892904326]"
wk7z0bHFULyZrQtvEvO1X,hMo27Nx4A3lFCdh0tNdmf,360,159,277.9585075681799,"[6521042214, 6968555684, 6521042215, 6968597386, 6968597385, 6968597390, 6968597415, 6906702773]"
xg6X_6yI3-x6agQaIKy0r,hMo27Nx4A3lFCdh0tNdmf,309,192,117.06575927290262,"[262336905, 274589372, 1814665419]"
-Z1R0bmP-3IQrktLaw1-i,hx4EeoLjM7NJfnYrVfGvk,301,445,1993.1691896509012,"[7043828811, 7043828810, 9414993328, 7023732362, 7023732364, 7023732365, 7113581393, 7113581389, 7113581387, 7113581386, 5392019578, 9368774130, 4168311512, 9368718200, 7041564226, 317908405]"
1Ctgvye_a8bTjvozOsfEX,hx4EeoLjM7NJfnYrVfGvk,177,176,0.0,[6477633140]
2HEouGQcgjyXwlsq69h3S,hx4EeoLjM7NJfnYrVfGvk,300,445,1854.8090433424386,"[9414993322, 7014712781, 7043828810, 9414993328, 7023732362, 7023732364, 7023732365, 7113581393, 7113581389, 7113581387, 7113581386, 5392019578, 9368774130, 4168311512, 9368718200, 7041564226, 317908405]"
S8t0ygpYGRBLHfPC3bjJm,hx4EeoLjM7NJfnYrVfGvk,175,176,4316.147965308224,"[6984393502, 6984393496, 6984393497, 6984393495, 6966913944, 6977240803, 6977240658, 6977240801, 6977240809, 6485868050, 6485857238, 7011812106, 6485857224, 7014739939, 6486022036, 6485857211, 7011812107, 6485868051, 5392019578, 7113581386, 7041564231, 9368774140, 7041564194, 6488715716, 6488715717, 7041564195, 7041564214, 7041564201, 7041564217, 7041564204, 7041564218, 6994855543, 6994855541, 6994855509, 6994855519, 6994855550, 6994847782, 6994855498, 5392201252, 6994847763, 9365261066, 6478133669, 6477633142, 6994855615, 6994855614, 6477768986, 6994855668, 6477633141, 6477633140]"
2vubw4wDlR7h4SuBBiS6p,hx4EeoLjM7NJfnYrVfGvk,425,445,1993.1691896509012,"[7043828811, 7043828810, 9414993328, 7023732362, 7023732364, 7023732365, 7113581393, 7113581389, 7113581387, 7113581386, 5392019578, 9368774130, 4168311512, 9368718200, 7041564226, 317908405]"
CTJ48OMS2Nn2CyW093CBk,hx4EeoLjM7NJfnYrVfGvk,15,445,1993.1691896509012,"[7043828811, 7043828810, 9414993328, 7023732362, 7023732364, 7023732365, 7113581393, 7113581389, 7113581387, 7113581386, 5392019578, 9368774130, 4168311512, 9368718200, 7041564226, 317908405]"
DaGuT_I6g5QpO40EcF4u7,hx4EeoLjM7NJfnYrVfGvk,419,445,2013.0140755243524,"[9359493413, 9359493410, 9359493415, 9414993319, 9414993322, 7014712781, 7043828810, 9414993328, 7023732362, 7023732364, 7023732365, 7113581393, 7113581389, 7113581387, 7113581386, 5392019578, 9368774130, 4168311512, 9368718200, 7041564226, 317908405]"
FaHumA7HIyjyuC7E4M1jZ,hx4EeoLjM7NJfnYrVfGvk,189,445,0.0,[317908405]
tMb6GY09D_zaob3QQV8vM,hx4EeoLjM7NJfnYrVfGvk,179,445,0.0,[317908405]
0WNbk9MGSKJVqVAWMBS1q,jmLM1TsmnRPlkOtGUD0nu,182,183,12.670053350258444,"[260754134, 3883555026]"
7udRe7A9ekRD6rtEEN_uD,jmLM1TsmnRPlkOtGUD0nu,189,194,198.9339859709625,"[6446573515, 276659249, 1885931733, 6818143503, 276659446, 1892904326]"
EWmI2x176BtYHecDIWm2H,jmLM1TsmnRPlkOtGUD0nu,89,89,0.0,[5392895112]
FaHumA7HIyjyuC7E4M1jZ,jmLM1TsmnRPlkOtGUD0nu,189,194,198.9339859709625,"[6446573515, 276659249, 1885931733, 6818143503, 276659446, 1892904326]"
I46ZQc9g0OMvTpnnq0RXs,jmLM1TsmnRPlkOtGUD0nu,14,14,0.0,[4168314500]
O-PLpyiKLXCmTOTN2ykl2,jmLM1TsmnRPlkOtGUD0nu,192,193,0.0,[1814665419]
T6BRc19d7TrtHQroCLymy,jmLM1TsmnRPlkOtGUD0nu,192,193,0.0,[1814665419]
V_vEOLz-VvDvsJC4jk5JR,jmLM1TsmnRPlkOtGUD0nu,190,193,117.06575927290262,"[262336905, 274589372, 1814665419]"
VqsKdXjc_nTkIE8PZUK7V,jmLM1TsmnRPlkOtGUD0nu,93,89,117.68109633372404,"[3143411495, 6989895844, 2578433065, 6989895843, 5392895112]"
_RCpDqcLlmzJHSPPy8bli,jmLM1TsmnRPlkOtGUD0nu,192,193,0.0,[1814665419]
edXbrlxHb468dADNBXJ2G,jmLM1TsmnRPlkOtGUD0nu,216,218,308.5375535809871,"[6985079820, 339081311, 7048869158, 527831696, 8442698477, 6985153417]"
lbr0LeYaqC-PO2eSd5dsH,jmLM1TsmnRPlkOtGUD0nu,189,194,198.9339859709625,"[6446573515, 276659249, 1885931733, 6818143503, 276659446, 1892904326]"
ruQq1su0J7bVhBjmIi2kw,jmLM1TsmnRPlkOtGUD0nu,195,194,0.0,[1892904326]
xkITynYnba-VdPTlpu5kL,jmLM1TsmnRPlkOtGUD0nu,219,218,0.0,[6985153417]
2z926Q9o3YtgjyoxtMW1d,jmLM1TsmnRPlkOtGUD0nu,425,194,0.0,[1892904326]
5NjpP8xmvr1-OYnw7E5Jn,jmLM1TsmnRPlkOtGUD0nu,258,194,0.0,[1892904326]
DKfQEdGZMwRbkHDkrwcPx,jmLM1TsmnRPlkOtGUD0nu,54,194,172.0613700674482,"[6943200496, 276659249, 1885931733, 6818143503, 276659446, 1892904326]"
E14B9x9RNkVqAHJvJBYqa,jmLM1TsmnRPlkOtGUD0nu,260,194,0.0,[1892904326]
NwvVKB38LtB63C0PtEo-i,jmLM1TsmnRPlkOtGUD0nu,425,225,6805.614686096191,"[6952038537, 6952038534, 6952038526, 6953539418, 6952038523, 6952038519, 6952035739, 6952035732, 6491614424, 6491614425, 6953678243, 6953678227, 261726784, 6942560970, 1892876501, 260755102, 1128125313, 1128125375, 274591723, 1884999064, 1884999079, 1884999061, 1884999051, 260755101, 5434591444, 5434591442, 1814665424, 1814665419, 274589372, 1128126150, 1128125930, 1128126056, 1128126117, 316916763, 1885696441, 276659446, 1892904326, 1885696346, 276659536, 276659637, 7025440170, 8431951862, 6513299697, 8431951870, 1885907570, 4323956955, 3890628560, 4075818998, 274589385, 274589386, 417395073, 417395122, 274589389, 260754134, 3883555026, 6971317922, 6971317926, 10904528616]"
W1YoMQsS8c1ZcZdd_AJ4R,jmLM1TsmnRPlkOtGUD0nu,122,85,449.48983805365873,"[6966026052, 6966026040, 6966026038, 6966026042, 6966026049, 6966026051, 6953774176, 5392868394, 5392868419, 5392868396, 12287636104, 4168314394, 6491266231, 6952128710, 6952128699, 6952128713]"
d591FuxnMulU7vr6uNxrB,jmLM1TsmnRPlkOtGUD0nu,351,136,2880.3098032071616,"[339079953, 11730533096, 11730525724, 6478134168, 6943204913, 2578533950, 6943204888, 6943204886, 6495045252, 6487695560, 4168311210, 339079951, 3143414570, 3143414617, 2578504588, 2578504563, 5392868396, 12287636104, 6491234133, 4168312575, 1128090074, 6953774159, 1128090046, 339079362, 2578499668, 12053003697, 8424959089, 8424959109, 8424959097, 8424959095, 12053003701]"
kdziSzfhBj4JiBeVoloxo,jmLM1TsmnRPlkOtGUD0nu,344,194,70.91761918018832,"[1892904334, 4323956583, 1892904326]"
o8mSXE7IgJWToUsU4NnFr,jmLM1TsmnRPlkOtGUD0nu,277,193,0.0,[1814665419]
oepuTc06iN5U0ZwjmqZIj,jmLM1TsmnRPlkOtGUD0nu,424,198,180.97182328188137,"[6953678227, 261726784]"
rJNlVBeJYLnin9iUCfQ8_,jmLM1TsmnRPlkOtGUD0nu,310,194,70.91761918018832,"[1892904334, 4323956583, 1892904326]"
ujMXATExhhRj9qgxcopKv,jmLM1TsmnRPlkOtGUD0nu,362,89,1201.908126207022,"[6486037383, 2565386143, 6486037804, 6485813848, 6486037802, 4168312852, 6486037799, 6485813839, 4168314747, 6486037796, 6485813820, 2578433071, 2578433072, 2578433073, 2578433074, 2578433075, 5672083417, 4168315809, 1128069147, 3143411513, 7014882208, 3143411485, 3143412033, 3143411520, 7014882195, 6485670784, 3143411495, 6989895844, 2578433065, 6989895843, 5392895112]"
xg6X_6yI3-x6agQaIKy0r,jmLM1TsmnRPlkOtGUD0nu,309,193,117.06575927290262,"[262336905, 274589372, 1814665419]"
yX2mhzfbx4_bbd2DANmLp,jmLM1TsmnRPlkOtGUD0nu,135,85,449.48983805365873,"[6966026052, 6966026040, 6966026038, 6966026042, 6966026049, 6966026051, 6953774176, 5392868394, 5392868419, 5392868396, 12287636104, 4168314394, 6491266231, 6952128710, 6952128699, 6952128713]"
7udRe7A9ekRD6rtEEN_uD,kdziSzfhBj4JiBeVoloxo,189,188,131.2859840121987,"[6446573515, 276659249, 1885931733, 1892904334]"
FaHumA7HIyjyuC7E4M1jZ,kdziSzfhBj4JiBeVoloxo,189,188,131.2859840121987,"[6446573515, 276659249, 1885931733, 1892904334]"
O-PLpyiKLXCmTOTN2ykl2,kdziSzfhBj4JiBeVoloxo,192,190,117.06575927290262,"[1814665419, 274589372, 262336905]"
T6BRc19d7TrtHQroCLymy,kdziSzfhBj4JiBeVoloxo,192,190,117.06575927290262,"[1814665419, 274589372, 262336905]"
V_vEOLz-VvDvsJC4jk5JR,kdziSzfhBj4JiBeVoloxo,190,190,0.0,[262336905]
_RCpDqcLlmzJHSPPy8bli,kdziSzfhBj4JiBeVoloxo,192,190,117.06575927290262,"[1814665419, 274589372, 262336905]"
lbr0LeYaqC-PO2eSd5dsH,kdziSzfhBj4JiBeVoloxo,189,188,131.2859840121987,"[6446573515, 276659249, 1885931733, 1892904334]"
ruQq1su0J7bVhBjmIi2kw,kdziSzfhBj4JiBeVoloxo,195,188,70.91761918018832,"[1892904326, 4323956583, 1892904334]"
-H9LP4vuOqj-RIRCZNg_6,kdziSzfhBj4JiBeVoloxo,326,338,57.316763661122636,"[602781261, 5363987336, 5363987334, 602781295]"
2z926Q9o3YtgjyoxtMW1d,kdziSzfhBj4JiBeVoloxo,425,188,70.91761918018832,"[1892904326, 4323956583, 1892904334]"
5NjpP8xmvr1-OYnw7E5Jn,kdziSzfhBj4JiBeVoloxo,258,188,70.91761918018832,"[1892904326, 4323956583, 1892904334]"
DKfQEdGZMwRbkHDkrwcPx,kdziSzfhBj4JiBeVoloxo,54,188,104.4133681086844,"[6943200496, 276659249, 1885931733, 1892904334]"
E14B9x9RNkVqAHJvJBYqa,kdziSzfhBj4JiBeVoloxo,260,188,70.91761918018832,"[1892904326, 4323956583, 1892904334]"
o8mSXE7IgJWToUsU4NnFr,kdziSzfhBj4JiBeVoloxo,277,190,117.06575927290262,"[1814665419, 274589372, 262336905]"
rJNlVBeJYLnin9iUCfQ8_,kdziSzfhBj4JiBeVoloxo,310,188,0.0,[1892904334]
xg6X_6yI3-x6agQaIKy0r,kdziSzfhBj4JiBeVoloxo,309,190,0.0,[262336905]
xkITynYnba-VdPTlpu5kL,kdziSzfhBj4JiBeVoloxo,219,190,117.06575927290262,"[1814665419, 274589372, 262336905]"
BDGXXpou9Eb38xEVTNUs2,lQGthxPF7d3FXnmoZFGLV,120,7,0.0,[1175843806]
CTJ48OMS2Nn2CyW093CBk,lQGthxPF7d3FXnmoZFGLV,15,7,0.0,[1175843806]
Rx10-oSKyoIJDvbVd1Py3,lQGthxPF7d3FXnmoZFGLV,29,7,0.0,[1175843806]
XQFjzrlmVSDo00hpPwPD9,lQGthxPF7d3FXnmoZFGLV,39,7,0.0,[1175843806]
djf-0ENVceYNg5x6O7HGq,lQGthxPF7d3FXnmoZFGLV,109,7,0.0,[1175843806]
zwjvZyv-K7qfVyipl6li5,lQGthxPF7d3FXnmoZFGLV,2,7,0.0,[1175843806]
0fV-oHdZjqIXEVAq-5E7b,lQGthxPF7d3FXnmoZFGLV,360,7,0.0,[1175843806]
50n7_gqFiIrgeNHtVzwF0,lQGthxPF7d3FXnmoZFGLV,326,7,0.0,[1175843806]
6Jzbm71jwnmQuuO9P7ngg,lQGthxPF7d3FXnmoZFGLV,267,7,0.0,[1175843806]
8CWoTtootKoeWNjoE5oOP,lQGthxPF7d3FXnmoZFGLV,326,7,0.0,[1175843806]
I4AY9d0_JCb661dki5jy7,lQGthxPF7d3FXnmoZFGLV,425,7,0.0,[1175843806]
KNOT7t80YXwsfYupjUiTk,lQGthxPF7d3FXnmoZFGLV,426,7,0.0,[1175843806]
T6BRc19d7TrtHQroCLymy,lQGthxPF7d3FXnmoZFGLV,192,7,0.0,[1175843806]
XxUPXIlZHVjWT_a7YqhHy,lQGthxPF7d3FXnmoZFGLV,426,7,0.0,[1175843806]
_RCpDqcLlmzJHSPPy8bli,lQGthxPF7d3FXnmoZFGLV,192,7,0.0,[1175843806]
bAytab6a3g8pFmPeUQC1L,lQGthxPF7d3FXnmoZFGLV,161,426,127.83425607963296,"[5594506889, 5594506900, 10989259965, 11381058358, 11381058378]"
cQIW-LxFXCIuxPpIw4MR2,lQGthxPF7d3FXnmoZFGLV,296,7,0.0,[1175843806]
dzTiXNOiyKbSpiehbFk-a,lQGthxPF7d3FXnmoZFGLV,360,7,0.0,[1175843806]
gboAfb13A28YhAJkt-Pkx,lQGthxPF7d3FXnmoZFGLV,400,7,0.0,[1175843806]
nd53PomhCqmjY7ykLQy83,lQGthxPF7d3FXnmoZFGLV,79,426,127.83425607963296,"[5594506889, 5594506900, 10989259965, 11381058358, 11381058378]"
p2DY4x4NaqXRC1gG9cwiY,lQGthxPF7d3FXnmoZFGLV,359,7,0.0,[1175843806]
rff5rfv-fQCJyBaPUiuhB,lQGthxPF7d3FXnmoZFGLV,277,426,127.83425607963296,"[5594506889, 5594506900, 10989259965, 11381058358, 11381058378]"
tv4mLSYvBC5Q4aSnL5h83,lQGthxPF7d3FXnmoZFGLV,98,426,127.83425607963296,"[5594506889, 5594506900, 10989259965, 11381058358, 11381058378]"
wh9cIxqRBTvvkxeMtkHAi,lQGthxPF7d3FXnmoZFGLV,400,7,0.0,[1175843806]
z2W-2EVP76_5pF_4R0HbR,lQGthxPF7d3FXnmoZFGLV,360,7,0.0,[1175843806]
O-PLpyiKLXCmTOTN2ykl2,lbr0LeYaqC-PO2eSd5dsH,192,192,0.0,[1814665419]
T6BRc19d7TrtHQroCLymy,lbr0LeYaqC-PO2eSd5dsH,192,192,0.0,[1814665419]
V_vEOLz-VvDvsJC4jk5JR,lbr0LeYaqC-PO2eSd5dsH,190,192,117.06575927290262,"[262336905, 274589372, 1814665419]"
_RCpDqcLlmzJHSPPy8bli,lbr0LeYaqC-PO2eSd5dsH,192,192,0.0,[1814665419]
2z926Q9o3YtgjyoxtMW1d,lbr0LeYaqC-PO2eSd5dsH,425,189,198.9339859709625,"[1892904326, 276659446, 6818143503, 1885931733, 276659249, 6446573515]"
5NjpP8xmvr1-OYnw7E5Jn,lbr0LeYaqC-PO2eSd5dsH,258,189,198.9339859709625,"[1892904326, 276659446, 6818143503, 1885931733, 276659249, 6446573515]"
DKfQEdGZMwRbkHDkrwcPx,lbr0LeYaqC-PO2eSd5dsH,54,189,82.33558268063379,"[6943200496, 2430597339, 6446573511, 6446573515]"
E14B9x9RNkVqAHJvJBYqa,lbr0LeYaqC-PO2eSd5dsH,260,189,198.9339859709625,"[1892904326, 276659446, 6818143503, 1885931733, 276659249, 6446573515]"
kdziSzfhBj4JiBeVoloxo,lbr0LeYaqC-PO2eSd5dsH,344,189,131.2859840121987,"[1892904334, 1885931733, 276659249, 6446573515]"
o8mSXE7IgJWToUsU4NnFr,lbr0LeYaqC-PO2eSd5dsH,277,192,0.0,[1814665419]
oepuTc06iN5U0ZwjmqZIj,lbr0LeYaqC-PO2eSd5dsH,424,224,0.0,[6953678227]
rJNlVBeJYLnin9iUCfQ8_,lbr0LeYaqC-PO2eSd5dsH,310,189,131.2859840121987,"[1892904334, 1885931733, 276659249, 6446573515]"
xg6X_6yI3-x6agQaIKy0r,lbr0LeYaqC-PO2eSd5dsH,309,192,117.06575927290262,"[262336905, 274589372, 1814665419]"
xkITynYnba-VdPTlpu5kL,lbr0LeYaqC-PO2eSd5dsH,219,192,0.0,[1814665419]
rJNlVBeJYLnin9iUCfQ8_,lgA0Qn219kk386RQHCTQ7,310,310,0.0,[5275557217]
4xf9KaKYJRkSlWjtAzeER,llujnjcOUaGBRa_Jecss3,305,304,0.0,[5392019578]
D7IwqxPBMcEQiGv3sjC3s,llujnjcOUaGBRa_Jecss3,305,304,0.0,[5392019578]
QKCnSGkAqgRmQ4fUeYRP-,llujnjcOUaGBRa_Jecss3,305,304,0.0,[5392019578]
aeeOOe3-Dtz86MK-Ltc0F,llujnjcOUaGBRa_Jecss3,305,304,0.0,[5392019578]
TPxz_LmHA0qyDz7QFLo1e,llujnjcOUaGBRa_Jecss3,280,304,0.0,[5392019578]
ndixtJMAJzaQiITLSzYz_,llujnjcOUaGBRa_Jecss3,267,304,0.0,[5392019578]
vToQ2sD35oGmngQzvKN9j,llujnjcOUaGBRa_Jecss3,83,304,0.0,[5392019578]
E_oc6kDbFdlvVaZssBQex,nd53PomhCqmjY7ykLQy83,405,404,0.0,[7927564332]
KNOT7t80YXwsfYupjUiTk,nd53PomhCqmjY7ykLQy83,426,428,127.83425607963296,"[11381058378, 11381058358, 10989259965, 5594506900, 5594506889]"
XxUPXIlZHVjWT_a7YqhHy,nd53PomhCqmjY7ykLQy83,426,428,127.83425607963296,"[11381058378, 11381058358, 10989259965, 5594506900, 5594506889]"
d1tk5YD606wPnGF4CLm4i,nd53PomhCqmjY7ykLQy83,427,428,140.34669742250887,"[4323948369, 11381058378, 11381058358, 10989259965, 5594506900, 5594506889]"
edXbrlxHb468dADNBXJ2G,nd53PomhCqmjY7ykLQy83,216,218,308.5375535809871,"[6985079820, 339081311, 7048869158, 527831696, 8442698477, 6985153417]"
lQGthxPF7d3FXnmoZFGLV,nd53PomhCqmjY7ykLQy83,426,428,127.83425607963296,"[11381058378, 11381058358, 10989259965, 5594506900, 5594506889]"
oepuTc06iN5U0ZwjmqZIj,nd53PomhCqmjY7ykLQy83,424,423,0.0,[4323950582]
xkITynYnba-VdPTlpu5kL,nd53PomhCqmjY7ykLQy83,219,218,0.0,[6985153417]
0WNbk9MGSKJVqVAWMBS1q,nd53PomhCqmjY7ykLQy83,182,79,0.0,[3879996652]
Jahu5bHSRsdCyh3p5H6cJ,nd53PomhCqmjY7ykLQy83,156,79,143.028829084899,"[6992201151, 5503106644, 5503106645, 3879996652]"
NwvVKB38LtB63C0PtEo-i,nd53PomhCqmjY7ykLQy83,425,225,6805.614686096191,"[6952038537, 6952038534, 6952038526, 6953539418, 6952038523, 6952038519, 6952035739, 6952035732, 6491614424, 6491614425, 6953678243, 6953678227, 261726784, 6942560970, 1892876501, 260755102, 1128125313, 1128125375, 274591723, 1884999064, 1884999079, 1884999061, 1884999051, 260755101, 5434591444, 5434591442, 1814665424, 1814665419, 274589372, 1128126150, 1128125930, 1128126056, 1128126117, 316916763, 1885696441, 276659446, 1892904326, 1885696346, 276659536, 276659637, 7025440170, 8431951862, 6513299697, 8431951870, 1885907570, 4323956955, 3890628560, 4075818998, 274589385, 274589386, 417395073, 417395122, 274589389, 260754134, 3883555026, 6971317922, 6971317926, 10904528616]"
bAytab6a3g8pFmPeUQC1L,nd53PomhCqmjY7ykLQy83,161,428,0.0,[5594506889]
dC4CWsX_TbK9g5r1kzt4S,nd53PomhCqmjY7ykLQy83,48,79,528.1542977656857,"[6947834641, 6947834652, 6950701610, 6950701510, 6950701618, 6950701584, 6950701583, 6123228790, 6950701628, 4168310070, 6485810773, 5672090625, 5503106644, 5503106645, 3879996652]"
rff5rfv-fQCJyBaPUiuhB,nd53PomhCqmjY7ykLQy83,277,428,0.0,[5594506889]
tv4mLSYvBC5Q4aSnL5h83,nd53PomhCqmjY7ykLQy83,98,428,0.0,[5594506889]
zwjvZyv-K7qfVyipl6li5,nd53PomhCqmjY7ykLQy83,2,428,0.0,[5594506889]
4xf9KaKYJRkSlWjtAzeER,ndixtJMAJzaQiITLSzYz_,305,304,0.0,[5392019578]
D7IwqxPBMcEQiGv3sjC3s,ndixtJMAJzaQiITLSzYz_,305,304,0.0,[5392019578]
QKCnSGkAqgRmQ4fUeYRP-,ndixtJMAJzaQiITLSzYz_,305,304,0.0,[5392019578]
aeeOOe3-Dtz86MK-Ltc0F,ndixtJMAJzaQiITLSzYz_,305,304,0.0,[5392019578]
TPxz_LmHA0qyDz7QFLo1e,ndixtJMAJzaQiITLSzYz_,280,304,0.0,[5392019578]
llujnjcOUaGBRa_Jecss3,ndixtJMAJzaQiITLSzYz_,279,304,0.0,[5392019578]
vToQ2sD35oGmngQzvKN9j,ndixtJMAJzaQiITLSzYz_,83,304,0.0,[5392019578]
DKfQEdGZMwRbkHDkrwcPx,nl0Bhq5jfJUhmpghbnEaV,54,54,0.0,[6110752372]
dC4CWsX_TbK9g5r1kzt4S,nl0Bhq5jfJUhmpghbnEaV,48,50,187.07813773457227,"[4166035500, 4166035293, 6972833641, 6112611672, 2440928906, 6972833614, 6504017603]"
edXbrlxHb468dADNBXJ2G,nl0Bhq5jfJUhmpghbnEaV,216,218,308.5375535809871,"[6985079820, 339081311, 7048869158, 527831696, 8442698477, 6985153417]"
nd53PomhCqmjY7ykLQy83,nl0Bhq5jfJUhmpghbnEaV,79,77,143.028829084899,"[3879996652, 5503106645, 5503106644, 6992201151]"
xkITynYnba-VdPTlpu5kL,nl0Bhq5jfJUhmpghbnEaV,219,218,0.0,[6985153417]
0WNbk9MGSKJVqVAWMBS1q,nl0Bhq5jfJUhmpghbnEaV,182,77,143.028829084899,"[3879996652, 5503106645, 5503106644, 6992201151]"
7vCDYOyx9Gj6RZuCS5Igi,nl0Bhq5jfJUhmpghbnEaV,156,48,0.0,[4166035500]
Jahu5bHSRsdCyh3p5H6cJ,nl0Bhq5jfJUhmpghbnEaV,156,77,0.0,[6992201151]
NwvVKB38LtB63C0PtEo-i,nl0Bhq5jfJUhmpghbnEaV,425,225,6805.614686096191,"[6952038537, 6952038534, 6952038526, 6953539418, 6952038523, 6952038519, 6952035739, 6952035732, 6491614424, 6491614425, 6953678243, 6953678227, 261726784, 6942560970, 1892876501, 260755102, 1128125313, 1128125375, 274591723, 1884999064, 1884999079, 1884999061, 1884999051, 260755101, 5434591444, 5434591442, 1814665424, 1814665419, 274589372, 1128126150, 1128125930, 1128126056, 1128126117, 316916763, 1885696441, 276659446, 1892904326, 1885696346, 276659536, 276659637, 7025440170, 8431951862, 6513299697, 8431951870, 1885907570, 4323956955, 3890628560, 4075818998, 274589385, 274589386, 417395073, 417395122, 274589389, 260754134, 3883555026, 6971317922, 6971317926, 10904528616]"
SqToUMEw-z1wSe52v0JGh,nl0Bhq5jfJUhmpghbnEaV,362,48,0.0,[4166035500]
hMo27Nx4A3lFCdh0tNdmf,nl0Bhq5jfJUhmpghbnEaV,159,48,0.0,[4166035500]
9Ge1SSHI5IgHaGIK61A7q,o7ehON1F_k7JHoHJOQYGh,294,290,0.0,[317908436]
BKzwbCqAolUfyoXfpTwIC,o7ehON1F_k7JHoHJOQYGh,325,290,0.0,[317908436]
T7uwVnYTnWKajNK7K5gyj,o7ehON1F_k7JHoHJOQYGh,179,290,0.0,[317908436]
O-PLpyiKLXCmTOTN2ykl2,o8mSXE7IgJWToUsU4NnFr,192,193,0.0,[1814665419]
T6BRc19d7TrtHQroCLymy,o8mSXE7IgJWToUsU4NnFr,192,193,0.0,[1814665419]
V_vEOLz-VvDvsJC4jk5JR,o8mSXE7IgJWToUsU4NnFr,190,193,117.06575927290262,"[262336905, 274589372, 1814665419]"
_RCpDqcLlmzJHSPPy8bli,o8mSXE7IgJWToUsU4NnFr,192,193,0.0,[1814665419]
edXbrlxHb468dADNBXJ2G,o8mSXE7IgJWToUsU4NnFr,216,218,308.5375535809871,"[6985079820, 339081311, 7048869158, 527831696, 8442698477, 6985153417]"
xkITynYnba-VdPTlpu5kL,o8mSXE7IgJWToUsU4NnFr,219,218,0.0,[6985153417]
NwvVKB38LtB63C0PtEo-i,o8mSXE7IgJWToUsU4NnFr,425,225,6805.614686096191,"[6952038537, 6952038534, 6952038526, 6953539418, 6952038523, 6952038519, 6952035739, 6952035732, 6491614424, 6491614425, 6953678243, 6953678227, 261726784, 6942560970, 1892876501, 260755102, 1128125313, 1128125375, 274591723, 1884999064, 1884999079, 1884999061, 1884999051, 260755101, 5434591444, 5434591442, 1814665424, 1814665419, 274589372, 1128126150, 1128125930, 1128126056, 1128126117, 316916763, 1885696441, 276659446, 1892904326, 1885696346, 276659536, 276659637, 7025440170, 8431951862, 6513299697, 8431951870, 1885907570, 4323956955, 3890628560, 4075818998, 274589385, 274589386, 417395073, 417395122, 274589389, 260754134, 3883555026, 6971317922, 6971317926, 10904528616]"
QKCnSGkAqgRmQ4fUeYRP-,o8mSXE7IgJWToUsU4NnFr,305,277,0.0,[7015017018]
oepuTc06iN5U0ZwjmqZIj,o8mSXE7IgJWToUsU4NnFr,424,198,180.97182328188137,"[6953678227, 261726784]"
uZVFCkC8Mu4Badqh_vUBE,o8mSXE7IgJWToUsU4NnFr,260,277,427.71917523594124,"[1128478568, 1128477650, 1128476537, 7029035469, 4168310134, 339079529, 6984376042, 7015017018]"
xg6X_6yI3-x6agQaIKy0r,o8mSXE7IgJWToUsU4NnFr,309,193,117.06575927290262,"[262336905, 274589372, 1814665419]"
E_oc6kDbFdlvVaZssBQex,oepuTc06iN5U0ZwjmqZIj,405,405,0.0,[7927564332]
nl0Bhq5jfJUhmpghbnEaV,oepuTc06iN5U0ZwjmqZIj,48,403,200.39523585404226,"[5720425342, 260758120, 6984479411]"
BDGXXpou9Eb38xEVTNUs2,p2DY4x4NaqXRC1gG9cwiY,120,121,0.0,[1175843806]
CTJ48OMS2Nn2CyW093CBk,p2DY4x4NaqXRC1gG9cwiY,15,121,0.0,[1175843806]
E_oc6kDbFdlvVaZssBQex,p2DY4x4NaqXRC1gG9cwiY,405,404,0.0,[7927564332]
Rx10-oSKyoIJDvbVd1Py3,p2DY4x4NaqXRC1gG9cwiY,29,121,0.0,[1175843806]
XQFjzrlmVSDo00hpPwPD9,p2DY4x4NaqXRC1gG9cwiY,39,121,0.0,[1175843806]
djf-0ENVceYNg5x6O7HGq,p2DY4x4NaqXRC1gG9cwiY,109,121,0.0,[1175843806]
oepuTc06iN5U0ZwjmqZIj,p2DY4x4NaqXRC1gG9cwiY,424,423,0.0,[4323950582]
zwjvZyv-K7qfVyipl6li5,p2DY4x4NaqXRC1gG9cwiY,2,121,0.0,[1175843806]
0fV-oHdZjqIXEVAq-5E7b,p2DY4x4NaqXRC1gG9cwiY,360,121,0.0,[1175843806]
2HEouGQcgjyXwlsq69h3S,p2DY4x4NaqXRC1gG9cwiY,300,359,0.0,[1886295998]
2sefONCZ5v5w4bCF1ybYX,p2DY4x4NaqXRC1gG9cwiY,85,359,0.0,[1886295998]
50n7_gqFiIrgeNHtVzwF0,p2DY4x4NaqXRC1gG9cwiY,326,121,0.0,[1175843806]
6Jzbm71jwnmQuuO9P7ngg,p2DY4x4NaqXRC1gG9cwiY,267,121,0.0,[1175843806]
8CWoTtootKoeWNjoE5oOP,p2DY4x4NaqXRC1gG9cwiY,326,121,0.0,[1175843806]
EYuJpRuohnv2M2djd0oRb,p2DY4x4NaqXRC1gG9cwiY,397,359,0.0,[1886295998]
EqpMMSAPpyyeIs0OPJu7A,p2DY4x4NaqXRC1gG9cwiY,98,359,0.0,[1886295998]
EvMcmidrqDryWEcBEqdU2,p2DY4x4NaqXRC1gG9cwiY,425,359,0.0,[1886295998]
I4AY9d0_JCb661dki5jy7,p2DY4x4NaqXRC1gG9cwiY,425,121,0.0,[1175843806]
KNOT7t80YXwsfYupjUiTk,p2DY4x4NaqXRC1gG9cwiY,426,121,0.0,[1175843806]
QcjXCusjL37XD0vtFPM_z,p2DY4x4NaqXRC1gG9cwiY,269,359,0.0,[1886295998]
T6BRc19d7TrtHQroCLymy,p2DY4x4NaqXRC1gG9cwiY,192,121,0.0,[1175843806]
V-tNyPwMd_7j2AAdXrBPe,p2DY4x4NaqXRC1gG9cwiY,278,359,0.0,[1886295998]
V_vEOLz-VvDvsJC4jk5JR,p2DY4x4NaqXRC1gG9cwiY,190,392,0.0,[10239200965]
VqsKdXjc_nTkIE8PZUK7V,p2DY4x4NaqXRC1gG9cwiY,93,359,0.0,[1886295998]
XxUPXIlZHVjWT_a7YqhHy,p2DY4x4NaqXRC1gG9cwiY,426,121,0.0,[1175843806]
_RCpDqcLlmzJHSPPy8bli,p2DY4x4NaqXRC1gG9cwiY,192,121,0.0,[1175843806]
cQIW-LxFXCIuxPpIw4MR2,p2DY4x4NaqXRC1gG9cwiY,296,121,0.0,[1175843806]
dzTiXNOiyKbSpiehbFk-a,p2DY4x4NaqXRC1gG9cwiY,360,121,0.0,[1175843806]
eW27jXPyPLkZFOoF5g9lr,p2DY4x4NaqXRC1gG9cwiY,433,359,0.0,[1886295998]
gboAfb13A28YhAJkt-Pkx,p2DY4x4NaqXRC1gG9cwiY,400,121,0.0,[1175843806]
lQGthxPF7d3FXnmoZFGLV,p2DY4x4NaqXRC1gG9cwiY,426,121,0.0,[1175843806]
nl0Bhq5jfJUhmpghbnEaV,p2DY4x4NaqXRC1gG9cwiY,48,403,200.39523585404226,"[5720425342, 260758120, 6984479411]"
pIaHBI4j1KA7mIDUenoKC,p2DY4x4NaqXRC1gG9cwiY,360,392,0.0,[10239200965]
w5lnA7aOkl9RbW6RzoEdG,p2DY4x4NaqXRC1gG9cwiY,416,359,0.0,[1886295998]
wh9cIxqRBTvvkxeMtkHAi,p2DY4x4NaqXRC1gG9cwiY,400,121,0.0,[1175843806]
z2W-2EVP76_5pF_4R0HbR,p2DY4x4NaqXRC1gG9cwiY,360,121,0.0,[1175843806]
BDGXXpou9Eb38xEVTNUs2,pIaHBI4j1KA7mIDUenoKC,120,390,0.0,[1175843806]
CTJ48OMS2Nn2CyW093CBk,pIaHBI4j1KA7mIDUenoKC,15,390,0.0,[1175843806]
E_oc6kDbFdlvVaZssBQex,pIaHBI4j1KA7mIDUenoKC,405,404,0.0,[7927564332]
Rx10-oSKyoIJDvbVd1Py3,pIaHBI4j1KA7mIDUenoKC,29,390,0.0,[1175843806]
XQFjzrlmVSDo00hpPwPD9,pIaHBI4j1KA7mIDUenoKC,39,390,0.0,[1175843806]
djf-0ENVceYNg5x6O7HGq,pIaHBI4j1KA7mIDUenoKC,109,390,0.0,[1175843806]
oepuTc06iN5U0ZwjmqZIj,pIaHBI4j1KA7mIDUenoKC,424,423,0.0,[4323950582]
zwjvZyv-K7qfVyipl6li5,pIaHBI4j1KA7mIDUenoKC,2,390,0.0,[1175843806]
0fV-oHdZjqIXEVAq-5E7b,pIaHBI4j1KA7mIDUenoKC,360,390,0.0,[1175843806]
2HEouGQcgjyXwlsq69h3S,pIaHBI4j1KA7mIDUenoKC,300,360,349.74068937636184,"[1886295998, 1888346013, 260758574, 4781919524, 4781919525, 4323952889, 5727317783, 10562355384, 1886295269]"
2sefONCZ5v5w4bCF1ybYX,pIaHBI4j1KA7mIDUenoKC,85,360,349.74068937636184,"[1886295998, 1888346013, 260758574, 4781919524, 4781919525, 4323952889, 5727317783, 10562355384, 1886295269]"
50n7_gqFiIrgeNHtVzwF0,pIaHBI4j1KA7mIDUenoKC,326,390,0.0,[1175843806]
6Jzbm71jwnmQuuO9P7ngg,pIaHBI4j1KA7mIDUenoKC,267,390,0.0,[1175843806]
8CWoTtootKoeWNjoE5oOP,pIaHBI4j1KA7mIDUenoKC,326,390,0.0,[1175843806]
EYuJpRuohnv2M2djd0oRb,pIaHBI4j1KA7mIDUenoKC,397,360,349.74068937636184,"[1886295998, 1888346013, 260758574, 4781919524, 4781919525, 4323952889, 5727317783, 10562355384, 1886295269]"
EqpMMSAPpyyeIs0OPJu7A,pIaHBI4j1KA7mIDUenoKC,98,360,349.74068937636184,"[1886295998, 1888346013, 260758574, 4781919524, 4781919525, 4323952889, 5727317783, 10562355384, 1886295269]"
EvMcmidrqDryWEcBEqdU2,pIaHBI4j1KA7mIDUenoKC,425,360,349.74068937636184,"[1886295998, 1888346013, 260758574, 4781919524, 4781919525, 4323952889, 5727317783, 10562355384, 1886295269]"
I4AY9d0_JCb661dki5jy7,pIaHBI4j1KA7mIDUenoKC,425,390,0.0,[1175843806]
KNOT7t80YXwsfYupjUiTk,pIaHBI4j1KA7mIDUenoKC,426,390,0.0,[1175843806]
QcjXCusjL37XD0vtFPM_z,pIaHBI4j1KA7mIDUenoKC,269,360,349.74068937636184,"[1886295998, 1888346013, 260758574, 4781919524, 4781919525, 4323952889, 5727317783, 10562355384, 1886295269]"
T6BRc19d7TrtHQroCLymy,pIaHBI4j1KA7mIDUenoKC,192,390,0.0,[1175843806]
V-tNyPwMd_7j2AAdXrBPe,pIaHBI4j1KA7mIDUenoKC,278,360,349.74068937636184,"[1886295998, 1888346013, 260758574, 4781919524, 4781919525, 4323952889, 5727317783, 10562355384, 1886295269]"
V_vEOLz-VvDvsJC4jk5JR,pIaHBI4j1KA7mIDUenoKC,190,392,0.0,[10239200965]
VqsKdXjc_nTkIE8PZUK7V,pIaHBI4j1KA7mIDUenoKC,93,360,349.74068937636184,"[1886295998, 1888346013, 260758574, 4781919524, 4781919525, 4323952889, 5727317783, 10562355384, 1886295269]"
XxUPXIlZHVjWT_a7YqhHy,pIaHBI4j1KA7mIDUenoKC,426,390,0.0,[1175843806]
_RCpDqcLlmzJHSPPy8bli,pIaHBI4j1KA7mIDUenoKC,192,390,0.0,[1175843806]
cQIW-LxFXCIuxPpIw4MR2,pIaHBI4j1KA7mIDUenoKC,296,390,0.0,[1175843806]
dzTiXNOiyKbSpiehbFk-a,pIaHBI4j1KA7mIDUenoKC,360,390,0.0,[1175843806]
eW27jXPyPLkZFOoF5g9lr,pIaHBI4j1KA7mIDUenoKC,433,360,349.74068937636184,"[1886295998, 1888346013, 260758574, 4781919524, 4781919525, 4323952889, 5727317783, 10562355384, 1886295269]"
gboAfb13A28YhAJkt-Pkx,pIaHBI4j1KA7mIDUenoKC,400,390,0.0,[1175843806]
lQGthxPF7d3FXnmoZFGLV,pIaHBI4j1KA7mIDUenoKC,426,390,0.0,[1175843806]
nl0Bhq5jfJUhmpghbnEaV,pIaHBI4j1KA7mIDUenoKC,48,403,200.39523585404226,"[5720425342, 260758120, 6984479411]"
p2DY4x4NaqXRC1gG9cwiY,pIaHBI4j1KA7mIDUenoKC,359,390,0.0,[1175843806]
w5lnA7aOkl9RbW6RzoEdG,pIaHBI4j1KA7mIDUenoKC,416,360,349.74068937636184,"[1886295998, 1888346013, 260758574, 4781919524, 4781919525, 4323952889, 5727317783, 10562355384, 1886295269]"
wh9cIxqRBTvvkxeMtkHAi,pIaHBI4j1KA7mIDUenoKC,400,390,0.0,[1175843806]
z2W-2EVP76_5pF_4R0HbR,pIaHBI4j1KA7mIDUenoKC,360,390,0.0,[1175843806]
TPxz_LmHA0qyDz7QFLo1e,q-9QC-QKVmhqbVh9htKhg,280,280,0.0,[6488486115]
llujnjcOUaGBRa_Jecss3,q-9QC-QKVmhqbVh9htKhg,279,280,1738.337021746674,"[9204541535, 7016571657, 7111551009, 8442698359, 7044630378, 7044630377, 8442698387, 4002066933, 7044630380, 339079529, 4168310134, 7029035469, 1128476537, 1128477650, 1128478568, 4168313563, 7041539368, 7927561316, 6511710409, 1128092208, 1128091960, 1128092175, 6488486115]"
4xf9KaKYJRkSlWjtAzeER,q-9QC-QKVmhqbVh9htKhg,305,262,0.0,[4770569723]
D7IwqxPBMcEQiGv3sjC3s,q-9QC-QKVmhqbVh9htKhg,305,262,0.0,[4770569723]
7udRe7A9ekRD6rtEEN_uD,rJNlVBeJYLnin9iUCfQ8_,189,188,131.2859840121987,"[6446573515, 276659249, 1885931733, 1892904334]"
FaHumA7HIyjyuC7E4M1jZ,rJNlVBeJYLnin9iUCfQ8_,189,188,131.2859840121987,"[6446573515, 276659249, 1885931733, 1892904334]"
O-PLpyiKLXCmTOTN2ykl2,rJNlVBeJYLnin9iUCfQ8_,192,190,117.06575927290262,"[1814665419, 274589372, 262336905]"
RSdPdtwiGzlvedMSUpA36,rJNlVBeJYLnin9iUCfQ8_,322,321,139.9497237497058,"[2712663257, 1605614943, 6953697314, 6953697312, 6948570678, 2712663245]"
T6BRc19d7TrtHQroCLymy,rJNlVBeJYLnin9iUCfQ8_,192,190,117.06575927290262,"[1814665419, 274589372, 262336905]"
V_vEOLz-VvDvsJC4jk5JR,rJNlVBeJYLnin9iUCfQ8_,190,190,0.0,[262336905]
_RCpDqcLlmzJHSPPy8bli,rJNlVBeJYLnin9iUCfQ8_,192,190,117.06575927290262,"[1814665419, 274589372, 262336905]"
lbr0LeYaqC-PO2eSd5dsH,rJNlVBeJYLnin9iUCfQ8_,189,188,131.2859840121987,"[6446573515, 276659249, 1885931733, 1892904334]"
ruQq1su0J7bVhBjmIi2kw,rJNlVBeJYLnin9iUCfQ8_,195,188,70.91761918018832,"[1892904326, 4323956583, 1892904334]"
2z926Q9o3YtgjyoxtMW1d,rJNlVBeJYLnin9iUCfQ8_,425,188,70.91761918018832,"[1892904326, 4323956583, 1892904334]"
5NjpP8xmvr1-OYnw7E5Jn,rJNlVBeJYLnin9iUCfQ8_,258,188,70.91761918018832,"[1892904326, 4323956583, 1892904334]"
DKfQEdGZMwRbkHDkrwcPx,rJNlVBeJYLnin9iUCfQ8_,54,188,104.4133681086844,"[6943200496, 276659249, 1885931733, 1892904334]"
E14B9x9RNkVqAHJvJBYqa,rJNlVBeJYLnin9iUCfQ8_,260,188,70.91761918018832,"[1892904326, 4323956583, 1892904334]"
kdziSzfhBj4JiBeVoloxo,rJNlVBeJYLnin9iUCfQ8_,344,188,0.0,[1892904334]
o8mSXE7IgJWToUsU4NnFr,rJNlVBeJYLnin9iUCfQ8_,277,190,117.06575927290262,"[1814665419, 274589372, 262336905]"
xg6X_6yI3-x6agQaIKy0r,rJNlVBeJYLnin9iUCfQ8_,309,190,0.0,[262336905]
xkITynYnba-VdPTlpu5kL,rJNlVBeJYLnin9iUCfQ8_,219,190,117.06575927290262,"[1814665419, 274589372, 262336905]"
-Z1R0bmP-3IQrktLaw1-i,rff5rfv-fQCJyBaPUiuhB,301,301,0.0,[7043828811]
2HEouGQcgjyXwlsq69h3S,rff5rfv-fQCJyBaPUiuhB,300,298,249.80652235647767,"[9414993322, 7014712781, 7043828810, 9414993328, 7023732362, 7023732364, 7023732365]"
4xf9KaKYJRkSlWjtAzeER,rff5rfv-fQCJyBaPUiuhB,305,304,0.0,[5392019578]
D7IwqxPBMcEQiGv3sjC3s,rff5rfv-fQCJyBaPUiuhB,305,304,0.0,[5392019578]
KNOT7t80YXwsfYupjUiTk,rff5rfv-fQCJyBaPUiuhB,426,428,127.83425607963296,"[11381058378, 11381058358, 10989259965, 5594506900, 5594506889]"
QKCnSGkAqgRmQ4fUeYRP-,rff5rfv-fQCJyBaPUiuhB,305,304,0.0,[5392019578]
TPxz_LmHA0qyDz7QFLo1e,rff5rfv-fQCJyBaPUiuhB,280,279,1738.3370217466745,"[6488486115, 1128092175, 1128091960, 1128092208, 6511710409, 7927561316, 7041539368, 4168313563, 1128478568, 1128477650, 1128476537, 7029035469, 4168310134, 339079529, 7044630380, 4002066933, 8442698387, 7044630377, 7044630378, 8442698359, 7111551009, 7016571657, 9204541535]"
XxUPXIlZHVjWT_a7YqhHy,rff5rfv-fQCJyBaPUiuhB,426,428,127.83425607963296,"[11381058378, 11381058358, 10989259965, 5594506900, 5594506889]"
aeeOOe3-Dtz86MK-Ltc0F,rff5rfv-fQCJyBaPUiuhB,305,304,0.0,[5392019578]
cQIW-LxFXCIuxPpIw4MR2,rff5rfv-fQCJyBaPUiuhB,296,296,0.0,[5392019571]
d1tk5YD606wPnGF4CLm4i,rff5rfv-fQCJyBaPUiuhB,427,428,140.34669742250887,"[4323948369, 11381058378, 11381058358, 10989259965, 5594506900, 5594506889]"
lQGthxPF7d3FXnmoZFGLV,rff5rfv-fQCJyBaPUiuhB,426,428,127.83425607963296,"[11381058378, 11381058358, 10989259965, 5594506900, 5594506889]"
llujnjcOUaGBRa_Jecss3,rff5rfv-fQCJyBaPUiuhB,279,279,0.0,[9204541535]
1Ctgvye_a8bTjvozOsfEX,rff5rfv-fQCJyBaPUiuhB,177,301,1993.1691896509014,"[317908405, 7041564226, 9368718200, 4168311512, 9368774130, 5392019578, 7113581386, 7113581387, 7113581389, 7113581393, 7023732365, 7023732364, 7023732362, 9414993328, 7043828810, 7043828811]"
2vubw4wDlR7h4SuBBiS6p,rff5rfv-fQCJyBaPUiuhB,425,301,0.0,[7043828811]
CTJ48OMS2Nn2CyW093CBk,rff5rfv-fQCJyBaPUiuhB,15,301,0.0,[7043828811]
DaGuT_I6g5QpO40EcF4u7,rff5rfv-fQCJyBaPUiuhB,419,301,81.24395009563578,"[9359493413, 7043828816, 7043828811]"
FaHumA7HIyjyuC7E4M1jZ,rff5rfv-fQCJyBaPUiuhB,189,301,1993.1691896509014,"[317908405, 7041564226, 9368718200, 4168311512, 9368774130, 5392019578, 7113581386, 7113581387, 7113581389, 7113581393, 7023732365, 7023732364, 7023732362, 9414993328, 7043828810, 7043828811]"
RSdPdtwiGzlvedMSUpA36,rff5rfv-fQCJyBaPUiuhB,322,296,1792.7267033132398,"[6485868051, 7011812107, 6485857211, 6486022036, 7014739939, 6485857224, 7011812106, 6485857238, 6485868050, 6977240809, 6977240799, 8482032648, 2578743473, 7043828811, 7043828810, 9414993328, 7023732362, 7023732364, 5392019571]"
bAytab6a3g8pFmPeUQC1L,rff5rfv-fQCJyBaPUiuhB,161,428,0.0,[5594506889]
hx4EeoLjM7NJfnYrVfGvk,rff5rfv-fQCJyBaPUiuhB,180,301,1993.1691896509014,"[317908405, 7041564226, 9368718200, 4168311512, 9368774130, 5392019578, 7113581386, 7113581387, 7113581389, 7113581393, 7023732365, 7023732364, 7023732362, 9414993328, 7043828810, 7043828811]"
nd53PomhCqmjY7ykLQy83,rff5rfv-fQCJyBaPUiuhB,79,428,0.0,[5594506889]
ndixtJMAJzaQiITLSzYz_,rff5rfv-fQCJyBaPUiuhB,267,304,0.0,[5392019578]
tMb6GY09D_zaob3QQV8vM,rff5rfv-fQCJyBaPUiuhB,179,301,1993.1691896509014,"[317908405, 7041564226, 9368718200, 4168311512, 9368774130, 5392019578, 7113581386, 7113581387, 7113581389, 7113581393, 7023732365, 7023732364, 7023732362, 9414993328, 7043828810, 7043828811]"
tv4mLSYvBC5Q4aSnL5h83,rff5rfv-fQCJyBaPUiuhB,98,428,0.0,[5594506889]
uZVFCkC8Mu4Badqh_vUBE,rff5rfv-fQCJyBaPUiuhB,260,277,427.71917523594124,"[1128478568, 1128477650, 1128476537, 7029035469, 4168310134, 339079529, 6984376042, 7015017018]"
vToQ2sD35oGmngQzvKN9j,rff5rfv-fQCJyBaPUiuhB,83,304,0.0,[5392019578]
zwjvZyv-K7qfVyipl6li5,rff5rfv-fQCJyBaPUiuhB,2,428,0.0,[5594506889]
O-PLpyiKLXCmTOTN2ykl2,ruQq1su0J7bVhBjmIi2kw,192,192,0.0,[1814665419]
T6BRc19d7TrtHQroCLymy,ruQq1su0J7bVhBjmIi2kw,192,192,0.0,[1814665419]
V_vEOLz-VvDvsJC4jk5JR,ruQq1su0J7bVhBjmIi2kw,190,192,117.06575927290262,"[262336905, 274589372, 1814665419]"
_RCpDqcLlmzJHSPPy8bli,ruQq1su0J7bVhBjmIi2kw,192,192,0.0,[1814665419]
edXbrlxHb468dADNBXJ2G,ruQq1su0J7bVhBjmIi2kw,216,219,308.5375535809871,"[6985079820, 339081311, 7048869158, 527831696, 8442698477, 6985153417]"
nd53PomhCqmjY7ykLQy83,ruQq1su0J7bVhBjmIi2kw,79,80,0.0,[3879996652]
xkITynYnba-VdPTlpu5kL,ruQq1su0J7bVhBjmIi2kw,219,219,0.0,[6985153417]
0WNbk9MGSKJVqVAWMBS1q,ruQq1su0J7bVhBjmIi2kw,182,80,0.0,[3879996652]
2z926Q9o3YtgjyoxtMW1d,ruQq1su0J7bVhBjmIi2kw,425,195,0.0,[1892904326]
5NjpP8xmvr1-OYnw7E5Jn,ruQq1su0J7bVhBjmIi2kw,258,195,0.0,[1892904326]
DKfQEdGZMwRbkHDkrwcPx,ruQq1su0J7bVhBjmIi2kw,54,195,172.0613700674482,"[6943200496, 276659249, 1885931733, 6818143503, 276659446, 1892904326]"
E14B9x9RNkVqAHJvJBYqa,ruQq1su0J7bVhBjmIi2kw,260,195,0.0,[1892904326]
Jahu5bHSRsdCyh3p5H6cJ,ruQq1su0J7bVhBjmIi2kw,156,80,143.028829084899,"[6992201151, 5503106644, 5503106645, 3879996652]"
NwvVKB38LtB63C0PtEo-i,ruQq1su0J7bVhBjmIi2kw,425,230,0.0,[6952038537]
dC4CWsX_TbK9g5r1kzt4S,ruQq1su0J7bVhBjmIi2kw,48,80,528.1542977656857,"[6947834641, 6947834652, 6950701610, 6950701510, 6950701618, 6950701584, 6950701583, 6123228790, 6950701628, 4168310070, 6485810773, 5672090625, 5503106644, 5503106645, 3879996652]"
kdziSzfhBj4JiBeVoloxo,ruQq1su0J7bVhBjmIi2kw,344,195,70.91761918018832,"[1892904334, 4323956583, 1892904326]"
o8mSXE7IgJWToUsU4NnFr,ruQq1su0J7bVhBjmIi2kw,277,192,0.0,[1814665419]
oepuTc06iN5U0ZwjmqZIj,ruQq1su0J7bVhBjmIi2kw,424,199,180.97182328188137,"[6953678227, 261726784]"
rJNlVBeJYLnin9iUCfQ8_,ruQq1su0J7bVhBjmIi2kw,310,195,70.91761918018832,"[1892904334, 4323956583, 1892904326]"
xg6X_6yI3-x6agQaIKy0r,ruQq1su0J7bVhBjmIi2kw,309,192,117.06575927290262,"[262336905, 274589372, 1814665419]"
-Z1R0bmP-3IQrktLaw1-i,tMb6GY09D_zaob3QQV8vM,301,307,1993.1691896509012,"[7043828811, 7043828810, 9414993328, 7023732362, 7023732364, 7023732365, 7113581393, 7113581389, 7113581387, 7113581386, 5392019578, 9368774130, 4168311512, 9368718200, 7041564226, 317908405]"
1Ctgvye_a8bTjvozOsfEX,tMb6GY09D_zaob3QQV8vM,177,177,0.0,[6477633140]
2HEouGQcgjyXwlsq69h3S,tMb6GY09D_zaob3QQV8vM,300,307,1854.8090433424386,"[9414993322, 7014712781, 7043828810, 9414993328, 7023732362, 7023732364, 7023732365, 7113581393, 7113581389, 7113581387, 7113581386, 5392019578, 9368774130, 4168311512, 9368718200, 7041564226, 317908405]"
S8t0ygpYGRBLHfPC3bjJm,tMb6GY09D_zaob3QQV8vM,175,177,4316.147965308224,"[6984393502, 6984393496, 6984393497, 6984393495, 6966913944, 6977240803, 6977240658, 6977240801, 6977240809, 6485868050, 6485857238, 7011812106, 6485857224, 7014739939, 6486022036, 6485857211, 7011812107, 6485868051, 5392019578, 7113581386, 7041564231, 9368774140, 7041564194, 6488715716, 6488715717, 7041564195, 7041564214, 7041564201, 7041564217, 7041564204, 7041564218, 6994855543, 6994855541, 6994855509, 6994855519, 6994855550, 6994847782, 6994855498, 5392201252, 6994847763, 9365261066, 6478133669, 6477633142, 6994855615, 6994855614, 6477768986, 6994855668, 6477633141, 6477633140]"
2vubw4wDlR7h4SuBBiS6p,tMb6GY09D_zaob3QQV8vM,425,307,1993.1691896509012,"[7043828811, 7043828810, 9414993328, 7023732362, 7023732364, 7023732365, 7113581393, 7113581389, 7113581387, 7113581386, 5392019578, 9368774130, 4168311512, 9368718200, 7041564226, 317908405]"
CTJ48OMS2Nn2CyW093CBk,tMb6GY09D_zaob3QQV8vM,15,307,1993.1691896509012,"[7043828811, 7043828810, 9414993328, 7023732362, 7023732364, 7023732365, 7113581393, 7113581389, 7113581387, 7113581386, 5392019578, 9368774130, 4168311512, 9368718200, 7041564226, 317908405]"
DaGuT_I6g5QpO40EcF4u7,tMb6GY09D_zaob3QQV8vM,419,307,2013.0140755243524,"[9359493413, 9359493410, 9359493415, 9414993319, 9414993322, 7014712781, 7043828810, 9414993328, 7023732362, 7023732364, 7023732365, 7113581393, 7113581389, 7113581387, 7113581386, 5392019578, 9368774130, 4168311512, 9368718200, 7041564226, 317908405]"
FaHumA7HIyjyuC7E4M1jZ,tMb6GY09D_zaob3QQV8vM,189,307,0.0,[317908405]
hx4EeoLjM7NJfnYrVfGvk,tMb6GY09D_zaob3QQV8vM,180,307,0.0,[317908405]
E_oc6kDbFdlvVaZssBQex,tv4mLSYvBC5Q4aSnL5h83,405,404,0.0,[7927564332]
KNOT7t80YXwsfYupjUiTk,tv4mLSYvBC5Q4aSnL5h83,426,428,127.83425607963296,"[11381058378, 11381058358, 10989259965, 5594506900, 5594506889]"
XxUPXIlZHVjWT_a7YqhHy,tv4mLSYvBC5Q4aSnL5h83,426,428,127.83425607963296,"[11381058378, 11381058358, 10989259965, 5594506900, 5594506889]"
d1tk5YD606wPnGF4CLm4i,tv4mLSYvBC5Q4aSnL5h83,427,428,140.34669742250887,"[4323948369, 11381058378, 11381058358, 10989259965, 5594506900, 5594506889]"
edXbrlxHb468dADNBXJ2G,tv4mLSYvBC5Q4aSnL5h83,216,218,308.5375535809871,"[6985079820, 339081311, 7048869158, 527831696, 8442698477, 6985153417]"
lQGthxPF7d3FXnmoZFGLV,tv4mLSYvBC5Q4aSnL5h83,426,428,127.83425607963296,"[11381058378, 11381058358, 10989259965, 5594506900, 5594506889]"
oepuTc06iN5U0ZwjmqZIj,tv4mLSYvBC5Q4aSnL5h83,424,423,0.0,[4323950582]
xkITynYnba-VdPTlpu5kL,tv4mLSYvBC5Q4aSnL5h83,219,218,0.0,[6985153417]
NwvVKB38LtB63C0PtEo-i,tv4mLSYvBC5Q4aSnL5h83,425,225,6805.614686096191,"[6952038537, 6952038534, 6952038526, 6953539418, 6952038523, 6952038519, 6952035739, 6952035732, 6491614424, 6491614425, 6953678243, 6953678227, 261726784, 6942560970, 1892876501, 260755102, 1128125313, 1128125375, 274591723, 1884999064, 1884999079, 1884999061, 1884999051, 260755101, 5434591444, 5434591442, 1814665424, 1814665419, 274589372, 1128126150, 1128125930, 1128126056, 1128126117, 316916763, 1885696441, 276659446, 1892904326, 1885696346, 276659536, 276659637, 7025440170, 8431951862, 6513299697, 8431951870, 1885907570, 4323956955, 3890628560, 4075818998, 274589385, 274589386, 417395073, 417395122, 274589389, 260754134, 3883555026, 6971317922, 6971317926, 10904528616]"
aeeOOe3-Dtz86MK-Ltc0F,tv4mLSYvBC5Q4aSnL5h83,305,98,1652.0504799336218,"[1128069143, 4941775518, 7010914165, 1128069139, 1128069168, 4168315109, 1128069192, 7008413291, 7008413285, 1128069155, 6488151976, 1128069181, 7008413315, 1128069174, 7008413314, 4168314500, 6488127621, 5708573519, 6488151977, 6942575296, 6942575303, 6942575297, 6942575294, 6942575299, 6942575301, 5708573518, 5708573516, 5708573514, 4168312373, 4168314652, 3972273686, 339081529, 4168313023, 5708573622, 6943091990]"
bAytab6a3g8pFmPeUQC1L,tv4mLSYvBC5Q4aSnL5h83,161,428,0.0,[5594506889]
nd53PomhCqmjY7ykLQy83,tv4mLSYvBC5Q4aSnL5h83,79,428,0.0,[5594506889]
rff5rfv-fQCJyBaPUiuhB,tv4mLSYvBC5Q4aSnL5h83,277,428,0.0,[5594506889]
zwjvZyv-K7qfVyipl6li5,tv4mLSYvBC5Q4aSnL5h83,2,428,0.0,[5594506889]
ClWtD9M5huTs0JiR087X6,uZVFCkC8Mu4Badqh_vUBE,282,282,0.0,[2578490151]
TPxz_LmHA0qyDz7QFLo1e,uZVFCkC8Mu4Badqh_vUBE,280,280,0.0,[6488486115]
V-tNyPwMd_7j2AAdXrBPe,uZVFCkC8Mu4Badqh_vUBE,278,275,427.71917523594124,"[7015017018, 6984376042, 339079529, 4168310134, 7029035469, 1128476537, 1128477650, 1128478568]"
dpTyJ7ihIOXu0gGo2F3iz,uZVFCkC8Mu4Badqh_vUBE,277,275,427.71917523594124,"[7015017018, 6984376042, 339079529, 4168310134, 7029035469, 1128476537, 1128477650, 1128478568]"
fB7NaX7GmaEe7N8SDajYa,uZVFCkC8Mu4Badqh_vUBE,277,275,427.71917523594124,"[7015017018, 6984376042, 339079529, 4168310134, 7029035469, 1128476537, 1128477650, 1128478568]"
llujnjcOUaGBRa_Jecss3,uZVFCkC8Mu4Badqh_vUBE,279,280,1738.337021746674,"[9204541535, 7016571657, 7111551009, 8442698359, 7044630378, 7044630377, 8442698387, 4002066933, 7044630380, 339079529, 4168310134, 7029035469, 1128476537, 1128477650, 1128478568, 4168313563, 7041539368, 7927561316, 6511710409, 1128092208, 1128091960, 1128092175, 6488486115]"
o8mSXE7IgJWToUsU4NnFr,uZVFCkC8Mu4Badqh_vUBE,277,275,427.71917523594124,"[7015017018, 6984376042, 339079529, 4168310134, 7029035469, 1128476537, 1128477650, 1128478568]"
rff5rfv-fQCJyBaPUiuhB,uZVFCkC8Mu4Badqh_vUBE,277,275,427.71917523594124,"[7015017018, 6984376042, 339079529, 4168310134, 7029035469, 1128476537, 1128477650, 1128478568]"
QKCnSGkAqgRmQ4fUeYRP-,uZVFCkC8Mu4Badqh_vUBE,305,275,427.71917523594124,"[7015017018, 6984376042, 339079529, 4168310134, 7029035469, 1128476537, 1128477650, 1128478568]"
edXbrlxHb468dADNBXJ2G,uZVFCkC8Mu4Badqh_vUBE,216,260,1718.9740535555727,"[527907675, 527907823, 527907264, 4168311794, 6490411820, 527909087, 527909089, 527909092, 527909094, 4168310061, 6089466960, 3886119090, 3966680359, 3966680361, 3886119089, 3886119091, 3886119092, 6497712303, 3874622828, 3874622840, 8453065323, 2578490159, 2578490157]"
-Z1R0bmP-3IQrktLaw1-i,ujMXATExhhRj9qgxcopKv,301,302,0.0,[7043828811]
2HEouGQcgjyXwlsq69h3S,ujMXATExhhRj9qgxcopKv,300,299,1435.3456329605206,"[9414993322, 7014712781, 7043828816, 7043828811, 2578743473, 8482032648, 6977240799, 6977240809, 6485868050, 6485857238, 7011812106, 6485857224, 7014739939, 6486022036, 6485857211, 7011812107, 6485868051]"
4xf9KaKYJRkSlWjtAzeER,ujMXATExhhRj9qgxcopKv,305,305,0.0,[5392019578]
6Jzbm71jwnmQuuO9P7ngg,ujMXATExhhRj9qgxcopKv,267,447,152.82610556750262,"[6487838617, 7028411712, 7028411711, 12843506658]"
8ExRMTw-r4JAqxk8WGljD,ujMXATExhhRj9qgxcopKv,269,447,62.28000870053562,"[7028411712, 7028411711, 12843506658]"
D7IwqxPBMcEQiGv3sjC3s,ujMXATExhhRj9qgxcopKv,305,305,0.0,[5392019578]
EWmI2x176BtYHecDIWm2H,ujMXATExhhRj9qgxcopKv,89,88,1201.908126207022,"[5392895112, 6989895843, 2578433065, 6989895844, 3143411495, 6485670784, 7014882195, 3143411520, 3143412033, 3143411485, 7014882208, 3143411513, 1128069147, 4168315809, 5672083417, 2578433075, 2578433074, 2578433073, 2578433072, 2578433071, 6485813820, 6486037796, 4168314747, 6485813839, 6486037799, 4168312852, 6486037802, 6485813848, 6486037804, 2565386143, 6486037383]"
E_oc6kDbFdlvVaZssBQex,ujMXATExhhRj9qgxcopKv,405,404,0.0,[7927564332]
QKCnSGkAqgRmQ4fUeYRP-,ujMXATExhhRj9qgxcopKv,305,305,0.0,[5392019578]
QcjXCusjL37XD0vtFPM_z,ujMXATExhhRj9qgxcopKv,269,447,62.28000870053562,"[7028411712, 7028411711, 12843506658]"
VqsKdXjc_nTkIE8PZUK7V,ujMXATExhhRj9qgxcopKv,93,88,1084.2270298732979,"[3143411495, 6485670784, 7014882195, 3143411520, 3143412033, 3143411485, 7014882208, 3143411513, 1128069147, 4168315809, 5672083417, 2578433075, 2578433074, 2578433073, 2578433072, 2578433071, 6485813820, 6486037796, 4168314747, 6485813839, 6486037799, 4168312852, 6486037802, 6485813848, 6486037804, 2565386143, 6486037383]"
aeeOOe3-Dtz86MK-Ltc0F,ujMXATExhhRj9qgxcopKv,305,305,0.0,[5392019578]
cQIW-LxFXCIuxPpIw4MR2,ujMXATExhhRj9qgxcopKv,296,297,0.0,[5392019571]
eW27jXPyPLkZFOoF5g9lr,ujMXATExhhRj9qgxcopKv,433,431,9612.028705092202,"[6488733328, 8011246201, 6969478590, 6488089147, 6969478594, 6969478616, 6969478630, 6969478589, 6969478587, 6971624098, 6971624095, 6971624096, 6973416461, 6971624111, 6973416459, 6971624107, 6971624105, 6973416383, 6150225301, 6490661848, 6490661859, 6491202786, 6491202787, 6491202791, 7007815820, 6152137675, 6151015983, 1883017451, 6151015981, 1883015943, 1883015930, 1846913194, 1846913198, 1846913191, 1844089254, 1846913182, 1846913195, 4323950968, 4323950954, 1909235369, 7928350878, 7928350869, 6985088944, 6985088938, 6985088937, 7118508954, 5594506892, 6823067926, 5275562428, 4323950582, 8176867221, 10558963662, 10908350600, 10908350533, 10925013056, 10925013054, 10925013049, 10925013053, 10908350528, 10908350527, 10558993687, 7115723381, 299593951, 299593953, 299593851, 5391780416, 8449345301, 6151676018, 7115911103, 2577830980, 6488974434, 7927500442, 2577830979, 1128588539, 8011246309, 6495402446, 279994098, 6987297704]"
ndixtJMAJzaQiITLSzYz_,ujMXATExhhRj9qgxcopKv,267,447,152.82610556750262,"[6487838617, 7028411712, 7028411711, 12843506658]"
o7ehON1F_k7JHoHJOQYGh,ujMXATExhhRj9qgxcopKv,267,447,152.82610556750262,"[6487838617, 7028411712, 7028411711, 12843506658]"
oepuTc06iN5U0ZwjmqZIj,ujMXATExhhRj9qgxcopKv,424,423,0.0,[4323950582]
q-9QC-QKVmhqbVh9htKhg,ujMXATExhhRj9qgxcopKv,447,447,0.0,[12843506658]
1Ctgvye_a8bTjvozOsfEX,ujMXATExhhRj9qgxcopKv,177,302,1993.1691896509014,"[317908405, 7041564226, 9368718200, 4168311512, 9368774130, 5392019578, 7113581386, 7113581387, 7113581389, 7113581393, 7023732365, 7023732364, 7023732362, 9414993328, 7043828810, 7043828811]"
2sefONCZ5v5w4bCF1ybYX,ujMXATExhhRj9qgxcopKv,85,362,174.16282116767522,"[1886295998, 1888346013, 1888346018, 1888346077, 260758678]"
2vubw4wDlR7h4SuBBiS6p,ujMXATExhhRj9qgxcopKv,425,302,0.0,[7043828811]
CTJ48OMS2Nn2CyW093CBk,ujMXATExhhRj9qgxcopKv,15,302,0.0,[7043828811]
DaGuT_I6g5QpO40EcF4u7,ujMXATExhhRj9qgxcopKv,419,302,81.24395009563578,"[9359493413, 7043828816, 7043828811]"
EYuJpRuohnv2M2djd0oRb,ujMXATExhhRj9qgxcopKv,397,362,174.16282116767522,"[1886295998, 1888346013, 1888346018, 1888346077, 260758678]"
EqpMMSAPpyyeIs0OPJu7A,ujMXATExhhRj9qgxcopKv,98,362,174.16282116767522,"[1886295998, 1888346013, 1888346018, 1888346077, 260758678]"
EvMcmidrqDryWEcBEqdU2,ujMXATExhhRj9qgxcopKv,425,362,174.16282116767522,"[1886295998, 1888346013, 1888346018, 1888346077, 260758678]"
FaHumA7HIyjyuC7E4M1jZ,ujMXATExhhRj9qgxcopKv,189,302,1993.1691896509014,"[317908405, 7041564226, 9368718200, 4168311512, 9368774130, 5392019578, 7113581386, 7113581387, 7113581389, 7113581393, 7023732365, 7023732364, 7023732362, 9414993328, 7043828810, 7043828811]"
RSdPdtwiGzlvedMSUpA36,ujMXATExhhRj9qgxcopKv,322,297,1792.7267033132398,"[6485868051, 7011812107, 6485857211, 6486022036, 7014739939, 6485857224, 7011812106, 6485857238, 6485868050, 6977240809, 6977240799, 8482032648, 2578743473, 7043828811, 7043828810, 9414993328, 7023732362, 7023732364, 5392019571]"
TPxz_LmHA0qyDz7QFLo1e,ujMXATExhhRj9qgxcopKv,280,305,0.0,[5392019578]
V-tNyPwMd_7j2AAdXrBPe,ujMXATExhhRj9qgxcopKv,278,362,174.16282116767522,"[1886295998, 1888346013, 1888346018, 1888346077, 260758678]"
djf-0ENVceYNg5x6O7HGq,ujMXATExhhRj9qgxcopKv,109,362,174.16282116767522,"[1886295998, 1888346013, 1888346018, 1888346077, 260758678]"
hx4EeoLjM7NJfnYrVfGvk,ujMXATExhhRj9qgxcopKv,180,302,1993.1691896509014,"[317908405, 7041564226, 9368718200, 4168311512, 9368774130, 5392019578, 7113581386, 7113581387, 7113581389, 7113581393, 7023732365, 7023732364, 7023732362, 9414993328, 7043828810, 7043828811]"
llujnjcOUaGBRa_Jecss3,ujMXATExhhRj9qgxcopKv,279,305,0.0,[5392019578]
tMb6GY09D_zaob3QQV8vM,ujMXATExhhRj9qgxcopKv,179,302,1993.1691896509014,"[317908405, 7041564226, 9368718200, 4168311512, 9368774130, 5392019578, 7113581386, 7113581387, 7113581389, 7113581393, 7023732365, 7023732364, 7023732362, 9414993328, 7043828810, 7043828811]"
vToQ2sD35oGmngQzvKN9j,ujMXATExhhRj9qgxcopKv,83,305,0.0,[5392019578]
w5lnA7aOkl9RbW6RzoEdG,ujMXATExhhRj9qgxcopKv,416,362,174.16282116767522,"[1886295998, 1888346013, 1888346018, 1888346077, 260758678]"
2sefONCZ5v5w4bCF1ybYX,vToQ2sD35oGmngQzvKN9j,85,85,0.0,[6952128713]
4xf9KaKYJRkSlWjtAzeER,vToQ2sD35oGmngQzvKN9j,305,304,0.0,[5392019578]
D7IwqxPBMcEQiGv3sjC3s,vToQ2sD35oGmngQzvKN9j,305,304,0.0,[5392019578]
QKCnSGkAqgRmQ4fUeYRP-,vToQ2sD35oGmngQzvKN9j,305,304,0.0,[5392019578]
TPxz_LmHA0qyDz7QFLo1e,vToQ2sD35oGmngQzvKN9j,280,280,0.0,[6488486115]
aeeOOe3-Dtz86MK-Ltc0F,vToQ2sD35oGmngQzvKN9j,305,304,0.0,[5392019578]
jmLM1TsmnRPlkOtGUD0nu,vToQ2sD35oGmngQzvKN9j,85,85,0.0,[6952128713]
llujnjcOUaGBRa_Jecss3,vToQ2sD35oGmngQzvKN9j,279,280,1738.337021746674,"[9204541535, 7016571657, 7111551009, 8442698359, 7044630378, 7044630377, 8442698387, 4002066933, 7044630380, 339079529, 4168310134, 7029035469, 1128476537, 1128477650, 1128478568, 4168313563, 7041539368, 7927561316, 6511710409, 1128092208, 1128091960, 1128092175, 6488486115]"
W1YoMQsS8c1ZcZdd_AJ4R,vToQ2sD35oGmngQzvKN9j,122,85,449.48983805365873,"[6966026052, 6966026040, 6966026038, 6966026042, 6966026049, 6966026051, 6953774176, 5392868394, 5392868419, 5392868396, 12287636104, 4168314394, 6491266231, 6952128710, 6952128699, 6952128713]"
d591FuxnMulU7vr6uNxrB,vToQ2sD35oGmngQzvKN9j,351,136,2880.3098032071616,"[339079953, 11730533096, 11730525724, 6478134168, 6943204913, 2578533950, 6943204888, 6943204886, 6495045252, 6487695560, 4168311210, 339079951, 3143414570, 3143414617, 2578504588, 2578504563, 5392868396, 12287636104, 6491234133, 4168312575, 1128090074, 6953774159, 1128090046, 339079362, 2578499668, 12053003697, 8424959089, 8424959109, 8424959097, 8424959095, 12053003701]"
ndixtJMAJzaQiITLSzYz_,vToQ2sD35oGmngQzvKN9j,267,304,0.0,[5392019578]
yX2mhzfbx4_bbd2DANmLp,vToQ2sD35oGmngQzvKN9j,135,85,449.48983805365873,"[6966026052, 6966026040, 6966026038, 6966026042, 6966026049, 6966026051, 6953774176, 5392868394, 5392868419, 5392868396, 12287636104, 4168314394, 6491266231, 6952128710, 6952128699, 6952128713]"
0fV-oHdZjqIXEVAq-5E7b,w5lnA7aOkl9RbW6RzoEdG,360,359,349.74068937636184,"[1886295269, 10562355384, 5727317783, 4323952889, 4781919525, 4781919524, 260758574, 1888346013, 1886295998]"
3I93k-8Viq6W8QFXbpmUU,w5lnA7aOkl9RbW6RzoEdG,362,359,174.1628211676752,"[260758678, 1888346077, 1888346018, 1888346013, 1886295998]"
8NzGmmMDzhEhQEXbQjJTl,w5lnA7aOkl9RbW6RzoEdG,362,359,174.1628211676752,"[260758678, 1888346077, 1888346018, 1888346013, 1886295998]"
LrIznn0Nk3YYvE6SV4NT_,w5lnA7aOkl9RbW6RzoEdG,361,359,177.45045235544677,"[260758565, 260758574, 1888346013, 1886295998]"
SqToUMEw-z1wSe52v0JGh,w5lnA7aOkl9RbW6RzoEdG,362,359,174.1628211676752,"[260758678, 1888346077, 1888346018, 1888346013, 1886295998]"
dzTiXNOiyKbSpiehbFk-a,w5lnA7aOkl9RbW6RzoEdG,360,359,349.74068937636184,"[1886295269, 10562355384, 5727317783, 4323952889, 4781919525, 4781919524, 260758574, 1888346013, 1886295998]"
p2DY4x4NaqXRC1gG9cwiY,w5lnA7aOkl9RbW6RzoEdG,359,359,0.0,[1886295998]
pIaHBI4j1KA7mIDUenoKC,w5lnA7aOkl9RbW6RzoEdG,360,359,349.74068937636184,"[1886295269, 10562355384, 5727317783, 4323952889, 4781919525, 4781919524, 260758574, 1888346013, 1886295998]"
ujMXATExhhRj9qgxcopKv,w5lnA7aOkl9RbW6RzoEdG,362,359,174.1628211676752,"[260758678, 1888346077, 1888346018, 1888346013, 1886295998]"
wk7z0bHFULyZrQtvEvO1X,w5lnA7aOkl9RbW6RzoEdG,360,359,349.74068937636184,"[1886295269, 10562355384, 5727317783, 4323952889, 4781919525, 4781919524, 260758574, 1888346013, 1886295998]"
z2W-2EVP76_5pF_4R0HbR,w5lnA7aOkl9RbW6RzoEdG,360,359,349.74068937636184,"[1886295269, 10562355384, 5727317783, 4323952889, 4781919525, 4781919524, 260758574, 1888346013, 1886295998]"
2HEouGQcgjyXwlsq69h3S,w5lnA7aOkl9RbW6RzoEdG,300,359,0.0,[1886295998]
2sefONCZ5v5w4bCF1ybYX,w5lnA7aOkl9RbW6RzoEdG,85,359,0.0,[1886295998]
EYuJpRuohnv2M2djd0oRb,w5lnA7aOkl9RbW6RzoEdG,397,359,0.0,[1886295998]
EqpMMSAPpyyeIs0OPJu7A,w5lnA7aOkl9RbW6RzoEdG,98,359,0.0,[1886295998]
EvMcmidrqDryWEcBEqdU2,w5lnA7aOkl9RbW6RzoEdG,425,359,0.0,[1886295998]
QcjXCusjL37XD0vtFPM_z,w5lnA7aOkl9RbW6RzoEdG,269,359,0.0,[1886295998]
V-tNyPwMd_7j2AAdXrBPe,w5lnA7aOkl9RbW6RzoEdG,278,359,0.0,[1886295998]
VqsKdXjc_nTkIE8PZUK7V,w5lnA7aOkl9RbW6RzoEdG,93,359,0.0,[1886295998]
djf-0ENVceYNg5x6O7HGq,w5lnA7aOkl9RbW6RzoEdG,109,359,0.0,[1886295998]
eW27jXPyPLkZFOoF5g9lr,w5lnA7aOkl9RbW6RzoEdG,433,359,0.0,[1886295998]
nl0Bhq5jfJUhmpghbnEaV,w5lnA7aOkl9RbW6RzoEdG,48,402,0.0,[5720425342]
BDGXXpou9Eb38xEVTNUs2,wh9cIxqRBTvvkxeMtkHAi,120,381,0.0,[1175843806]
CTJ48OMS2Nn2CyW093CBk,wh9cIxqRBTvvkxeMtkHAi,15,381,0.0,[1175843806]
Rx10-oSKyoIJDvbVd1Py3,wh9cIxqRBTvvkxeMtkHAi,29,381,0.0,[1175843806]
XQFjzrlmVSDo00hpPwPD9,wh9cIxqRBTvvkxeMtkHAi,39,381,0.0,[1175843806]
djf-0ENVceYNg5x6O7HGq,wh9cIxqRBTvvkxeMtkHAi,109,381,0.0,[1175843806]
zwjvZyv-K7qfVyipl6li5,wh9cIxqRBTvvkxeMtkHAi,2,381,0.0,[1175843806]
0fV-oHdZjqIXEVAq-5E7b,wh9cIxqRBTvvkxeMtkHAi,360,381,0.0,[1175843806]
50n7_gqFiIrgeNHtVzwF0,wh9cIxqRBTvvkxeMtkHAi,326,381,0.0,[1175843806]
6Jzbm71jwnmQuuO9P7ngg,wh9cIxqRBTvvkxeMtkHAi,267,381,0.0,[1175843806]
8CWoTtootKoeWNjoE5oOP,wh9cIxqRBTvvkxeMtkHAi,326,381,0.0,[1175843806]
I4AY9d0_JCb661dki5jy7,wh9cIxqRBTvvkxeMtkHAi,425,381,0.0,[1175843806]
KNOT7t80YXwsfYupjUiTk,wh9cIxqRBTvvkxeMtkHAi,426,381,0.0,[1175843806]
T6BRc19d7TrtHQroCLymy,wh9cIxqRBTvvkxeMtkHAi,192,381,0.0,[1175843806]
XxUPXIlZHVjWT_a7YqhHy,wh9cIxqRBTvvkxeMtkHAi,426,381,0.0,[1175843806]
_RCpDqcLlmzJHSPPy8bli,wh9cIxqRBTvvkxeMtkHAi,192,381,0.0,[1175843806]
cQIW-LxFXCIuxPpIw4MR2,wh9cIxqRBTvvkxeMtkHAi,296,381,0.0,[1175843806]
dzTiXNOiyKbSpiehbFk-a,wh9cIxqRBTvvkxeMtkHAi,360,381,0.0,[1175843806]
gboAfb13A28YhAJkt-Pkx,wh9cIxqRBTvvkxeMtkHAi,400,381,0.0,[1175843806]
lQGthxPF7d3FXnmoZFGLV,wh9cIxqRBTvvkxeMtkHAi,426,381,0.0,[1175843806]
p2DY4x4NaqXRC1gG9cwiY,wh9cIxqRBTvvkxeMtkHAi,359,381,0.0,[1175843806]
z2W-2EVP76_5pF_4R0HbR,wh9cIxqRBTvvkxeMtkHAi,360,381,0.0,[1175843806]
7vCDYOyx9Gj6RZuCS5Igi,wk7z0bHFULyZrQtvEvO1X,156,155,227.30516993406366,"[6968555662, 6838118108, 6976216305, 6968597385, 6968597386, 6521042215, 6968555684, 6521042214]"
Jahu5bHSRsdCyh3p5H6cJ,wk7z0bHFULyZrQtvEvO1X,156,155,227.30516993406366,"[6968555662, 6838118108, 6976216305, 6968597385, 6968597386, 6521042215, 6968555684, 6521042214]"
gboAfb13A28YhAJkt-Pkx,wk7z0bHFULyZrQtvEvO1X,400,400,0.0,[2430596313]
hMo27Nx4A3lFCdh0tNdmf,wk7z0bHFULyZrQtvEvO1X,159,155,277.95850756817987,"[6906702773, 6968597415, 6968597390, 6968597385, 6968597386, 6521042215, 6968555684, 6521042214]"
wh9cIxqRBTvvkxeMtkHAi,wk7z0bHFULyZrQtvEvO1X,400,400,0.0,[2430596313]
2HEouGQcgjyXwlsq69h3S,wk7z0bHFULyZrQtvEvO1X,300,360,349.74068937636184,"[1886295998, 1888346013, 260758574, 4781919524, 4781919525, 4323952889, 5727317783, 10562355384, 1886295269]"
2sefONCZ5v5w4bCF1ybYX,wk7z0bHFULyZrQtvEvO1X,85,360,349.74068937636184,"[1886295998, 1888346013, 260758574, 4781919524, 4781919525, 4323952889, 5727317783, 10562355384, 1886295269]"
EWmI2x176BtYHecDIWm2H,wk7z0bHFULyZrQtvEvO1X,89,155,227.30516993406366,"[6968555662, 6838118108, 6976216305, 6968597385, 6968597386, 6521042215, 6968555684, 6521042214]"
EYuJpRuohnv2M2djd0oRb,wk7z0bHFULyZrQtvEvO1X,397,360,349.74068937636184,"[1886295998, 1888346013, 260758574, 4781919524, 4781919525, 4323952889, 5727317783, 10562355384, 1886295269]"
E_oc6kDbFdlvVaZssBQex,wk7z0bHFULyZrQtvEvO1X,405,155,277.95850756817987,"[6906702773, 6968597415, 6968597390, 6968597385, 6968597386, 6521042215, 6968555684, 6521042214]"
EqpMMSAPpyyeIs0OPJu7A,wk7z0bHFULyZrQtvEvO1X,98,360,349.74068937636184,"[1886295998, 1888346013, 260758574, 4781919524, 4781919525, 4323952889, 5727317783, 10562355384, 1886295269]"
EvMcmidrqDryWEcBEqdU2,wk7z0bHFULyZrQtvEvO1X,425,360,349.74068937636184,"[1886295998, 1888346013, 260758574, 4781919524, 4781919525, 4323952889, 5727317783, 10562355384, 1886295269]"
QcjXCusjL37XD0vtFPM_z,wk7z0bHFULyZrQtvEvO1X,269,360,349.74068937636184,"[1886295998, 1888346013, 260758574, 4781919524, 4781919525, 4323952889, 5727317783, 10562355384, 1886295269]"
Rx10-oSKyoIJDvbVd1Py3,wk7z0bHFULyZrQtvEvO1X,29,400,72.3852953192777,"[6942677611, 6942677612, 2430596313]"
V-tNyPwMd_7j2AAdXrBPe,wk7z0bHFULyZrQtvEvO1X,278,360,349.74068937636184,"[1886295998, 1888346013, 260758574, 4781919524, 4781919525, 4323952889, 5727317783, 10562355384, 1886295269]"
VqsKdXjc_nTkIE8PZUK7V,wk7z0bHFULyZrQtvEvO1X,93,360,349.74068937636184,"[1886295998, 1888346013, 260758574, 4781919524, 4781919525, 4323952889, 5727317783, 10562355384, 1886295269]"
djf-0ENVceYNg5x6O7HGq,wk7z0bHFULyZrQtvEvO1X,109,360,349.74068937636184,"[1886295998, 1888346013, 260758574, 4781919524, 4781919525, 4323952889, 5727317783, 10562355384, 1886295269]"
eW27jXPyPLkZFOoF5g9lr,wk7z0bHFULyZrQtvEvO1X,433,360,349.74068937636184,"[1886295998, 1888346013, 260758574, 4781919524, 4781919525, 4323952889, 5727317783, 10562355384, 1886295269]"
w5lnA7aOkl9RbW6RzoEdG,wk7z0bHFULyZrQtvEvO1X,416,360,349.74068937636184,"[1886295998, 1888346013, 260758574, 4781919524, 4781919525, 4323952889, 5727317783, 10562355384, 1886295269]"
O-PLpyiKLXCmTOTN2ykl2,xg6X_6yI3-x6agQaIKy0r,192,190,117.06575927290262,"[1814665419, 274589372, 262336905]"
RSdPdtwiGzlvedMSUpA36,xg6X_6yI3-x6agQaIKy0r,322,321,139.9497237497058,"[2712663257, 1605614943, 6953697314, 6953697312, 6948570678, 2712663245]"
T6BRc19d7TrtHQroCLymy,xg6X_6yI3-x6agQaIKy0r,192,190,117.06575927290262,"[1814665419, 274589372, 262336905]"
V_vEOLz-VvDvsJC4jk5JR,xg6X_6yI3-x6agQaIKy0r,190,190,0.0,[262336905]
_RCpDqcLlmzJHSPPy8bli,xg6X_6yI3-x6agQaIKy0r,192,190,117.06575927290262,"[1814665419, 274589372, 262336905]"
rJNlVBeJYLnin9iUCfQ8_,xg6X_6yI3-x6agQaIKy0r,310,310,0.0,[5275557217]
o8mSXE7IgJWToUsU4NnFr,xg6X_6yI3-x6agQaIKy0r,277,190,117.06575927290262,"[1814665419, 274589372, 262336905]"
xkITynYnba-VdPTlpu5kL,xg6X_6yI3-x6agQaIKy0r,219,190,117.06575927290262,"[1814665419, 274589372, 262336905]"
O-PLpyiKLXCmTOTN2ykl2,xkITynYnba-VdPTlpu5kL,192,193,0.0,[1814665419]
T6BRc19d7TrtHQroCLymy,xkITynYnba-VdPTlpu5kL,192,193,0.0,[1814665419]
V_vEOLz-VvDvsJC4jk5JR,xkITynYnba-VdPTlpu5kL,190,193,117.06575927290262,"[262336905, 274589372, 1814665419]"
_RCpDqcLlmzJHSPPy8bli,xkITynYnba-VdPTlpu5kL,192,193,0.0,[1814665419]
NwvVKB38LtB63C0PtEo-i,xkITynYnba-VdPTlpu5kL,425,225,6805.614686096191,"[6952038537, 6952038534, 6952038526, 6953539418, 6952038523, 6952038519, 6952035739, 6952035732, 6491614424, 6491614425, 6953678243, 6953678227, 261726784, 6942560970, 1892876501, 260755102, 1128125313, 1128125375, 274591723, 1884999064, 1884999079, 1884999061, 1884999051, 260755101, 5434591444, 5434591442, 1814665424, 1814665419, 274589372, 1128126150, 1128125930, 1128126056, 1128126117, 316916763, 1885696441, 276659446, 1892904326, 1885696346, 276659536, 276659637, 7025440170, 8431951862, 6513299697, 8431951870, 1885907570, 4323956955, 3890628560, 4075818998, 274589385, 274589386, 417395073, 417395122, 274589389, 260754134, 3883555026, 6971317922, 6971317926, 10904528616]"
o8mSXE7IgJWToUsU4NnFr,xkITynYnba-VdPTlpu5kL,277,193,0.0,[1814665419]
oepuTc06iN5U0ZwjmqZIj,xkITynYnba-VdPTlpu5kL,424,198,180.97182328188137,"[6953678227, 261726784]"
xg6X_6yI3-x6agQaIKy0r,xkITynYnba-VdPTlpu5kL,309,193,117.06575927290262,"[262336905, 274589372, 1814665419]"
2sefONCZ5v5w4bCF1ybYX,yX2mhzfbx4_bbd2DANmLp,85,442,449.4898380536587,"[6952128713, 6952128699, 6952128710, 6491266231, 4168314394, 12287636104, 5392868396, 5392868419, 5392868394, 6953774176, 6966026051, 6966026049, 6966026042, 6966026038, 6966026040, 6966026052]"
jmLM1TsmnRPlkOtGUD0nu,yX2mhzfbx4_bbd2DANmLp,85,442,449.4898380536587,"[6952128713, 6952128699, 6952128710, 6491266231, 4168314394, 12287636104, 5392868396, 5392868419, 5392868394, 6953774176, 6966026051, 6966026049, 6966026042, 6966026038, 6966026040, 6966026052]"
W1YoMQsS8c1ZcZdd_AJ4R,yX2mhzfbx4_bbd2DANmLp,122,442,0.0,[6966026052]
BDGXXpou9Eb38xEVTNUs2,z2W-2EVP76_5pF_4R0HbR,120,383,0.0,[1175843806]
CTJ48OMS2Nn2CyW093CBk,z2W-2EVP76_5pF_4R0HbR,15,383,0.0,[1175843806]
Rx10-oSKyoIJDvbVd1Py3,z2W-2EVP76_5pF_4R0HbR,29,383,0.0,[1175843806]
XQFjzrlmVSDo00hpPwPD9,z2W-2EVP76_5pF_4R0HbR,39,383,0.0,[1175843806]
djf-0ENVceYNg5x6O7HGq,z2W-2EVP76_5pF_4R0HbR,109,383,0.0,[1175843806]
gboAfb13A28YhAJkt-Pkx,z2W-2EVP76_5pF_4R0HbR,400,400,0.0,[2430596313]
wh9cIxqRBTvvkxeMtkHAi,z2W-2EVP76_5pF_4R0HbR,400,400,0.0,[2430596313]
zwjvZyv-K7qfVyipl6li5,z2W-2EVP76_5pF_4R0HbR,2,383,0.0,[1175843806]
0fV-oHdZjqIXEVAq-5E7b,z2W-2EVP76_5pF_4R0HbR,360,383,0.0,[1175843806]
2HEouGQcgjyXwlsq69h3S,z2W-2EVP76_5pF_4R0HbR,300,360,349.74068937636184,"[1886295998, 1888346013, 260758574, 4781919524, 4781919525, 4323952889, 5727317783, 10562355384, 1886295269]"
2sefONCZ5v5w4bCF1ybYX,z2W-2EVP76_5pF_4R0HbR,85,360,349.74068937636184,"[1886295998, 1888346013, 260758574, 4781919524, 4781919525, 4323952889, 5727317783, 10562355384, 1886295269]"
50n7_gqFiIrgeNHtVzwF0,z2W-2EVP76_5pF_4R0HbR,326,383,0.0,[1175843806]
6Jzbm71jwnmQuuO9P7ngg,z2W-2EVP76_5pF_4R0HbR,267,383,0.0,[1175843806]
8CWoTtootKoeWNjoE5oOP,z2W-2EVP76_5pF_4R0HbR,326,383,0.0,[1175843806]
EYuJpRuohnv2M2djd0oRb,z2W-2EVP76_5pF_4R0HbR,397,360,349.74068937636184,"[1886295998, 1888346013, 260758574, 4781919524, 4781919525, 4323952889, 5727317783, 10562355384, 1886295269]"
EqpMMSAPpyyeIs0OPJu7A,z2W-2EVP76_5pF_4R0HbR,98,360,349.74068937636184,"[1886295998, 1888346013, 260758574, 4781919524, 4781919525, 4323952889, 5727317783, 10562355384, 1886295269]"
EvMcmidrqDryWEcBEqdU2,z2W-2EVP76_5pF_4R0HbR,425,360,349.74068937636184,"[1886295998, 1888346013, 260758574, 4781919524, 4781919525, 4323952889, 5727317783, 10562355384, 1886295269]"
I4AY9d0_JCb661dki5jy7,z2W-2EVP76_5pF_4R0HbR,425,383,0.0,[1175843806]
KNOT7t80YXwsfYupjUiTk,z2W-2EVP76_5pF_4R0HbR,426,383,0.0,[1175843806]
QcjXCusjL37XD0vtFPM_z,z2W-2EVP76_5pF_4R0HbR,269,360,349.74068937636184,"[1886295998, 1888346013, 260758574, 4781919524, 4781919525, 4323952889, 5727317783, 10562355384, 1886295269]"
T6BRc19d7TrtHQroCLymy,z2W-2EVP76_5pF_4R0HbR,192,383,0.0,[1175843806]
V-tNyPwMd_7j2AAdXrBPe,z2W-2EVP76_5pF_4R0HbR,278,360,349.74068937636184,"[1886295998, 1888346013, 260758574, 4781919524, 4781919525, 4323952889, 5727317783, 10562355384, 1886295269]"
VqsKdXjc_nTkIE8PZUK7V,z2W-2EVP76_5pF_4R0HbR,93,360,349.74068937636184,"[1886295998, 1888346013, 260758574, 4781919524, 4781919525, 4323952889, 5727317783, 10562355384, 1886295269]"
XxUPXIlZHVjWT_a7YqhHy,z2W-2EVP76_5pF_4R0HbR,426,383,0.0,[1175843806]
_RCpDqcLlmzJHSPPy8bli,z2W-2EVP76_5pF_4R0HbR,192,383,0.0,[1175843806]
cQIW-LxFXCIuxPpIw4MR2,z2W-2EVP76_5pF_4R0HbR,296,383,0.0,[1175843806]
dzTiXNOiyKbSpiehbFk-a,z2W-2EVP76_5pF_4R0HbR,360,383,0.0,[1175843806]
eW27jXPyPLkZFOoF5g9lr,z2W-2EVP76_5pF_4R0HbR,433,360,349.74068937636184,"[1886295998, 1888346013, 260758574, 4781919524, 4781919525, 4323952889, 5727317783, 10562355384, 1886295269]"
lQGthxPF7d3FXnmoZFGLV,z2W-2EVP76_5pF_4R0HbR,426,383,0.0,[1175843806]
p2DY4x4NaqXRC1gG9cwiY,z2W-2EVP76_5pF_4R0HbR,359,383,0.0,[1175843806]
w5lnA7aOkl9RbW6RzoEdG,z2W-2EVP76_5pF_4R0HbR,416,360,349.74068937636184,"[1886295998, 1888346013, 260758574, 4781919524, 4781919525, 4323952889, 5727317783, 10562355384, 1886295269]"
KNOT7t80YXwsfYupjUiTk,zwjvZyv-K7qfVyipl6li5,426,428,127.83425607963296,"[11381058378, 11381058358, 10989259965, 5594506900, 5594506889]"
XxUPXIlZHVjWT_a7YqhHy,zwjvZyv-K7qfVyipl6li5,426,428,127.83425607963296,"[11381058378, 11381058358, 10989259965, 5594506900, 5594506889]"
d1tk5YD606wPnGF4CLm4i,zwjvZyv-K7qfVyipl6li5,427,428,140.34669742250887,"[4323948369, 11381058378, 11381058358, 10989259965, 5594506900, 5594506889]"
lQGthxPF7d3FXnmoZFGLV,zwjvZyv-K7qfVyipl6li5,426,428,127.83425607963296,"[11381058378, 11381058358, 10989259965, 5594506900, 5594506889]"
0fV-oHdZjqIXEVAq-5E7b,zwjvZyv-K7qfVyipl6li5,360,2,0.0,[1175843806]
50n7_gqFiIrgeNHtVzwF0,zwjvZyv-K7qfVyipl6li5,326,2,0.0,[1175843806]
6Jzbm71jwnmQuuO9P7ngg,zwjvZyv-K7qfVyipl6li5,267,2,0.0,[1175843806]
8CWoTtootKoeWNjoE5oOP,zwjvZyv-K7qfVyipl6li5,326,2,0.0,[1175843806]
BDGXXpou9Eb38xEVTNUs2,zwjvZyv-K7qfVyipl6li5,120,2,0.0,[1175843806]
I4AY9d0_JCb661dki5jy7,zwjvZyv-K7qfVyipl6li5,425,2,0.0,[1175843806]
T6BRc19d7TrtHQroCLymy,zwjvZyv-K7qfVyipl6li5,192,2,0.0,[1175843806]
V_vEOLz-VvDvsJC4jk5JR,zwjvZyv-K7qfVyipl6li5,190,391,0.0,[10239200965]
XQFjzrlmVSDo00hpPwPD9,zwjvZyv-K7qfVyipl6li5,39,2,0.0,[1175843806]
_RCpDqcLlmzJHSPPy8bli,zwjvZyv-K7qfVyipl6li5,192,2,0.0,[1175843806]
bAytab6a3g8pFmPeUQC1L,zwjvZyv-K7qfVyipl6li5,161,428,0.0,[5594506889]
cQIW-LxFXCIuxPpIw4MR2,zwjvZyv-K7qfVyipl6li5,296,2,0.0,[1175843806]
dzTiXNOiyKbSpiehbFk-a,zwjvZyv-K7qfVyipl6li5,360,2,0.0,[1175843806]
gboAfb13A28YhAJkt-Pkx,zwjvZyv-K7qfVyipl6li5,400,2,0.0,[1175843806]
nd53PomhCqmjY7ykLQy83,zwjvZyv-K7qfVyipl6li5,79,428,0.0,[5594506889]
p2DY4x4NaqXRC1gG9cwiY,zwjvZyv-K7qfVyipl6li5,359,2,0.0,[1175843806]
pIaHBI4j1KA7mIDUenoKC,zwjvZyv-K7qfVyipl6li5,360,391,0.0,[10239200965]
rff5rfv-fQCJyBaPUiuhB,zwjvZyv-K7qfVyipl6li5,277,428,0.0,[5594506889]
tv4mLSYvBC5Q4aSnL5h83,zwjvZyv-K7qfVyipl6li5,98,428,0.0,[5594506889]
wh9cIxqRBTvvkxeMtkHAi,zwjvZyv-K7qfVyipl6li5,400,2,0.0,[1175843806]
z2W-2EVP76_5pF_4R0HbR,zwjvZyv-K7qfVyipl6li5,360,2,0.0,[1175843806]
