trip_id,from_stop_id,to_stop_id,distance_km
-Q2gVX9GgVSEtVr-yv6Nf-07:00:00,309,310,0.5088
-Q2gVX9GgVSEtVr-yv6Nf-07:00:00,310,443,1.1239000000000001
-vGMBy-ffWWJVczaRlv5z-07:00:00,427,430,2.5056
-vGMBy-ffWWJVczaRlv5z-07:00:00,430,431,1.863
-vGMBy-ffWWJVczaRlv5z-07:00:00,431,344,2.6407
-vGMBy-ffWWJVczaRlv5z-07:00:00,344,339,1.3802
-vGMBy-ffWWJVczaRlv5z-07:00:00,339,321,0.43939999999999996
-vGMBy-ffWWJVczaRlv5z-07:00:00,321,323,1.3594000000000002
025LCvbNrkhPcZFND6SfE-07:00:00,15,6,2.4697
025LCvbNrkhPcZFND6SfE-07:00:00,6,251,4.410399999999999
025LCvbNrkhPcZFND6SfE-07:00:00,251,249,0.6545
025LCvbNrkhPcZFND6SfE-07:00:00,249,121,1.514
0I4f41gSbP4Nhu5ZbZZGv-07:00:00,179,177,1.6455
0I4f41gSbP4Nhu5ZbZZGv-07:00:00,177,307,1.4303
0eMropKVlaFEwtKn18KiF-07:00:00,294,316,0.7139
0eMropKVlaFEwtKn18KiF-07:00:00,316,290,0.4026
0h48FVJYF7q0a-Fr5KoJ2-07:00:00,403,200,0.9773999999999999
0h48FVJYF7q0a-Fr5KoJ2-07:00:00,200,199,0.32230000000000003
0h48FVJYF7q0a-Fr5KoJ2-07:00:00,199,224,0.18059999999999998
0h48FVJYF7q0a-Fr5KoJ2-07:00:00,224,226,0.663
0h48FVJYF7q0a-Fr5KoJ2-07:00:00,226,230,0.3495
0h48FVJYF7q0a-Fr5KoJ2-07:00:00,230,242,0.6684
0h48FVJYF7q0a-Fr5KoJ2-07:00:00,242,244,1.0674000000000001
0h48FVJYF7q0a-Fr5KoJ2-07:00:00,244,246,0.5815
0h48FVJYF7q0a-Fr5KoJ2-07:00:00,246,240,0.4061
0h48FVJYF7q0a-Fr5KoJ2-07:00:00,240,236,1.0509000000000002
0h48FVJYF7q0a-Fr5KoJ2-07:00:00,236,238,0.6514
0h48FVJYF7q0a-Fr5KoJ2-07:00:00,238,234,0.5454
0h48FVJYF7q0a-Fr5KoJ2-07:00:00,234,232,0.6236
0h48FVJYF7q0a-Fr5KoJ2-07:00:00,232,221,0.8332999999999999
0h48FVJYF7q0a-Fr5KoJ2-07:00:00,221,219,1.4167
0h48FVJYF7q0a-Fr5KoJ2-07:00:00,219,215,0.4038
0h48FVJYF7q0a-Fr5KoJ2-07:00:00,215,212,0.2994
0h48FVJYF7q0a-Fr5KoJ2-07:00:00,212,210,0.5059
0h48FVJYF7q0a-Fr5KoJ2-07:00:00,210,208,0.499
0h48FVJYF7q0a-Fr5KoJ2-07:00:00,208,206,0.38839999999999997
0h48FVJYF7q0a-Fr5KoJ2-07:00:00,206,204,0.43460000000000004
0h48FVJYF7q0a-Fr5KoJ2-07:00:00,204,134,0.2105
0h48FVJYF7q0a-Fr5KoJ2-07:00:00,134,127,2.7198
0h48FVJYF7q0a-Fr5KoJ2-07:00:00,127,32,0.31239999999999996
0h48FVJYF7q0a-Fr5KoJ2-07:00:00,32,13,0.3778
0h48FVJYF7q0a-Fr5KoJ2-07:00:00,13,96,0.2671
0h48FVJYF7q0a-Fr5KoJ2-07:00:00,96,94,0.275
0h48FVJYF7q0a-Fr5KoJ2-07:00:00,94,92,0.15519999999999998
0h48FVJYF7q0a-Fr5KoJ2-07:00:00,92,88,0.1085
0h48FVJYF7q0a-Fr5KoJ2-07:00:00,88,90,0.1996
0h48FVJYF7q0a-Fr5KoJ2-07:00:00,90,139,1.1596
0h48FVJYF7q0a-Fr5KoJ2-07:00:00,139,137,0.2762
0h48FVJYF7q0a-Fr5KoJ2-07:00:00,137,123,0.3487
0h48FVJYF7q0a-Fr5KoJ2-07:00:00,123,126,0.3998
0h48FVJYF7q0a-Fr5KoJ2-07:00:00,126,86,0.6601
1pTTdCYNksTHRhSFGpg76-07:00:00,309,310,0.5088
1pTTdCYNksTHRhSFGpg76-07:00:00,310,319,1.0909
1pTTdCYNksTHRhSFGpg76-07:00:00,319,339,2.1368
1pTTdCYNksTHRhSFGpg76-07:00:00,339,321,0.43939999999999996
1pTTdCYNksTHRhSFGpg76-07:00:00,321,347,0.5464
1pTTdCYNksTHRhSFGpg76-07:00:00,347,350,0.7327
1pTTdCYNksTHRhSFGpg76-07:00:00,350,414,0.511
1pTTdCYNksTHRhSFGpg76-07:00:00,414,410,1.3862
1pTTdCYNksTHRhSFGpg76-07:00:00,410,200,1.1870999999999998
1pTTdCYNksTHRhSFGpg76-07:00:00,200,201,0.432
1pTTdCYNksTHRhSFGpg76-07:00:00,201,190,0.4692
1qykx9U9w6xm1N6GqnR-i-07:00:00,267,273,0.6049
1qykx9U9w6xm1N6GqnR-i-07:00:00,273,290,1.2683
1v5hAqd3R5NHO2_mRDJ3z-07:00:00,306,175,1.6992
1v5hAqd3R5NHO2_mRDJ3z-07:00:00,175,178,2.7484
28mrnCSEb3wYAsdtd50rU-07:00:00,355,357,1.8595
28mrnCSEb3wYAsdtd50rU-07:00:00,357,363,0.8588
28mrnCSEb3wYAsdtd50rU-07:00:00,363,373,0.8042999999999999
28mrnCSEb3wYAsdtd50rU-07:00:00,373,371,1.4192
28mrnCSEb3wYAsdtd50rU-07:00:00,371,365,0.8049
34nbNemVSy5O0QhQ5utuQ-07:00:00,78,76,0.4924
34nbNemVSy5O0QhQ5utuQ-07:00:00,76,72,0.6402
34nbNemVSy5O0QhQ5utuQ-07:00:00,72,70,0.7292000000000001
34nbNemVSy5O0QhQ5utuQ-07:00:00,70,68,0.4621
34nbNemVSy5O0QhQ5utuQ-07:00:00,68,66,1.4539000000000002
34nbNemVSy5O0QhQ5utuQ-07:00:00,66,64,0.7005
34nbNemVSy5O0QhQ5utuQ-07:00:00,64,62,0.5337999999999999
34nbNemVSy5O0QhQ5utuQ-07:00:00,62,59,0.4254
34nbNemVSy5O0QhQ5utuQ-07:00:00,59,55,0.5113
34nbNemVSy5O0QhQ5utuQ-07:00:00,55,57,0.8122
34nbNemVSy5O0QhQ5utuQ-07:00:00,57,53,0.2134
34nbNemVSy5O0QhQ5utuQ-07:00:00,53,51,0.13219999999999998
34nbNemVSy5O0QhQ5utuQ-07:00:00,51,49,0.1767
3CgzuUO_dn1teCfMyugyc-07:00:00,79,103,0.48469999999999996
3CgzuUO_dn1teCfMyugyc-07:00:00,103,104,0.25739999999999996
3CgzuUO_dn1teCfMyugyc-07:00:00,104,106,0.2861
3CgzuUO_dn1teCfMyugyc-07:00:00,106,129,0.7074
3CgzuUO_dn1teCfMyugyc-07:00:00,129,131,0.39030000000000004
3CgzuUO_dn1teCfMyugyc-07:00:00,131,133,0.5953999999999999
3CgzuUO_dn1teCfMyugyc-07:00:00,133,203,0.1971
3CgzuUO_dn1teCfMyugyc-07:00:00,203,205,0.4565
3CgzuUO_dn1teCfMyugyc-07:00:00,205,207,0.4342
3CgzuUO_dn1teCfMyugyc-07:00:00,207,209,4.8508000000000004
3CgzuUO_dn1teCfMyugyc-07:00:00,209,211,2.274
3CgzuUO_dn1teCfMyugyc-07:00:00,211,214,1.0021
3CgzuUO_dn1teCfMyugyc-07:00:00,214,218,2.1185
3CgzuUO_dn1teCfMyugyc-07:00:00,218,220,1.4105
3CgzuUO_dn1teCfMyugyc-07:00:00,220,231,0.8179
3CgzuUO_dn1teCfMyugyc-07:00:00,231,233,0.6058
3CgzuUO_dn1teCfMyugyc-07:00:00,233,237,0.5404
3CgzuUO_dn1teCfMyugyc-07:00:00,237,235,0.5197999999999999
3CgzuUO_dn1teCfMyugyc-07:00:00,235,239,1.0317
3CgzuUO_dn1teCfMyugyc-07:00:00,239,245,0.42710000000000004
3CgzuUO_dn1teCfMyugyc-07:00:00,245,243,0.5841000000000001
3CgzuUO_dn1teCfMyugyc-07:00:00,243,241,1.0479
3CgzuUO_dn1teCfMyugyc-07:00:00,241,229,0.6613
3CgzuUO_dn1teCfMyugyc-07:00:00,229,225,0.3481
3CgzuUO_dn1teCfMyugyc-07:00:00,225,227,0.6194
3CgzuUO_dn1teCfMyugyc-07:00:00,227,406,1.7070999999999998
3CgzuUO_dn1teCfMyugyc-07:00:00,406,404,0.4209
3CgzuUO_dn1teCfMyugyc-07:00:00,404,423,1.0840999999999998
3CgzuUO_dn1teCfMyugyc-07:00:00,423,428,1.3724
3DsaT0dcW0e0BLcyD3Q6E-07:00:00,161,163,0.1743
3DsaT0dcW0e0BLcyD3Q6E-07:00:00,163,164,0.43739999999999996
3DsaT0dcW0e0BLcyD3Q6E-07:00:00,164,165,0.2356
3DsaT0dcW0e0BLcyD3Q6E-07:00:00,165,182,0.7845
3DsaT0dcW0e0BLcyD3Q6E-07:00:00,182,185,0.30469999999999997
3DsaT0dcW0e0BLcyD3Q6E-07:00:00,185,187,0.22569999999999998
3DsaT0dcW0e0BLcyD3Q6E-07:00:00,187,195,0.5315
3DsaT0dcW0e0BLcyD3Q6E-07:00:00,195,192,0.418
3DsaT0dcW0e0BLcyD3Q6E-07:00:00,192,197,0.3822
3DsaT0dcW0e0BLcyD3Q6E-07:00:00,197,199,0.5368999999999999
3DsaT0dcW0e0BLcyD3Q6E-07:00:00,199,224,0.18059999999999998
3DsaT0dcW0e0BLcyD3Q6E-07:00:00,224,412,0.393
3DsaT0dcW0e0BLcyD3Q6E-07:00:00,412,411,1.3033
3DsaT0dcW0e0BLcyD3Q6E-07:00:00,411,415,0.4157
3DsaT0dcW0e0BLcyD3Q6E-07:00:00,415,438,0.6182000000000001
3DsaT0dcW0e0BLcyD3Q6E-07:00:00,438,418,0.8765
3JTmhQmnxSU9cPkJSaSlE-07:00:00,89,93,0.1118
3JTmhQmnxSU9cPkJSaSlE-07:00:00,93,95,0.14980000000000002
3JTmhQmnxSU9cPkJSaSlE-07:00:00,95,97,0.2776
3JTmhQmnxSU9cPkJSaSlE-07:00:00,97,14,0.2774
3JTmhQmnxSU9cPkJSaSlE-07:00:00,14,45,0.373
3JTmhQmnxSU9cPkJSaSlE-07:00:00,45,128,0.3035
3JTmhQmnxSU9cPkJSaSlE-07:00:00,128,133,0.568
3JTmhQmnxSU9cPkJSaSlE-07:00:00,133,203,0.1971
3JTmhQmnxSU9cPkJSaSlE-07:00:00,203,205,0.4565
3JTmhQmnxSU9cPkJSaSlE-07:00:00,205,207,0.4342
3JTmhQmnxSU9cPkJSaSlE-07:00:00,207,209,4.8508000000000004
3JTmhQmnxSU9cPkJSaSlE-07:00:00,209,211,2.274
3JTmhQmnxSU9cPkJSaSlE-07:00:00,211,214,1.0021
3JTmhQmnxSU9cPkJSaSlE-07:00:00,214,218,2.1185
3JTmhQmnxSU9cPkJSaSlE-07:00:00,218,220,1.4105
3JTmhQmnxSU9cPkJSaSlE-07:00:00,220,231,0.8179
3JTmhQmnxSU9cPkJSaSlE-07:00:00,231,233,0.6058
3JTmhQmnxSU9cPkJSaSlE-07:00:00,233,237,0.5404
3JTmhQmnxSU9cPkJSaSlE-07:00:00,237,235,0.5197999999999999
3JTmhQmnxSU9cPkJSaSlE-07:00:00,235,239,1.0317
3JTmhQmnxSU9cPkJSaSlE-07:00:00,239,245,0.42710000000000004
3JTmhQmnxSU9cPkJSaSlE-07:00:00,245,243,0.5841000000000001
3JTmhQmnxSU9cPkJSaSlE-07:00:00,243,241,1.0479
3JTmhQmnxSU9cPkJSaSlE-07:00:00,241,229,0.6613
3JTmhQmnxSU9cPkJSaSlE-07:00:00,229,225,0.3481
3JTmhQmnxSU9cPkJSaSlE-07:00:00,225,227,0.6194
3JTmhQmnxSU9cPkJSaSlE-07:00:00,227,409,1.1714
3JTmhQmnxSU9cPkJSaSlE-07:00:00,409,402,0.74
3RevHK5a3aJRhrnXG0U-Y-07:00:00,261,273,1.8444
3RevHK5a3aJRhrnXG0U-Y-07:00:00,273,295,1.1683
3RevHK5a3aJRhrnXG0U-Y-07:00:00,295,304,0.8733
3SynmEGmJSDoBYRTRgEkj-07:00:00,310,319,1.0909
3SynmEGmJSDoBYRTRgEkj-07:00:00,319,339,2.1368
3SynmEGmJSDoBYRTRgEkj-07:00:00,339,321,0.43939999999999996
3SynmEGmJSDoBYRTRgEkj-07:00:00,321,347,0.5464
3SynmEGmJSDoBYRTRgEkj-07:00:00,347,350,0.7327
3SynmEGmJSDoBYRTRgEkj-07:00:00,350,414,0.511
3SynmEGmJSDoBYRTRgEkj-07:00:00,414,410,1.3862
3SynmEGmJSDoBYRTRgEkj-07:00:00,410,200,1.1870999999999998
3SynmEGmJSDoBYRTRgEkj-07:00:00,200,201,0.432
3SynmEGmJSDoBYRTRgEkj-07:00:00,201,190,0.4692
3SynmEGmJSDoBYRTRgEkj-07:00:00,190,188,0.3827
3g4cs6y1Zst9EwOYH-YQE-07:00:00,2,3,0.4111
3g4cs6y1Zst9EwOYH-YQE-07:00:00,3,250,30.5556
3g4cs6y1Zst9EwOYH-YQE-07:00:00,250,252,0.2969
3g4cs6y1Zst9EwOYH-YQE-07:00:00,252,390,5.087899999999999
3g4cs6y1Zst9EwOYH-YQE-07:00:00,390,391,2.8773
3g4cs6y1Zst9EwOYH-YQE-07:00:00,391,396,1.7769000000000001
3g4cs6y1Zst9EwOYH-YQE-07:00:00,396,435,5.5149
3g4cs6y1Zst9EwOYH-YQE-07:00:00,435,399,4.3163
3g4cs6y1Zst9EwOYH-YQE-07:00:00,399,168,2.2463
3g4cs6y1Zst9EwOYH-YQE-07:00:00,168,428,2.7259
3wTFymMNfLvqoIaC8VkMX-07:00:00,258,217,2.203
40rOFL2qzN26P2ty7q_b9-07:00:00,277,265,1.3742
40rOFL2qzN26P2ty7q_b9-07:00:00,265,215,1.5037
40rOFL2qzN26P2ty7q_b9-07:00:00,215,218,2.1195999999999997
40rOFL2qzN26P2ty7q_b9-07:00:00,218,220,1.4105
40rOFL2qzN26P2ty7q_b9-07:00:00,220,231,0.8179
40rOFL2qzN26P2ty7q_b9-07:00:00,231,233,0.6058
40rOFL2qzN26P2ty7q_b9-07:00:00,233,237,0.5404
40rOFL2qzN26P2ty7q_b9-07:00:00,237,235,0.5197999999999999
40rOFL2qzN26P2ty7q_b9-07:00:00,235,239,1.0317
40rOFL2qzN26P2ty7q_b9-07:00:00,239,245,0.42710000000000004
40rOFL2qzN26P2ty7q_b9-07:00:00,245,243,0.5841000000000001
40rOFL2qzN26P2ty7q_b9-07:00:00,243,241,1.0479
40rOFL2qzN26P2ty7q_b9-07:00:00,241,229,0.6613
40rOFL2qzN26P2ty7q_b9-07:00:00,229,225,0.3481
40rOFL2qzN26P2ty7q_b9-07:00:00,225,223,0.6788
40rOFL2qzN26P2ty7q_b9-07:00:00,223,198,0.1936
40rOFL2qzN26P2ty7q_b9-07:00:00,198,196,0.5163
40rOFL2qzN26P2ty7q_b9-07:00:00,196,193,0.38089999999999996
4B_Jpa3Jm_xxCkTcY6IDN-07:00:00,400,363,1.1622999999999999
4B_Jpa3Jm_xxCkTcY6IDN-07:00:00,363,373,0.8042999999999999
4B_Jpa3Jm_xxCkTcY6IDN-07:00:00,373,367,1.3748
4B_Jpa3Jm_xxCkTcY6IDN-07:00:00,367,369,0.7151000000000001
4B_Jpa3Jm_xxCkTcY6IDN-07:00:00,369,436,2.7395
4B_Jpa3Jm_xxCkTcY6IDN-07:00:00,436,388,2.7979000000000003
4B_Jpa3Jm_xxCkTcY6IDN-07:00:00,388,387,0.29460000000000003
4B_Jpa3Jm_xxCkTcY6IDN-07:00:00,387,385,1.0118
4B_Jpa3Jm_xxCkTcY6IDN-07:00:00,385,383,1.0347
4B_Jpa3Jm_xxCkTcY6IDN-07:00:00,383,381,1.2789000000000001
4B_Jpa3Jm_xxCkTcY6IDN-07:00:00,381,377,0.842
4B_Jpa3Jm_xxCkTcY6IDN-07:00:00,377,375,0.3201
4B_Jpa3Jm_xxCkTcY6IDN-07:00:00,375,46,1.0375999999999999
4B_Jpa3Jm_xxCkTcY6IDN-07:00:00,46,44,0.18819999999999998
4B_Jpa3Jm_xxCkTcY6IDN-07:00:00,44,42,0.11270000000000001
4B_Jpa3Jm_xxCkTcY6IDN-07:00:00,42,40,0.2063
4B_Jpa3Jm_xxCkTcY6IDN-07:00:00,40,34,0.1046
4B_Jpa3Jm_xxCkTcY6IDN-07:00:00,34,39,0.2781
4B_Jpa3Jm_xxCkTcY6IDN-07:00:00,39,30,0.6776
4B_Jpa3Jm_xxCkTcY6IDN-07:00:00,30,28,0.628
4B_Jpa3Jm_xxCkTcY6IDN-07:00:00,28,27,0.2407
4B_Jpa3Jm_xxCkTcY6IDN-07:00:00,27,24,0.7957000000000001
4B_Jpa3Jm_xxCkTcY6IDN-07:00:00,24,22,0.5247999999999999
4QUtLrt9QqoQBADynOzAM-07:00:00,48,74,7.4394
4QUtLrt9QqoQBADynOzAM-07:00:00,74,149,8.3591
4QUtLrt9QqoQBADynOzAM-07:00:00,149,328,4.8996
4QUtLrt9QqoQBADynOzAM-07:00:00,328,346,1.6962000000000002
4QUtLrt9QqoQBADynOzAM-07:00:00,346,433,2.4631999999999996
4QUtLrt9QqoQBADynOzAM-07:00:00,433,429,1.7124000000000001
4QUtLrt9QqoQBADynOzAM-07:00:00,429,424,1.5221
4QUtLrt9QqoQBADynOzAM-07:00:00,424,405,1.0839
4QUtLrt9QqoQBADynOzAM-07:00:00,405,407,0.45380000000000004
4QUtLrt9QqoQBADynOzAM-07:00:00,407,409,0.8402000000000001
4QUtLrt9QqoQBADynOzAM-07:00:00,409,402,0.74
4QUtLrt9QqoQBADynOzAM-07:00:00,402,359,0.8399
4dazyxD50LYtjM4jq9_Ot-07:00:00,362,406,1.8045
4dazyxD50LYtjM4jq9_Ot-07:00:00,406,404,0.4209
4dazyxD50LYtjM4jq9_Ot-07:00:00,404,423,1.0840999999999998
4dazyxD50LYtjM4jq9_Ot-07:00:00,423,430,1.7530999999999999
4dazyxD50LYtjM4jq9_Ot-07:00:00,430,431,1.863
4dazyxD50LYtjM4jq9_Ot-07:00:00,431,345,2.3028000000000004
4dazyxD50LYtjM4jq9_Ot-07:00:00,345,329,1.7002000000000002
4dazyxD50LYtjM4jq9_Ot-07:00:00,329,297,2.1541
4dazyxD50LYtjM4jq9_Ot-07:00:00,297,299,0.26489999999999997
4dazyxD50LYtjM4jq9_Ot-07:00:00,299,302,0.2028
4dazyxD50LYtjM4jq9_Ot-07:00:00,302,305,0.5254
4dazyxD50LYtjM4jq9_Ot-07:00:00,305,271,2.1837
4dazyxD50LYtjM4jq9_Ot-07:00:00,271,268,0.3837
5gdYQVlYNdFvy7jCqIDu7-07:00:00,425,420,3.4577
5gdYQVlYNdFvy7jCqIDu7-07:00:00,420,356,3.773
5gdYQVlYNdFvy7jCqIDu7-07:00:00,356,248,0.6775
5gdYQVlYNdFvy7jCqIDu7-07:00:00,248,253,0.35919999999999996
5gdYQVlYNdFvy7jCqIDu7-07:00:00,253,156,0.8292
5gdYQVlYNdFvy7jCqIDu7-07:00:00,156,157,0.1377
5gdYQVlYNdFvy7jCqIDu7-07:00:00,157,159,0.1108
5gdYQVlYNdFvy7jCqIDu7-07:00:00,159,161,0.1869
5gdYQVlYNdFvy7jCqIDu7-07:00:00,161,163,0.1743
6LBLdjAw8E6T2OCvlWEr8-07:00:00,189,192,0.4345
6LBLdjAw8E6T2OCvlWEr8-07:00:00,192,197,0.3822
6LBLdjAw8E6T2OCvlWEr8-07:00:00,197,412,1.1105
6LBLdjAw8E6T2OCvlWEr8-07:00:00,412,406,1.7675
6LBLdjAw8E6T2OCvlWEr8-07:00:00,406,404,0.4209
6LBLdjAw8E6T2OCvlWEr8-07:00:00,404,423,1.0840999999999998
6LBLdjAw8E6T2OCvlWEr8-07:00:00,423,430,1.7530999999999999
6LBLdjAw8E6T2OCvlWEr8-07:00:00,430,432,1.8480999999999999
6OIx6bTrieeeSM5cAiCs--07:00:00,426,386,14.033700000000001
6OIx6bTrieeeSM5cAiCs--07:00:00,386,383,1.2539
6OIx6bTrieeeSM5cAiCs--07:00:00,383,381,1.2789000000000001
6OIx6bTrieeeSM5cAiCs--07:00:00,381,377,0.842
6OIx6bTrieeeSM5cAiCs--07:00:00,377,375,0.3201
6OIx6bTrieeeSM5cAiCs--07:00:00,375,46,1.0375999999999999
6OIx6bTrieeeSM5cAiCs--07:00:00,46,44,0.18819999999999998
6OIx6bTrieeeSM5cAiCs--07:00:00,44,42,0.11270000000000001
6d2W3a35jKEGSEjY9OqMB-07:00:00,267,273,0.6049
6d2W3a35jKEGSEjY9OqMB-07:00:00,273,295,1.1683
6d2W3a35jKEGSEjY9OqMB-07:00:00,295,304,0.8733
6u8t_kqOv1J6Cy4UiIRO_-07:00:00,122,442,3.1315
7OIDYqQb_VCEwYHFGH_e5-07:00:00,14,45,0.373
7OIDYqQb_VCEwYHFGH_e5-07:00:00,45,153,1.1135
7OIDYqQb_VCEwYHFGH_e5-07:00:00,153,255,0.6829
7PVy-xzsAclt9bvyLn2D_-07:00:00,305,271,2.1837
7PVy-xzsAclt9bvyLn2D_-07:00:00,271,447,0.3783
7PVy-xzsAclt9bvyLn2D_-07:00:00,447,143,1.0916
7PVy-xzsAclt9bvyLn2D_-07:00:00,143,145,0.4119
7PVy-xzsAclt9bvyLn2D_-07:00:00,145,141,0.4165
7PVy-xzsAclt9bvyLn2D_-07:00:00,141,139,0.4532
7PVy-xzsAclt9bvyLn2D_-07:00:00,139,137,0.2762
7PVy-xzsAclt9bvyLn2D_-07:00:00,137,91,0.9717
7PVy-xzsAclt9bvyLn2D_-07:00:00,91,89,0.19319999999999998
7PVy-xzsAclt9bvyLn2D_-07:00:00,89,17,1.3605999999999998
7oFBV_-FjsLDgC5o68Mli-07:00:00,260,282,0.7978999999999999
7oFBV_-FjsLDgC5o68Mli-07:00:00,282,283,0.6554
7oFBV_-FjsLDgC5o68Mli-07:00:00,283,280,0.7104
7oFBV_-FjsLDgC5o68Mli-07:00:00,280,275,0.6422
8wpT6YlGJmfsskCDg8AJT-07:00:00,322,340,0.3311
8wpT6YlGJmfsskCDg8AJT-07:00:00,340,343,1.3815
8wpT6YlGJmfsskCDg8AJT-07:00:00,343,345,1.4385999999999999
8wpT6YlGJmfsskCDg8AJT-07:00:00,329,297,2.1541
8wpT6YlGJmfsskCDg8AJT-07:00:00,297,299,0.26489999999999997
9ByH2YQ54cshi1Sj8kgPQ-07:00:00,219,220,1.5192999999999999
9ByH2YQ54cshi1Sj8kgPQ-07:00:00,220,231,0.8179
9ByH2YQ54cshi1Sj8kgPQ-07:00:00,231,233,0.6058
9ByH2YQ54cshi1Sj8kgPQ-07:00:00,233,237,0.5404
9ByH2YQ54cshi1Sj8kgPQ-07:00:00,237,235,0.5197999999999999
9ByH2YQ54cshi1Sj8kgPQ-07:00:00,235,239,1.0317
9ByH2YQ54cshi1Sj8kgPQ-07:00:00,239,245,0.42710000000000004
9ByH2YQ54cshi1Sj8kgPQ-07:00:00,245,243,0.5841000000000001
9ByH2YQ54cshi1Sj8kgPQ-07:00:00,243,241,1.0479
9ByH2YQ54cshi1Sj8kgPQ-07:00:00,241,229,0.6613
9ByH2YQ54cshi1Sj8kgPQ-07:00:00,229,225,0.3481
9ByH2YQ54cshi1Sj8kgPQ-07:00:00,225,223,0.6788
9ByH2YQ54cshi1Sj8kgPQ-07:00:00,223,198,0.1936
9ByH2YQ54cshi1Sj8kgPQ-07:00:00,198,196,0.5163
9ByH2YQ54cshi1Sj8kgPQ-07:00:00,196,193,0.38089999999999996
9LVHJSd6OMdlCKboaE00V-07:00:00,48,50,0.1735
9LVHJSd6OMdlCKboaE00V-07:00:00,50,52,0.1368
9LVHJSd6OMdlCKboaE00V-07:00:00,52,56,0.21569999999999998
9LVHJSd6OMdlCKboaE00V-07:00:00,56,54,0.8118
9LVHJSd6OMdlCKboaE00V-07:00:00,54,58,0.5091
9LVHJSd6OMdlCKboaE00V-07:00:00,58,61,0.427
9LVHJSd6OMdlCKboaE00V-07:00:00,61,63,0.5276000000000001
9LVHJSd6OMdlCKboaE00V-07:00:00,63,65,0.8733
9LVHJSd6OMdlCKboaE00V-07:00:00,65,67,1.4719
9LVHJSd6OMdlCKboaE00V-07:00:00,67,69,0.4659
9LVHJSd6OMdlCKboaE00V-07:00:00,69,71,0.7252000000000001
9LVHJSd6OMdlCKboaE00V-07:00:00,71,75,0.6437
9LVHJSd6OMdlCKboaE00V-07:00:00,75,77,1.1933
9LVHJSd6OMdlCKboaE00V-07:00:00,77,79,0.1374
9LVHJSd6OMdlCKboaE00V-07:00:00,79,101,0.7313999999999999
9iBvMMprqaal91Eesle9O-07:00:00,300,298,0.2047
9iBvMMprqaal91Eesle9O-07:00:00,298,296,0.25980000000000003
9iBvMMprqaal91Eesle9O-07:00:00,296,332,3.8487
9iBvMMprqaal91Eesle9O-07:00:00,332,330,1.3973
9iBvMMprqaal91Eesle9O-07:00:00,330,173,2.5598
9iBvMMprqaal91Eesle9O-07:00:00,173,171,0.8202
9iBvMMprqaal91Eesle9O-07:00:00,171,170,0.5554
9iBvMMprqaal91Eesle9O-07:00:00,170,168,1.2152
9iBvMMprqaal91Eesle9O-07:00:00,168,424,1.8303
9iBvMMprqaal91Eesle9O-07:00:00,424,405,1.0839
9iBvMMprqaal91Eesle9O-07:00:00,405,407,0.45380000000000004
9iBvMMprqaal91Eesle9O-07:00:00,407,409,0.8402000000000001
9iBvMMprqaal91Eesle9O-07:00:00,409,402,0.74
9iBvMMprqaal91Eesle9O-07:00:00,402,359,0.8399
AOVtM-9TZ3fXGgaCnC-sH-07:00:00,296,332,3.8487
AOVtM-9TZ3fXGgaCnC-sH-07:00:00,332,330,1.3973
AOVtM-9TZ3fXGgaCnC-sH-07:00:00,330,173,2.5598
AOVtM-9TZ3fXGgaCnC-sH-07:00:00,173,171,0.8202
AOVtM-9TZ3fXGgaCnC-sH-07:00:00,171,170,0.5554
AOVtM-9TZ3fXGgaCnC-sH-07:00:00,170,168,1.2152
AOVtM-9TZ3fXGgaCnC-sH-07:00:00,168,398,2.262
AOVtM-9TZ3fXGgaCnC-sH-07:00:00,398,434,4.1648000000000005
AOVtM-9TZ3fXGgaCnC-sH-07:00:00,434,395,5.6513
AOVtM-9TZ3fXGgaCnC-sH-07:00:00,395,392,1.7441
AOVtM-9TZ3fXGgaCnC-sH-07:00:00,392,389,2.8827
AOVtM-9TZ3fXGgaCnC-sH-07:00:00,389,251,4.873399999999999
APpubImR-DQ7ipx8VqTDi-07:00:00,326,321,0.7621
APpubImR-DQ7ipx8VqTDi-07:00:00,321,337,0.8311000000000001
APpubImR-DQ7ipx8VqTDi-07:00:00,337,433,1.8855
APpubImR-DQ7ipx8VqTDi-07:00:00,433,429,1.7124000000000001
APpubImR-DQ7ipx8VqTDi-07:00:00,429,428,2.3773
Ass95AtKKd_cJzSpFbbks-07:00:00,273,295,1.1683
BSHIbLq-S_VbTLPj0f5S7-07:00:00,283,260,0.8336
Bir76FY1196m5b2RCrotL-07:00:00,403,406,1.3409
Bir76FY1196m5b2RCrotL-07:00:00,406,404,0.4209
Bir76FY1196m5b2RCrotL-07:00:00,404,423,1.0840999999999998
Bir76FY1196m5b2RCrotL-07:00:00,423,430,1.7530999999999999
Bir76FY1196m5b2RCrotL-07:00:00,430,431,1.863
BxVJu5Cu3SBv6k6JEotw3-07:00:00,400,363,1.1622999999999999
BxVJu5Cu3SBv6k6JEotw3-07:00:00,363,10,20.0472
BxVJu5Cu3SBv6k6JEotw3-07:00:00,10,7,0.6347999999999999
BxVJu5Cu3SBv6k6JEotw3-07:00:00,7,8,0.5522
BxVJu5Cu3SBv6k6JEotw3-07:00:00,8,9,0.31989999999999996
BxVJu5Cu3SBv6k6JEotw3-07:00:00,9,11,0.4017
BxVJu5Cu3SBv6k6JEotw3-07:00:00,11,19,0.6103999999999999
BxVJu5Cu3SBv6k6JEotw3-07:00:00,19,23,1.0216
BxVJu5Cu3SBv6k6JEotw3-07:00:00,23,25,0.6137999999999999
BxVJu5Cu3SBv6k6JEotw3-07:00:00,25,26,0.523
CHPoO06l96ZxXNoM4s7El-07:00:00,261,273,1.8444
CHPoO06l96ZxXNoM4s7El-07:00:00,273,295,1.1683
CHPoO06l96ZxXNoM4s7El-07:00:00,295,304,0.8733
Cl-oT7WLLDtvd9UF3t3WF-07:00:00,85,125,0.6105
Cl-oT7WLLDtvd9UF3t3WF-07:00:00,125,124,0.4195
Cl-oT7WLLDtvd9UF3t3WF-07:00:00,124,136,0.3087
Cl-oT7WLLDtvd9UF3t3WF-07:00:00,136,91,0.5353
Cl-oT7WLLDtvd9UF3t3WF-07:00:00,91,89,0.19319999999999998
Cl-oT7WLLDtvd9UF3t3WF-07:00:00,89,93,0.1118
Cl-oT7WLLDtvd9UF3t3WF-07:00:00,93,95,0.14980000000000002
Cl-oT7WLLDtvd9UF3t3WF-07:00:00,95,97,0.2776
Cl-oT7WLLDtvd9UF3t3WF-07:00:00,97,14,0.2774
Cl-oT7WLLDtvd9UF3t3WF-07:00:00,14,45,0.373
Cl-oT7WLLDtvd9UF3t3WF-07:00:00,45,128,0.3035
Cl-oT7WLLDtvd9UF3t3WF-07:00:00,128,130,2.6486
Cl-oT7WLLDtvd9UF3t3WF-07:00:00,130,132,1.3443
Cl-oT7WLLDtvd9UF3t3WF-07:00:00,132,133,2.0650999999999997
Cl-oT7WLLDtvd9UF3t3WF-07:00:00,133,203,0.1971
Cl-oT7WLLDtvd9UF3t3WF-07:00:00,203,205,0.4565
Cl-oT7WLLDtvd9UF3t3WF-07:00:00,205,207,0.4342
Cl-oT7WLLDtvd9UF3t3WF-07:00:00,207,209,4.8508000000000004
Cl-oT7WLLDtvd9UF3t3WF-07:00:00,209,211,2.274
Cl-oT7WLLDtvd9UF3t3WF-07:00:00,211,214,1.0021
Cl-oT7WLLDtvd9UF3t3WF-07:00:00,214,218,2.1185
Cl-oT7WLLDtvd9UF3t3WF-07:00:00,218,220,1.4105
Cl-oT7WLLDtvd9UF3t3WF-07:00:00,220,231,0.8179
Cl-oT7WLLDtvd9UF3t3WF-07:00:00,231,233,0.6058
Cl-oT7WLLDtvd9UF3t3WF-07:00:00,233,237,0.5404
Cl-oT7WLLDtvd9UF3t3WF-07:00:00,237,235,0.5197999999999999
Cl-oT7WLLDtvd9UF3t3WF-07:00:00,235,239,1.0317
Cl-oT7WLLDtvd9UF3t3WF-07:00:00,239,245,0.42710000000000004
Cl-oT7WLLDtvd9UF3t3WF-07:00:00,245,243,0.5841000000000001
Cl-oT7WLLDtvd9UF3t3WF-07:00:00,243,241,1.0479
Cl-oT7WLLDtvd9UF3t3WF-07:00:00,241,229,0.6613
Cl-oT7WLLDtvd9UF3t3WF-07:00:00,229,225,0.3481
Cl-oT7WLLDtvd9UF3t3WF-07:00:00,225,223,0.6788
Cl-oT7WLLDtvd9UF3t3WF-07:00:00,223,198,0.1936
Cl-oT7WLLDtvd9UF3t3WF-07:00:00,198,196,0.5163
Cl-oT7WLLDtvd9UF3t3WF-07:00:00,196,193,0.38089999999999996
Cl-oT7WLLDtvd9UF3t3WF-07:00:00,193,194,0.3493
Cl-oT7WLLDtvd9UF3t3WF-07:00:00,194,186,0.5193
Cl-oT7WLLDtvd9UF3t3WF-07:00:00,186,184,0.2174
Cl-oT7WLLDtvd9UF3t3WF-07:00:00,184,183,0.29719999999999996
CmIaLLjNex2vbIMiilGN5-07:00:00,379,384,1.3767
CmIaLLjNex2vbIMiilGN5-07:00:00,384,428,18.8863
CoaLpd6rmb73R6BNYH7S1-07:00:00,39,30,0.6776
CoaLpd6rmb73R6BNYH7S1-07:00:00,30,28,0.628
CoaLpd6rmb73R6BNYH7S1-07:00:00,28,27,0.2407
CoaLpd6rmb73R6BNYH7S1-07:00:00,27,24,0.7957000000000001
CoaLpd6rmb73R6BNYH7S1-07:00:00,24,22,0.5247999999999999
CoaLpd6rmb73R6BNYH7S1-07:00:00,22,18,0.9352
DQG7BcWUYPP3fo9nY8SBc-07:00:00,403,406,1.3409
DQG7BcWUYPP3fo9nY8SBc-07:00:00,406,404,0.4209
DQG7BcWUYPP3fo9nY8SBc-07:00:00,404,423,1.0840999999999998
DQG7BcWUYPP3fo9nY8SBc-07:00:00,423,428,1.3724
Da9EIaUt19ZSMI3qwGvzZ-07:00:00,301,298,0.2056
Da9EIaUt19ZSMI3qwGvzZ-07:00:00,298,296,0.25980000000000003
Da9EIaUt19ZSMI3qwGvzZ-07:00:00,296,328,1.1256
Da9EIaUt19ZSMI3qwGvzZ-07:00:00,328,346,1.6962000000000002
Da9EIaUt19ZSMI3qwGvzZ-07:00:00,346,344,1.4419000000000002
Da9EIaUt19ZSMI3qwGvzZ-07:00:00,344,339,1.3802
Da9EIaUt19ZSMI3qwGvzZ-07:00:00,339,327,1.288
E3cKTAI5hrMdq3gv0l-3g-07:00:00,182,185,0.30469999999999997
E3cKTAI5hrMdq3gv0l-3g-07:00:00,185,187,0.22569999999999998
E3cKTAI5hrMdq3gv0l-3g-07:00:00,187,195,0.5315
E3cKTAI5hrMdq3gv0l-3g-07:00:00,195,192,0.418
E3cKTAI5hrMdq3gv0l-3g-07:00:00,192,197,0.3822
E3cKTAI5hrMdq3gv0l-3g-07:00:00,197,199,0.5368999999999999
E3cKTAI5hrMdq3gv0l-3g-07:00:00,199,224,0.18059999999999998
E3cKTAI5hrMdq3gv0l-3g-07:00:00,224,226,0.663
E3cKTAI5hrMdq3gv0l-3g-07:00:00,226,230,0.3495
E3cKTAI5hrMdq3gv0l-3g-07:00:00,230,242,0.6684
E3cKTAI5hrMdq3gv0l-3g-07:00:00,242,244,1.0674000000000001
E3cKTAI5hrMdq3gv0l-3g-07:00:00,244,246,0.5815
E3cKTAI5hrMdq3gv0l-3g-07:00:00,246,240,0.4061
E3cKTAI5hrMdq3gv0l-3g-07:00:00,240,236,1.0509000000000002
E3cKTAI5hrMdq3gv0l-3g-07:00:00,236,238,0.6514
E3cKTAI5hrMdq3gv0l-3g-07:00:00,238,234,0.5454
E3cKTAI5hrMdq3gv0l-3g-07:00:00,234,232,0.6236
E3cKTAI5hrMdq3gv0l-3g-07:00:00,232,221,0.8332999999999999
E3cKTAI5hrMdq3gv0l-3g-07:00:00,221,222,0.861
E3cKTAI5hrMdq3gv0l-3g-07:00:00,222,264,0.8479
E3cKTAI5hrMdq3gv0l-3g-07:00:00,264,273,1.683
E3cKTAI5hrMdq3gv0l-3g-07:00:00,273,446,0.4746
E3cKTAI5hrMdq3gv0l-3g-07:00:00,446,269,0.0974
EglZxh1NkJA5Jax303ARy-07:00:00,335,350,0.8337
EglZxh1NkJA5Jax303ARy-07:00:00,350,414,0.511
EglZxh1NkJA5Jax303ARy-07:00:00,414,410,1.3862
EglZxh1NkJA5Jax303ARy-07:00:00,410,200,1.1870999999999998
EglZxh1NkJA5Jax303ARy-07:00:00,200,201,0.432
EglZxh1NkJA5Jax303ARy-07:00:00,201,190,0.4692
EglZxh1NkJA5Jax303ARy-07:00:00,190,188,0.3827
Eij4wvz28UMMCWx_xBgPt-07:00:00,116,115,0.8387
Eij4wvz28UMMCWx_xBgPt-07:00:00,115,120,1.1259000000000001
Eij4wvz28UMMCWx_xBgPt-07:00:00,120,250,1.5866
Eij4wvz28UMMCWx_xBgPt-07:00:00,250,252,0.2969
Eij4wvz28UMMCWx_xBgPt-07:00:00,252,390,5.087899999999999
Eij4wvz28UMMCWx_xBgPt-07:00:00,390,391,2.8773
Eij4wvz28UMMCWx_xBgPt-07:00:00,391,396,1.7769000000000001
Eij4wvz28UMMCWx_xBgPt-07:00:00,396,435,5.5149
Eij4wvz28UMMCWx_xBgPt-07:00:00,435,399,4.3163
Eij4wvz28UMMCWx_xBgPt-07:00:00,399,168,2.2463
Eij4wvz28UMMCWx_xBgPt-07:00:00,168,424,1.8303
Eij4wvz28UMMCWx_xBgPt-07:00:00,424,405,1.0839
Eij4wvz28UMMCWx_xBgPt-07:00:00,405,407,0.45380000000000004
Eij4wvz28UMMCWx_xBgPt-07:00:00,407,411,0.8723
Eij4wvz28UMMCWx_xBgPt-07:00:00,411,200,2.0362
Eij4wvz28UMMCWx_xBgPt-07:00:00,200,201,0.432
EoBxLx54RiTmwf0L64PXs-07:00:00,182,185,0.30469999999999997
EoBxLx54RiTmwf0L64PXs-07:00:00,185,187,0.22569999999999998
EoBxLx54RiTmwf0L64PXs-07:00:00,187,195,0.5315
EoBxLx54RiTmwf0L64PXs-07:00:00,195,192,0.418
EoBxLx54RiTmwf0L64PXs-07:00:00,192,197,0.3822
EoBxLx54RiTmwf0L64PXs-07:00:00,197,199,0.5368999999999999
EoBxLx54RiTmwf0L64PXs-07:00:00,199,224,0.18059999999999998
EoBxLx54RiTmwf0L64PXs-07:00:00,224,226,0.663
EoBxLx54RiTmwf0L64PXs-07:00:00,226,230,0.3495
EoBxLx54RiTmwf0L64PXs-07:00:00,230,242,0.6684
EoBxLx54RiTmwf0L64PXs-07:00:00,242,244,1.0674000000000001
EoBxLx54RiTmwf0L64PXs-07:00:00,244,246,0.5815
EoBxLx54RiTmwf0L64PXs-07:00:00,246,240,0.4061
EoBxLx54RiTmwf0L64PXs-07:00:00,240,236,1.0509000000000002
EoBxLx54RiTmwf0L64PXs-07:00:00,236,238,0.6514
EoBxLx54RiTmwf0L64PXs-07:00:00,238,234,0.5454
EoBxLx54RiTmwf0L64PXs-07:00:00,234,232,0.6236
EoBxLx54RiTmwf0L64PXs-07:00:00,232,221,0.8332999999999999
EoBxLx54RiTmwf0L64PXs-07:00:00,221,219,1.4167
EoBxLx54RiTmwf0L64PXs-07:00:00,219,215,0.4038
EoBxLx54RiTmwf0L64PXs-07:00:00,215,212,0.2994
EoBxLx54RiTmwf0L64PXs-07:00:00,212,210,0.5059
EoBxLx54RiTmwf0L64PXs-07:00:00,210,208,0.499
EoBxLx54RiTmwf0L64PXs-07:00:00,208,206,0.38839999999999997
EoBxLx54RiTmwf0L64PXs-07:00:00,206,204,0.43460000000000004
EoBxLx54RiTmwf0L64PXs-07:00:00,204,134,0.2105
EoBxLx54RiTmwf0L64PXs-07:00:00,134,132,0.6023999999999999
EoBxLx54RiTmwf0L64PXs-07:00:00,132,130,0.3897
EoBxLx54RiTmwf0L64PXs-07:00:00,130,107,0.7068
EoBxLx54RiTmwf0L64PXs-07:00:00,107,105,0.2687
EoBxLx54RiTmwf0L64PXs-07:00:00,105,102,0.2576
EoBxLx54RiTmwf0L64PXs-07:00:00,102,80,0.45
FOMSNPsGQO4s6Y-BM_cpQ-07:00:00,180,176,2.7260999999999997
FOMSNPsGQO4s6Y-BM_cpQ-07:00:00,176,445,1.4487
FUo5FExiKwUTpyTUJYA7R-07:00:00,98,45,0.7207
FUo5FExiKwUTpyTUJYA7R-07:00:00,45,153,1.1135
FUo5FExiKwUTpyTUJYA7R-07:00:00,153,255,0.6829
FUo5FExiKwUTpyTUJYA7R-07:00:00,284,291,1.1447
FUo5FExiKwUTpyTUJYA7R-07:00:00,291,341,1.1280999999999999
FUo5FExiKwUTpyTUJYA7R-07:00:00,341,324,0.7827000000000001
FUo5FExiKwUTpyTUJYA7R-07:00:00,324,414,1.8157
FUo5FExiKwUTpyTUJYA7R-07:00:00,414,410,1.3862
FUo5FExiKwUTpyTUJYA7R-07:00:00,410,402,1.1694
FUo5FExiKwUTpyTUJYA7R-07:00:00,402,359,0.8399
GK-B6ExLThapIsC2LwCU5-07:00:00,416,438,0.7581
GK-B6ExLThapIsC2LwCU5-07:00:00,438,415,0.6182000000000001
GK-B6ExLThapIsC2LwCU5-07:00:00,415,402,0.8975
GK-B6ExLThapIsC2LwCU5-07:00:00,402,359,0.8399
GVMY3J8hLKwB3k_XzZZNA-07:00:00,93,95,0.14980000000000002
GVMY3J8hLKwB3k_XzZZNA-07:00:00,95,97,0.2776
GVMY3J8hLKwB3k_XzZZNA-07:00:00,97,14,0.2774
GVMY3J8hLKwB3k_XzZZNA-07:00:00,14,45,0.373
GVMY3J8hLKwB3k_XzZZNA-07:00:00,45,128,0.3035
GVMY3J8hLKwB3k_XzZZNA-07:00:00,128,133,0.568
GVMY3J8hLKwB3k_XzZZNA-07:00:00,133,203,0.1971
GVMY3J8hLKwB3k_XzZZNA-07:00:00,203,205,0.4565
GVMY3J8hLKwB3k_XzZZNA-07:00:00,205,207,0.4342
GVMY3J8hLKwB3k_XzZZNA-07:00:00,207,209,4.8508000000000004
GVMY3J8hLKwB3k_XzZZNA-07:00:00,209,211,2.274
GVMY3J8hLKwB3k_XzZZNA-07:00:00,211,214,1.0021
GVMY3J8hLKwB3k_XzZZNA-07:00:00,214,218,2.1185
GVMY3J8hLKwB3k_XzZZNA-07:00:00,218,220,1.4105
GVMY3J8hLKwB3k_XzZZNA-07:00:00,220,231,0.8179
GVMY3J8hLKwB3k_XzZZNA-07:00:00,231,233,0.6058
GVMY3J8hLKwB3k_XzZZNA-07:00:00,233,237,0.5404
GVMY3J8hLKwB3k_XzZZNA-07:00:00,237,235,0.5197999999999999
GVMY3J8hLKwB3k_XzZZNA-07:00:00,235,239,1.0317
GVMY3J8hLKwB3k_XzZZNA-07:00:00,239,245,0.42710000000000004
GVMY3J8hLKwB3k_XzZZNA-07:00:00,245,243,0.5841000000000001
GVMY3J8hLKwB3k_XzZZNA-07:00:00,243,241,1.0479
GVMY3J8hLKwB3k_XzZZNA-07:00:00,241,229,0.6613
GVMY3J8hLKwB3k_XzZZNA-07:00:00,229,225,0.3481
GVMY3J8hLKwB3k_XzZZNA-07:00:00,225,227,0.6194
GVMY3J8hLKwB3k_XzZZNA-07:00:00,227,409,1.1714
GVMY3J8hLKwB3k_XzZZNA-07:00:00,409,402,0.74
GVMY3J8hLKwB3k_XzZZNA-07:00:00,402,359,0.8399
H4Zrbg3RLebdgA2rD0SL4-07:00:00,362,411,1.9183
H4Zrbg3RLebdgA2rD0SL4-07:00:00,411,413,1.3793
H4Zrbg3RLebdgA2rD0SL4-07:00:00,413,325,1.8197
H4Zrbg3RLebdgA2rD0SL4-07:00:00,325,342,0.7632000000000001
H4Zrbg3RLebdgA2rD0SL4-07:00:00,342,292,1.1319000000000001
H4Zrbg3RLebdgA2rD0SL4-07:00:00,292,285,1.1444
H4Zrbg3RLebdgA2rD0SL4-07:00:00,285,264,1.7181
H4Zrbg3RLebdgA2rD0SL4-07:00:00,264,440,0.2736
H4Zrbg3RLebdgA2rD0SL4-07:00:00,440,266,0.4719
H4Zrbg3RLebdgA2rD0SL4-07:00:00,266,256,1.0206
H4Zrbg3RLebdgA2rD0SL4-07:00:00,256,152,0.6527000000000001
HcF2oktSKDVQXpBv7t2j3-07:00:00,267,273,0.6049
HcF2oktSKDVQXpBv7t2j3-07:00:00,273,295,1.1683
HcF2oktSKDVQXpBv7t2j3-07:00:00,295,304,0.8733
HcF2oktSKDVQXpBv7t2j3-07:00:00,304,301,0.5203
HcF2oktSKDVQXpBv7t2j3-07:00:00,301,298,0.2056
HcF2oktSKDVQXpBv7t2j3-07:00:00,298,296,0.25980000000000003
HcF2oktSKDVQXpBv7t2j3-07:00:00,296,328,1.1256
HcF2oktSKDVQXpBv7t2j3-07:00:00,328,346,1.6962000000000002
HcF2oktSKDVQXpBv7t2j3-07:00:00,346,433,2.4631999999999996
HcF2oktSKDVQXpBv7t2j3-07:00:00,433,429,1.7124000000000001
HcF2oktSKDVQXpBv7t2j3-07:00:00,429,428,2.3773
HcF2oktSKDVQXpBv7t2j3-07:00:00,428,386,14.165299999999998
HcF2oktSKDVQXpBv7t2j3-07:00:00,386,383,1.2539
HcF2oktSKDVQXpBv7t2j3-07:00:00,383,381,1.2789000000000001
HcF2oktSKDVQXpBv7t2j3-07:00:00,381,377,0.842
HcF2oktSKDVQXpBv7t2j3-07:00:00,377,375,0.3201
HcF2oktSKDVQXpBv7t2j3-07:00:00,375,46,1.0375999999999999
HcF2oktSKDVQXpBv7t2j3-07:00:00,46,44,0.18819999999999998
HcF2oktSKDVQXpBv7t2j3-07:00:00,44,42,0.11270000000000001
HcF2oktSKDVQXpBv7t2j3-07:00:00,42,40,0.2063
HcF2oktSKDVQXpBv7t2j3-07:00:00,40,34,0.1046
Hn0eoDFbdIiLk49QaqFeX-07:00:00,98,45,0.7207
Hn0eoDFbdIiLk49QaqFeX-07:00:00,45,128,0.3035
Hn0eoDFbdIiLk49QaqFeX-07:00:00,128,133,0.568
Hn0eoDFbdIiLk49QaqFeX-07:00:00,133,203,0.1971
Hn0eoDFbdIiLk49QaqFeX-07:00:00,203,205,0.4565
Hn0eoDFbdIiLk49QaqFeX-07:00:00,205,207,0.4342
Hn0eoDFbdIiLk49QaqFeX-07:00:00,207,209,4.8508000000000004
Hn0eoDFbdIiLk49QaqFeX-07:00:00,209,211,2.274
Hn0eoDFbdIiLk49QaqFeX-07:00:00,211,214,1.0021
Hn0eoDFbdIiLk49QaqFeX-07:00:00,214,218,2.1185
Hn0eoDFbdIiLk49QaqFeX-07:00:00,218,220,1.4105
Hn0eoDFbdIiLk49QaqFeX-07:00:00,220,231,0.8179
Hn0eoDFbdIiLk49QaqFeX-07:00:00,231,233,0.6058
Hn0eoDFbdIiLk49QaqFeX-07:00:00,233,237,0.5404
Hn0eoDFbdIiLk49QaqFeX-07:00:00,237,235,0.5197999999999999
Hn0eoDFbdIiLk49QaqFeX-07:00:00,235,239,1.0317
Hn0eoDFbdIiLk49QaqFeX-07:00:00,239,245,0.42710000000000004
Hn0eoDFbdIiLk49QaqFeX-07:00:00,245,243,0.5841000000000001
Hn0eoDFbdIiLk49QaqFeX-07:00:00,243,241,1.0479
Hn0eoDFbdIiLk49QaqFeX-07:00:00,241,229,0.6613
Hn0eoDFbdIiLk49QaqFeX-07:00:00,229,225,0.3481
Hn0eoDFbdIiLk49QaqFeX-07:00:00,225,227,0.6194
Hn0eoDFbdIiLk49QaqFeX-07:00:00,227,406,1.7070999999999998
Hn0eoDFbdIiLk49QaqFeX-07:00:00,406,404,0.4209
Hn0eoDFbdIiLk49QaqFeX-07:00:00,404,423,1.0840999999999998
Hn0eoDFbdIiLk49QaqFeX-07:00:00,423,428,1.3724
I2ar40PiiuS-HMI9_KCLc-07:00:00,277,279,0.6935
I2ar40PiiuS-HMI9_KCLc-07:00:00,279,143,1.1099
I2ar40PiiuS-HMI9_KCLc-07:00:00,143,145,0.4119
I2ar40PiiuS-HMI9_KCLc-07:00:00,145,141,0.4165
I2ar40PiiuS-HMI9_KCLc-07:00:00,141,139,0.4532
I2ar40PiiuS-HMI9_KCLc-07:00:00,139,137,0.2762
I2ar40PiiuS-HMI9_KCLc-07:00:00,137,91,0.9717
I2ar40PiiuS-HMI9_KCLc-07:00:00,91,89,0.19319999999999998
I2ar40PiiuS-HMI9_KCLc-07:00:00,89,93,0.1118
I2ar40PiiuS-HMI9_KCLc-07:00:00,93,95,0.14980000000000002
I2ar40PiiuS-HMI9_KCLc-07:00:00,95,21,0.7285
J3ADe7YQWUaBHH8Z_00Ou-07:00:00,156,157,0.1377
J3ADe7YQWUaBHH8Z_00Ou-07:00:00,157,159,0.1108
J3ADe7YQWUaBHH8Z_00Ou-07:00:00,159,161,0.1869
J3ADe7YQWUaBHH8Z_00Ou-07:00:00,161,163,0.1743
J3ADe7YQWUaBHH8Z_00Ou-07:00:00,163,164,0.43739999999999996
J3ADe7YQWUaBHH8Z_00Ou-07:00:00,164,165,0.2356
J3ADe7YQWUaBHH8Z_00Ou-07:00:00,165,182,0.7845
J3ADe7YQWUaBHH8Z_00Ou-07:00:00,182,185,0.30469999999999997
J3ADe7YQWUaBHH8Z_00Ou-07:00:00,185,187,0.22569999999999998
J3ADe7YQWUaBHH8Z_00Ou-07:00:00,187,195,0.5315
J3ADe7YQWUaBHH8Z_00Ou-07:00:00,195,192,0.418
J3ADe7YQWUaBHH8Z_00Ou-07:00:00,192,197,0.3822
J3ADe7YQWUaBHH8Z_00Ou-07:00:00,197,199,0.5368999999999999
J3ADe7YQWUaBHH8Z_00Ou-07:00:00,199,224,0.18059999999999998
J3ADe7YQWUaBHH8Z_00Ou-07:00:00,224,226,0.663
J3ADe7YQWUaBHH8Z_00Ou-07:00:00,226,230,0.3495
J3ADe7YQWUaBHH8Z_00Ou-07:00:00,230,242,0.6684
J3ADe7YQWUaBHH8Z_00Ou-07:00:00,242,244,1.0674000000000001
J3ADe7YQWUaBHH8Z_00Ou-07:00:00,244,246,0.5815
J3ADe7YQWUaBHH8Z_00Ou-07:00:00,246,240,0.4061
J3ADe7YQWUaBHH8Z_00Ou-07:00:00,240,236,1.0509000000000002
J3ADe7YQWUaBHH8Z_00Ou-07:00:00,236,238,0.6514
J3ADe7YQWUaBHH8Z_00Ou-07:00:00,238,234,0.5454
J3ADe7YQWUaBHH8Z_00Ou-07:00:00,234,232,0.6236
J3ADe7YQWUaBHH8Z_00Ou-07:00:00,232,221,0.8332999999999999
J3ADe7YQWUaBHH8Z_00Ou-07:00:00,221,219,1.4167
J3ADe7YQWUaBHH8Z_00Ou-07:00:00,219,215,0.4038
J3ADe7YQWUaBHH8Z_00Ou-07:00:00,215,212,0.2994
J3ADe7YQWUaBHH8Z_00Ou-07:00:00,212,210,0.5059
J3ADe7YQWUaBHH8Z_00Ou-07:00:00,210,208,0.499
J3ADe7YQWUaBHH8Z_00Ou-07:00:00,208,206,0.38839999999999997
J3ADe7YQWUaBHH8Z_00Ou-07:00:00,206,204,0.43460000000000004
J3ADe7YQWUaBHH8Z_00Ou-07:00:00,204,134,0.2105
J3ADe7YQWUaBHH8Z_00Ou-07:00:00,134,132,0.6023999999999999
J3ADe7YQWUaBHH8Z_00Ou-07:00:00,132,130,0.3897
J3ADe7YQWUaBHH8Z_00Ou-07:00:00,130,107,0.7068
J3ADe7YQWUaBHH8Z_00Ou-07:00:00,107,105,0.2687
J3ADe7YQWUaBHH8Z_00Ou-07:00:00,105,102,0.2576
J3ADe7YQWUaBHH8Z_00Ou-07:00:00,102,80,0.45
J3ADe7YQWUaBHH8Z_00Ou-07:00:00,80,78,0.1541
JR4I2_wTJ2Vb9ocgkUSNB-07:00:00,426,386,14.033700000000001
JR4I2_wTJ2Vb9ocgkUSNB-07:00:00,386,383,1.2539
JR4I2_wTJ2Vb9ocgkUSNB-07:00:00,383,381,1.2789000000000001
JjBliHamEx0YUxbao3vZS-07:00:00,362,406,1.8045
JjBliHamEx0YUxbao3vZS-07:00:00,406,404,0.4209
JjBliHamEx0YUxbao3vZS-07:00:00,404,423,1.0840999999999998
JjBliHamEx0YUxbao3vZS-07:00:00,423,430,1.7530999999999999
JjBliHamEx0YUxbao3vZS-07:00:00,430,432,1.8480999999999999
JjBliHamEx0YUxbao3vZS-07:00:00,432,345,2.318
JjBliHamEx0YUxbao3vZS-07:00:00,345,329,1.7002000000000002
JjBliHamEx0YUxbao3vZS-07:00:00,329,297,2.1541
JjBliHamEx0YUxbao3vZS-07:00:00,297,299,0.26489999999999997
JjBliHamEx0YUxbao3vZS-07:00:00,299,302,0.2028
JjBliHamEx0YUxbao3vZS-07:00:00,302,305,0.5254
JjBliHamEx0YUxbao3vZS-07:00:00,305,271,2.1837
JjBliHamEx0YUxbao3vZS-07:00:00,271,270,0.3613
JjBliHamEx0YUxbao3vZS-07:00:00,270,269,0.8543999999999999
JjBliHamEx0YUxbao3vZS-07:00:00,269,267,0.0886
JjBliHamEx0YUxbao3vZS-07:00:00,267,278,1.4743
K1fkkoXPyuSsmQKdjzWHd-07:00:00,269,267,0.0886
K1fkkoXPyuSsmQKdjzWHd-07:00:00,267,273,0.6049
K1fkkoXPyuSsmQKdjzWHd-07:00:00,273,295,1.1683
K1fkkoXPyuSsmQKdjzWHd-07:00:00,295,304,0.8733
K1fkkoXPyuSsmQKdjzWHd-07:00:00,304,301,0.5203
K1fkkoXPyuSsmQKdjzWHd-07:00:00,301,298,0.2056
K1fkkoXPyuSsmQKdjzWHd-07:00:00,298,296,0.25980000000000003
K1fkkoXPyuSsmQKdjzWHd-07:00:00,296,332,3.8487
K1fkkoXPyuSsmQKdjzWHd-07:00:00,332,330,1.3973
K1fkkoXPyuSsmQKdjzWHd-07:00:00,330,173,2.5598
K1fkkoXPyuSsmQKdjzWHd-07:00:00,173,171,0.8202
K1fkkoXPyuSsmQKdjzWHd-07:00:00,171,170,0.5554
K1fkkoXPyuSsmQKdjzWHd-07:00:00,170,168,1.2152
K1fkkoXPyuSsmQKdjzWHd-07:00:00,168,424,1.8303
K1fkkoXPyuSsmQKdjzWHd-07:00:00,424,405,1.0839
K1fkkoXPyuSsmQKdjzWHd-07:00:00,405,407,0.45380000000000004
K1fkkoXPyuSsmQKdjzWHd-07:00:00,407,409,0.8402000000000001
K1fkkoXPyuSsmQKdjzWHd-07:00:00,409,402,0.74
K1fkkoXPyuSsmQKdjzWHd-07:00:00,402,359,0.8399
K63Xp_QNyqIIHRQrSOVNB-07:00:00,305,271,2.1837
K63Xp_QNyqIIHRQrSOVNB-07:00:00,271,446,0.4933
K63Xp_QNyqIIHRQrSOVNB-07:00:00,446,278,1.6602999999999999
KmoDyTTsPPrzF7JK4J700-07:00:00,362,406,1.8045
KmoDyTTsPPrzF7JK4J700-07:00:00,406,404,0.4209
KmoDyTTsPPrzF7JK4J700-07:00:00,404,423,1.0840999999999998
KmoDyTTsPPrzF7JK4J700-07:00:00,423,167,1.8720999999999999
KmoDyTTsPPrzF7JK4J700-07:00:00,167,169,1.806
KmoDyTTsPPrzF7JK4J700-07:00:00,169,172,0.5572999999999999
KmoDyTTsPPrzF7JK4J700-07:00:00,172,174,0.8135
KmoDyTTsPPrzF7JK4J700-07:00:00,174,331,2.5596
KmoDyTTsPPrzF7JK4J700-07:00:00,331,333,1.4149
KmoDyTTsPPrzF7JK4J700-07:00:00,333,297,3.8587
KmoDyTTsPPrzF7JK4J700-07:00:00,297,299,0.26489999999999997
KmoDyTTsPPrzF7JK4J700-07:00:00,299,303,0.2211
LLBFoYPGf2DhL6gStjpy4-07:00:00,273,295,1.1683
LLBFoYPGf2DhL6gStjpy4-07:00:00,295,306,2.9294000000000002
LLBFoYPGf2DhL6gStjpy4-07:00:00,306,175,1.6992
LLBFoYPGf2DhL6gStjpy4-07:00:00,175,178,2.7484
LYcY_J8e-Dijvjm6uZhgZ-07:00:00,159,161,0.1869
LYcY_J8e-Dijvjm6uZhgZ-07:00:00,161,163,0.1743
LYcY_J8e-Dijvjm6uZhgZ-07:00:00,163,164,0.43739999999999996
LYcY_J8e-Dijvjm6uZhgZ-07:00:00,164,165,0.2356
LYcY_J8e-Dijvjm6uZhgZ-07:00:00,165,182,0.7845
LYcY_J8e-Dijvjm6uZhgZ-07:00:00,182,185,0.30469999999999997
LYcY_J8e-Dijvjm6uZhgZ-07:00:00,185,187,0.22569999999999998
LYcY_J8e-Dijvjm6uZhgZ-07:00:00,187,195,0.5315
LYcY_J8e-Dijvjm6uZhgZ-07:00:00,195,192,0.418
LYcY_J8e-Dijvjm6uZhgZ-07:00:00,192,197,0.3822
LYcY_J8e-Dijvjm6uZhgZ-07:00:00,197,199,0.5368999999999999
LYcY_J8e-Dijvjm6uZhgZ-07:00:00,199,224,0.18059999999999998
LYcY_J8e-Dijvjm6uZhgZ-07:00:00,224,226,0.663
LYcY_J8e-Dijvjm6uZhgZ-07:00:00,226,230,0.3495
LYcY_J8e-Dijvjm6uZhgZ-07:00:00,230,242,0.6684
LYcY_J8e-Dijvjm6uZhgZ-07:00:00,242,244,1.0674000000000001
LYcY_J8e-Dijvjm6uZhgZ-07:00:00,244,246,0.5815
LYcY_J8e-Dijvjm6uZhgZ-07:00:00,246,240,0.4061
LYcY_J8e-Dijvjm6uZhgZ-07:00:00,240,236,1.0509000000000002
LYcY_J8e-Dijvjm6uZhgZ-07:00:00,236,238,0.6514
LYcY_J8e-Dijvjm6uZhgZ-07:00:00,238,234,0.5454
LYcY_J8e-Dijvjm6uZhgZ-07:00:00,234,232,0.6236
LYcY_J8e-Dijvjm6uZhgZ-07:00:00,232,221,0.8332999999999999
LYcY_J8e-Dijvjm6uZhgZ-07:00:00,221,219,1.4167
LYcY_J8e-Dijvjm6uZhgZ-07:00:00,219,215,0.4038
LYcY_J8e-Dijvjm6uZhgZ-07:00:00,215,212,0.2994
LYcY_J8e-Dijvjm6uZhgZ-07:00:00,212,210,0.5059
LYcY_J8e-Dijvjm6uZhgZ-07:00:00,210,208,0.499
LYcY_J8e-Dijvjm6uZhgZ-07:00:00,208,206,0.38839999999999997
LYcY_J8e-Dijvjm6uZhgZ-07:00:00,206,204,0.43460000000000004
LYcY_J8e-Dijvjm6uZhgZ-07:00:00,204,134,0.2105
LYcY_J8e-Dijvjm6uZhgZ-07:00:00,134,132,0.6023999999999999
LYcY_J8e-Dijvjm6uZhgZ-07:00:00,132,130,0.3897
LYcY_J8e-Dijvjm6uZhgZ-07:00:00,130,107,0.7068
LYcY_J8e-Dijvjm6uZhgZ-07:00:00,107,105,0.2687
LYcY_J8e-Dijvjm6uZhgZ-07:00:00,105,102,0.2576
LYcY_J8e-Dijvjm6uZhgZ-07:00:00,102,80,0.45
LYcY_J8e-Dijvjm6uZhgZ-07:00:00,80,78,0.1541
LYcY_J8e-Dijvjm6uZhgZ-07:00:00,78,76,0.4924
LYcY_J8e-Dijvjm6uZhgZ-07:00:00,76,72,0.6402
LYcY_J8e-Dijvjm6uZhgZ-07:00:00,72,70,0.7292000000000001
LYcY_J8e-Dijvjm6uZhgZ-07:00:00,70,68,0.4621
LYcY_J8e-Dijvjm6uZhgZ-07:00:00,68,66,1.4539000000000002
LYcY_J8e-Dijvjm6uZhgZ-07:00:00,66,64,0.7005
LYcY_J8e-Dijvjm6uZhgZ-07:00:00,64,62,0.5337999999999999
LYcY_J8e-Dijvjm6uZhgZ-07:00:00,62,59,0.4254
LYcY_J8e-Dijvjm6uZhgZ-07:00:00,59,55,0.5113
LYcY_J8e-Dijvjm6uZhgZ-07:00:00,55,57,0.8122
LYcY_J8e-Dijvjm6uZhgZ-07:00:00,57,53,0.2134
LYcY_J8e-Dijvjm6uZhgZ-07:00:00,53,51,0.13219999999999998
LYcY_J8e-Dijvjm6uZhgZ-07:00:00,51,49,0.1767
LrAbpnGcNy8Ljz0FMNTPN-07:00:00,362,415,1.7726
LrAbpnGcNy8Ljz0FMNTPN-07:00:00,415,438,0.6182000000000001
LrAbpnGcNy8Ljz0FMNTPN-07:00:00,438,416,0.7684
Lz8EOh2wSW7Z4sNXrGPxw-07:00:00,289,315,0.5474
Lz8EOh2wSW7Z4sNXrGPxw-07:00:00,315,293,0.706
M-k1V2EbMTbdd6jCLeoZw-07:00:00,286,231,1.9964000000000002
M-k1V2EbMTbdd6jCLeoZw-07:00:00,231,233,0.6058
M-k1V2EbMTbdd6jCLeoZw-07:00:00,233,237,0.5404
M-k1V2EbMTbdd6jCLeoZw-07:00:00,237,235,0.5197999999999999
M-k1V2EbMTbdd6jCLeoZw-07:00:00,235,239,1.0317
M-k1V2EbMTbdd6jCLeoZw-07:00:00,239,245,0.42710000000000004
M-k1V2EbMTbdd6jCLeoZw-07:00:00,245,243,0.5841000000000001
M-k1V2EbMTbdd6jCLeoZw-07:00:00,243,241,1.0479
M-k1V2EbMTbdd6jCLeoZw-07:00:00,241,229,0.6613
M-k1V2EbMTbdd6jCLeoZw-07:00:00,229,225,0.3481
M-k1V2EbMTbdd6jCLeoZw-07:00:00,225,223,0.6788
M-k1V2EbMTbdd6jCLeoZw-07:00:00,223,198,0.1936
M-k1V2EbMTbdd6jCLeoZw-07:00:00,198,196,0.5163
M-k1V2EbMTbdd6jCLeoZw-07:00:00,196,190,0.5066
M-k1V2EbMTbdd6jCLeoZw-07:00:00,190,202,0.4177
MrihzTWrnXBOK-ItJhoR8-07:00:00,362,354,7.4196
MrihzTWrnXBOK-ItJhoR8-07:00:00,354,318,5.7779
MrihzTWrnXBOK-ItJhoR8-07:00:00,318,311,0.9449
MrihzTWrnXBOK-ItJhoR8-07:00:00,311,308,0.5722
MrihzTWrnXBOK-ItJhoR8-07:00:00,308,306,1.4418
MrihzTWrnXBOK-ItJhoR8-07:00:00,306,175,1.6992
MrihzTWrnXBOK-ItJhoR8-07:00:00,175,146,3.0525
MrihzTWrnXBOK-ItJhoR8-07:00:00,146,148,0.3225
MrihzTWrnXBOK-ItJhoR8-07:00:00,148,73,10.255
MrihzTWrnXBOK-ItJhoR8-07:00:00,73,60,6.360600000000001
MrihzTWrnXBOK-ItJhoR8-07:00:00,60,55,1.0465
MrihzTWrnXBOK-ItJhoR8-07:00:00,55,57,0.8122
MrihzTWrnXBOK-ItJhoR8-07:00:00,57,53,0.2134
MrihzTWrnXBOK-ItJhoR8-07:00:00,53,51,0.13219999999999998
MrihzTWrnXBOK-ItJhoR8-07:00:00,51,49,0.1767
N7niHD4FSKKz4wzURqkFW-07:00:00,425,423,1.5024000000000002
N7niHD4FSKKz4wzURqkFW-07:00:00,423,167,1.8720999999999999
N7niHD4FSKKz4wzURqkFW-07:00:00,167,398,2.1321
N7niHD4FSKKz4wzURqkFW-07:00:00,398,434,4.1648000000000005
N7niHD4FSKKz4wzURqkFW-07:00:00,434,395,5.6513
N7niHD4FSKKz4wzURqkFW-07:00:00,395,392,1.7441
N7niHD4FSKKz4wzURqkFW-07:00:00,392,389,2.8827
N7niHD4FSKKz4wzURqkFW-07:00:00,389,251,4.873399999999999
N7niHD4FSKKz4wzURqkFW-07:00:00,251,249,0.6545
N7niHD4FSKKz4wzURqkFW-07:00:00,249,121,1.514
NP0r90PJ04dzhZ4-fQdAY-07:00:00,425,424,3.5714
NP0r90PJ04dzhZ4-fQdAY-07:00:00,424,405,1.0839
NP0r90PJ04dzhZ4-fQdAY-07:00:00,405,407,0.45380000000000004
NP0r90PJ04dzhZ4-fQdAY-07:00:00,407,228,1.6787999999999998
NP0r90PJ04dzhZ4-fQdAY-07:00:00,228,226,0.227
NP0r90PJ04dzhZ4-fQdAY-07:00:00,226,230,0.3495
NP0r90PJ04dzhZ4-fQdAY-07:00:00,230,242,0.6684
NP0r90PJ04dzhZ4-fQdAY-07:00:00,242,244,1.0674000000000001
NP0r90PJ04dzhZ4-fQdAY-07:00:00,244,246,0.5815
NP0r90PJ04dzhZ4-fQdAY-07:00:00,246,240,0.4061
NP0r90PJ04dzhZ4-fQdAY-07:00:00,240,236,1.0509000000000002
NP0r90PJ04dzhZ4-fQdAY-07:00:00,236,238,0.6514
NP0r90PJ04dzhZ4-fQdAY-07:00:00,238,234,0.5454
NP0r90PJ04dzhZ4-fQdAY-07:00:00,234,232,0.6236
NP0r90PJ04dzhZ4-fQdAY-07:00:00,232,221,0.8332999999999999
NP0r90PJ04dzhZ4-fQdAY-07:00:00,221,219,1.4167
NP0r90PJ04dzhZ4-fQdAY-07:00:00,219,215,0.4038
NP0r90PJ04dzhZ4-fQdAY-07:00:00,215,212,0.2994
NP0r90PJ04dzhZ4-fQdAY-07:00:00,212,210,0.5059
NP0r90PJ04dzhZ4-fQdAY-07:00:00,210,208,0.499
NP0r90PJ04dzhZ4-fQdAY-07:00:00,208,206,0.38839999999999997
NP0r90PJ04dzhZ4-fQdAY-07:00:00,206,204,0.43460000000000004
NP0r90PJ04dzhZ4-fQdAY-07:00:00,204,134,0.2105
NP0r90PJ04dzhZ4-fQdAY-07:00:00,134,132,0.6023999999999999
NP0r90PJ04dzhZ4-fQdAY-07:00:00,132,130,0.3897
NP0r90PJ04dzhZ4-fQdAY-07:00:00,130,107,0.7068
NP0r90PJ04dzhZ4-fQdAY-07:00:00,107,105,0.2687
NP0r90PJ04dzhZ4-fQdAY-07:00:00,105,102,0.2576
NP0r90PJ04dzhZ4-fQdAY-07:00:00,102,80,0.45
OI7bd_u7laDmk8SxgppK0-07:00:00,195,192,0.418
OI7bd_u7laDmk8SxgppK0-07:00:00,192,197,0.3822
OI7bd_u7laDmk8SxgppK0-07:00:00,197,199,0.5368999999999999
OI7bd_u7laDmk8SxgppK0-07:00:00,199,224,0.18059999999999998
OI7bd_u7laDmk8SxgppK0-07:00:00,224,226,0.663
OI7bd_u7laDmk8SxgppK0-07:00:00,226,230,0.3495
OI7bd_u7laDmk8SxgppK0-07:00:00,230,242,0.6684
OI7bd_u7laDmk8SxgppK0-07:00:00,242,244,1.0674000000000001
OI7bd_u7laDmk8SxgppK0-07:00:00,244,246,0.5815
OI7bd_u7laDmk8SxgppK0-07:00:00,246,240,0.4061
OI7bd_u7laDmk8SxgppK0-07:00:00,240,236,1.0509000000000002
OI7bd_u7laDmk8SxgppK0-07:00:00,236,238,0.6514
OI7bd_u7laDmk8SxgppK0-07:00:00,238,234,0.5454
OI7bd_u7laDmk8SxgppK0-07:00:00,234,232,0.6236
OI7bd_u7laDmk8SxgppK0-07:00:00,232,221,0.8332999999999999
OI7bd_u7laDmk8SxgppK0-07:00:00,221,219,1.4167
OI7bd_u7laDmk8SxgppK0-07:00:00,219,215,0.4038
OI7bd_u7laDmk8SxgppK0-07:00:00,215,212,0.2994
OI7bd_u7laDmk8SxgppK0-07:00:00,212,210,0.5059
OI7bd_u7laDmk8SxgppK0-07:00:00,210,208,0.499
OI7bd_u7laDmk8SxgppK0-07:00:00,208,206,0.38839999999999997
OI7bd_u7laDmk8SxgppK0-07:00:00,206,204,0.43460000000000004
OI7bd_u7laDmk8SxgppK0-07:00:00,204,134,0.2105
OI7bd_u7laDmk8SxgppK0-07:00:00,134,132,0.6023999999999999
OI7bd_u7laDmk8SxgppK0-07:00:00,132,130,0.3897
OI7bd_u7laDmk8SxgppK0-07:00:00,130,107,0.7068
OI7bd_u7laDmk8SxgppK0-07:00:00,107,105,0.2687
OI7bd_u7laDmk8SxgppK0-07:00:00,105,102,0.2576
OI7bd_u7laDmk8SxgppK0-07:00:00,102,80,0.45
OI7bd_u7laDmk8SxgppK0-07:00:00,80,100,1.1074000000000002
OVbnm1WLeW59vl_wEqm66-07:00:00,403,200,0.9773999999999999
OVbnm1WLeW59vl_wEqm66-07:00:00,200,199,0.32230000000000003
OVbnm1WLeW59vl_wEqm66-07:00:00,199,224,0.18059999999999998
OVbnm1WLeW59vl_wEqm66-07:00:00,224,226,0.663
OVbnm1WLeW59vl_wEqm66-07:00:00,226,230,0.3495
OVbnm1WLeW59vl_wEqm66-07:00:00,230,242,0.6684
OVbnm1WLeW59vl_wEqm66-07:00:00,242,244,1.0674000000000001
OVbnm1WLeW59vl_wEqm66-07:00:00,244,246,0.5815
OVbnm1WLeW59vl_wEqm66-07:00:00,246,240,0.4061
OVbnm1WLeW59vl_wEqm66-07:00:00,240,236,1.0509000000000002
OVbnm1WLeW59vl_wEqm66-07:00:00,236,238,0.6514
OVbnm1WLeW59vl_wEqm66-07:00:00,238,234,0.5454
OVbnm1WLeW59vl_wEqm66-07:00:00,234,232,0.6236
OVbnm1WLeW59vl_wEqm66-07:00:00,232,221,0.8332999999999999
OVbnm1WLeW59vl_wEqm66-07:00:00,221,219,1.4167
OVbnm1WLeW59vl_wEqm66-07:00:00,219,215,0.4038
OVbnm1WLeW59vl_wEqm66-07:00:00,215,212,0.2994
OVbnm1WLeW59vl_wEqm66-07:00:00,212,210,0.5059
OVbnm1WLeW59vl_wEqm66-07:00:00,210,208,0.499
OVbnm1WLeW59vl_wEqm66-07:00:00,208,206,0.38839999999999997
OVbnm1WLeW59vl_wEqm66-07:00:00,206,204,0.43460000000000004
OVbnm1WLeW59vl_wEqm66-07:00:00,204,134,0.2105
OVbnm1WLeW59vl_wEqm66-07:00:00,134,127,2.7198
OVbnm1WLeW59vl_wEqm66-07:00:00,127,32,0.31239999999999996
OVbnm1WLeW59vl_wEqm66-07:00:00,32,13,0.3778
OVbnm1WLeW59vl_wEqm66-07:00:00,13,96,0.2671
OVbnm1WLeW59vl_wEqm66-07:00:00,96,94,0.275
OVbnm1WLeW59vl_wEqm66-07:00:00,94,92,0.15519999999999998
OoyJYltTuIPwOrCeg2YmA-07:00:00,135,442,3.6803000000000003
OvxARhItfijPV-_xuvfnZ-07:00:00,259,150,0.9887999999999999
OvxARhItfijPV-_xuvfnZ-07:00:00,150,151,0.1718
OvxARhItfijPV-_xuvfnZ-07:00:00,151,99,0.9819
PAh8O-96IhPU2mfK1XGjm-07:00:00,189,191,0.38439999999999996
PAh8O-96IhPU2mfK1XGjm-07:00:00,191,412,1.2462
PAh8O-96IhPU2mfK1XGjm-07:00:00,412,411,1.3033
PAh8O-96IhPU2mfK1XGjm-07:00:00,411,413,1.3793
PAh8O-96IhPU2mfK1XGjm-07:00:00,413,349,0.7128
PAh8O-96IhPU2mfK1XGjm-07:00:00,349,348,0.7187
PAh8O-96IhPU2mfK1XGjm-07:00:00,348,322,0.609
PAh8O-96IhPU2mfK1XGjm-07:00:00,322,340,0.3311
PAh8O-96IhPU2mfK1XGjm-07:00:00,340,318,3.0938000000000003
PAh8O-96IhPU2mfK1XGjm-07:00:00,318,311,0.9449
PAh8O-96IhPU2mfK1XGjm-07:00:00,311,308,0.5722
PyvMsU4izplRo5xNtmlK3-07:00:00,424,405,1.0839
PyvMsU4izplRo5xNtmlK3-07:00:00,405,407,0.45380000000000004
PyvMsU4izplRo5xNtmlK3-07:00:00,407,409,0.8402000000000001
PyvMsU4izplRo5xNtmlK3-07:00:00,409,403,0.9344
PyvMsU4izplRo5xNtmlK3-07:00:00,403,200,0.9773999999999999
PyvMsU4izplRo5xNtmlK3-07:00:00,200,199,0.32230000000000003
PyvMsU4izplRo5xNtmlK3-07:00:00,199,224,0.18059999999999998
Q3pD-7jCAvuSmNTpcaPvZ-07:00:00,403,406,1.3409
Q3pD-7jCAvuSmNTpcaPvZ-07:00:00,406,404,0.4209
Q3pD-7jCAvuSmNTpcaPvZ-07:00:00,404,423,1.0840999999999998
Q3pD-7jCAvuSmNTpcaPvZ-07:00:00,423,167,1.8720999999999999
Q3pD-7jCAvuSmNTpcaPvZ-07:00:00,167,398,2.1321
Q3pD-7jCAvuSmNTpcaPvZ-07:00:00,398,434,4.1648000000000005
Q3pD-7jCAvuSmNTpcaPvZ-07:00:00,434,395,5.6513
Q3pD-7jCAvuSmNTpcaPvZ-07:00:00,395,392,1.7441
Q3pD-7jCAvuSmNTpcaPvZ-07:00:00,392,389,2.8827
Q3pD-7jCAvuSmNTpcaPvZ-07:00:00,389,251,4.873399999999999
Q3pD-7jCAvuSmNTpcaPvZ-07:00:00,251,249,0.6545
Q3pD-7jCAvuSmNTpcaPvZ-07:00:00,249,121,1.514
Q3pD-7jCAvuSmNTpcaPvZ-07:00:00,121,114,1.0222
Q3pD-7jCAvuSmNTpcaPvZ-07:00:00,114,112,0.9415
Q3pD-7jCAvuSmNTpcaPvZ-07:00:00,112,110,0.8541
Q3pD-7jCAvuSmNTpcaPvZ-07:00:00,110,108,0.43089999999999995
Q_48FGPRTjaYgRz2H28V3-07:00:00,177,307,1.4303
QyDZF4yDNAntbYpYmjfxj-07:00:00,326,321,0.7621
QyDZF4yDNAntbYpYmjfxj-07:00:00,321,337,0.8311000000000001
QyDZF4yDNAntbYpYmjfxj-07:00:00,337,433,1.8855
QyDZF4yDNAntbYpYmjfxj-07:00:00,433,429,1.7124000000000001
QyDZF4yDNAntbYpYmjfxj-07:00:00,429,428,2.3773
QyDZF4yDNAntbYpYmjfxj-07:00:00,428,386,14.165299999999998
QyDZF4yDNAntbYpYmjfxj-07:00:00,386,383,1.2539
QyDZF4yDNAntbYpYmjfxj-07:00:00,383,381,1.2789000000000001
QyDZF4yDNAntbYpYmjfxj-07:00:00,381,377,0.842
QyDZF4yDNAntbYpYmjfxj-07:00:00,377,375,0.3201
QyDZF4yDNAntbYpYmjfxj-07:00:00,375,46,1.0375999999999999
QyDZF4yDNAntbYpYmjfxj-07:00:00,42,40,0.2063
R1qyf44TfvStHmjMCiKfC-07:00:00,182,185,0.30469999999999997
R1qyf44TfvStHmjMCiKfC-07:00:00,185,187,0.22569999999999998
R1qyf44TfvStHmjMCiKfC-07:00:00,187,195,0.5315
R1qyf44TfvStHmjMCiKfC-07:00:00,195,192,0.418
R1qyf44TfvStHmjMCiKfC-07:00:00,192,197,0.3822
R1qyf44TfvStHmjMCiKfC-07:00:00,197,199,0.5368999999999999
R1qyf44TfvStHmjMCiKfC-07:00:00,199,224,0.18059999999999998
R1qyf44TfvStHmjMCiKfC-07:00:00,224,226,0.663
R1qyf44TfvStHmjMCiKfC-07:00:00,226,230,0.3495
R1qyf44TfvStHmjMCiKfC-07:00:00,230,242,0.6684
R1qyf44TfvStHmjMCiKfC-07:00:00,242,244,1.0674000000000001
R1qyf44TfvStHmjMCiKfC-07:00:00,244,246,0.5815
R1qyf44TfvStHmjMCiKfC-07:00:00,246,240,0.4061
R1qyf44TfvStHmjMCiKfC-07:00:00,240,236,1.0509000000000002
R1qyf44TfvStHmjMCiKfC-07:00:00,236,238,0.6514
R1qyf44TfvStHmjMCiKfC-07:00:00,238,234,0.5454
R1qyf44TfvStHmjMCiKfC-07:00:00,234,232,0.6236
R1qyf44TfvStHmjMCiKfC-07:00:00,232,221,0.8332999999999999
R1qyf44TfvStHmjMCiKfC-07:00:00,221,219,1.4167
R1qyf44TfvStHmjMCiKfC-07:00:00,219,215,0.4038
R1qyf44TfvStHmjMCiKfC-07:00:00,215,212,0.2994
R1qyf44TfvStHmjMCiKfC-07:00:00,212,210,0.5059
R1qyf44TfvStHmjMCiKfC-07:00:00,210,208,0.499
R1qyf44TfvStHmjMCiKfC-07:00:00,208,206,0.38839999999999997
R1qyf44TfvStHmjMCiKfC-07:00:00,206,204,0.43460000000000004
R1qyf44TfvStHmjMCiKfC-07:00:00,204,134,0.2105
R1qyf44TfvStHmjMCiKfC-07:00:00,134,127,2.7198
R1qyf44TfvStHmjMCiKfC-07:00:00,127,32,0.31239999999999996
R1qyf44TfvStHmjMCiKfC-07:00:00,32,13,0.3778
R1qyf44TfvStHmjMCiKfC-07:00:00,13,96,0.2671
R1qyf44TfvStHmjMCiKfC-07:00:00,96,94,0.275
R1qyf44TfvStHmjMCiKfC-07:00:00,94,92,0.15519999999999998
R1qyf44TfvStHmjMCiKfC-07:00:00,92,88,0.1085
R1qyf44TfvStHmjMCiKfC-07:00:00,88,90,0.1996
R1qyf44TfvStHmjMCiKfC-07:00:00,90,139,1.1596
R1qyf44TfvStHmjMCiKfC-07:00:00,139,137,0.2762
R1qyf44TfvStHmjMCiKfC-07:00:00,137,123,0.3487
R1qyf44TfvStHmjMCiKfC-07:00:00,123,126,0.3998
R1qyf44TfvStHmjMCiKfC-07:00:00,126,86,0.6601
RHazPXn1EQ_y4RbVe6HYc-07:00:00,360,400,1.5132
RHazPXn1EQ_y4RbVe6HYc-07:00:00,400,356,1.8495
RHazPXn1EQ_y4RbVe6HYc-07:00:00,356,248,0.6775
RHazPXn1EQ_y4RbVe6HYc-07:00:00,248,253,0.35919999999999996
RHazPXn1EQ_y4RbVe6HYc-07:00:00,253,155,0.5752
RNLlNLhCvrplPJ1T6Rv3G-07:00:00,277,279,0.6935
RNLlNLhCvrplPJ1T6Rv3G-07:00:00,279,143,1.1099
RNLlNLhCvrplPJ1T6Rv3G-07:00:00,143,145,0.4119
RNLlNLhCvrplPJ1T6Rv3G-07:00:00,145,141,0.4165
RNLlNLhCvrplPJ1T6Rv3G-07:00:00,141,139,0.4532
RNLlNLhCvrplPJ1T6Rv3G-07:00:00,139,137,0.2762
RNLlNLhCvrplPJ1T6Rv3G-07:00:00,137,123,0.3487
RNLlNLhCvrplPJ1T6Rv3G-07:00:00,123,126,0.3998
RNLlNLhCvrplPJ1T6Rv3G-07:00:00,126,86,0.6601
RNLlNLhCvrplPJ1T6Rv3G-07:00:00,86,84,1.0589000000000002
RNLlNLhCvrplPJ1T6Rv3G-07:00:00,84,81,0.7841
RbB2w0p-_BgwRa6AbSa-b-07:00:00,192,197,0.3822
RbB2w0p-_BgwRa6AbSa-b-07:00:00,197,199,0.5368999999999999
RbB2w0p-_BgwRa6AbSa-b-07:00:00,199,224,0.18059999999999998
RbB2w0p-_BgwRa6AbSa-b-07:00:00,224,226,0.663
RbB2w0p-_BgwRa6AbSa-b-07:00:00,226,230,0.3495
RbB2w0p-_BgwRa6AbSa-b-07:00:00,230,242,0.6684
RbB2w0p-_BgwRa6AbSa-b-07:00:00,242,244,1.0674000000000001
RbB2w0p-_BgwRa6AbSa-b-07:00:00,244,246,0.5815
RbB2w0p-_BgwRa6AbSa-b-07:00:00,246,240,0.4061
RbB2w0p-_BgwRa6AbSa-b-07:00:00,240,236,1.0509000000000002
RbB2w0p-_BgwRa6AbSa-b-07:00:00,236,238,0.6514
RbB2w0p-_BgwRa6AbSa-b-07:00:00,238,234,0.5454
RbB2w0p-_BgwRa6AbSa-b-07:00:00,234,232,0.6236
RbB2w0p-_BgwRa6AbSa-b-07:00:00,232,221,0.8332999999999999
RbB2w0p-_BgwRa6AbSa-b-07:00:00,221,222,0.861
RbB2w0p-_BgwRa6AbSa-b-07:00:00,222,264,0.8479
RmCIDxJQKwF7GOCKKX3Oh-07:00:00,156,157,0.1377
RmCIDxJQKwF7GOCKKX3Oh-07:00:00,157,159,0.1108
RmCIDxJQKwF7GOCKKX3Oh-07:00:00,159,161,0.1869
RmCIDxJQKwF7GOCKKX3Oh-07:00:00,161,163,0.1743
RmCIDxJQKwF7GOCKKX3Oh-07:00:00,163,164,0.43739999999999996
RmCIDxJQKwF7GOCKKX3Oh-07:00:00,164,165,0.2356
RmCIDxJQKwF7GOCKKX3Oh-07:00:00,165,182,0.7845
RmCIDxJQKwF7GOCKKX3Oh-07:00:00,182,185,0.30469999999999997
RmCIDxJQKwF7GOCKKX3Oh-07:00:00,185,187,0.22569999999999998
RmCIDxJQKwF7GOCKKX3Oh-07:00:00,187,195,0.5315
RmCIDxJQKwF7GOCKKX3Oh-07:00:00,195,192,0.418
RmCIDxJQKwF7GOCKKX3Oh-07:00:00,192,197,0.3822
RmCIDxJQKwF7GOCKKX3Oh-07:00:00,197,199,0.5368999999999999
RmCIDxJQKwF7GOCKKX3Oh-07:00:00,199,224,0.18059999999999998
RmCIDxJQKwF7GOCKKX3Oh-07:00:00,224,226,0.663
RmCIDxJQKwF7GOCKKX3Oh-07:00:00,226,230,0.3495
RmCIDxJQKwF7GOCKKX3Oh-07:00:00,230,242,0.6684
RmCIDxJQKwF7GOCKKX3Oh-07:00:00,242,244,1.0674000000000001
RmCIDxJQKwF7GOCKKX3Oh-07:00:00,244,246,0.5815
RmCIDxJQKwF7GOCKKX3Oh-07:00:00,246,240,0.4061
RmCIDxJQKwF7GOCKKX3Oh-07:00:00,240,236,1.0509000000000002
RmCIDxJQKwF7GOCKKX3Oh-07:00:00,236,238,0.6514
RmCIDxJQKwF7GOCKKX3Oh-07:00:00,238,234,0.5454
RmCIDxJQKwF7GOCKKX3Oh-07:00:00,234,232,0.6236
RmCIDxJQKwF7GOCKKX3Oh-07:00:00,232,221,0.8332999999999999
RmCIDxJQKwF7GOCKKX3Oh-07:00:00,221,219,1.4167
RmCIDxJQKwF7GOCKKX3Oh-07:00:00,219,215,0.4038
RmCIDxJQKwF7GOCKKX3Oh-07:00:00,215,212,0.2994
RmCIDxJQKwF7GOCKKX3Oh-07:00:00,212,210,0.5059
RmCIDxJQKwF7GOCKKX3Oh-07:00:00,210,208,0.499
RmCIDxJQKwF7GOCKKX3Oh-07:00:00,208,206,0.38839999999999997
RmCIDxJQKwF7GOCKKX3Oh-07:00:00,206,204,0.43460000000000004
RmCIDxJQKwF7GOCKKX3Oh-07:00:00,204,134,0.2105
RmCIDxJQKwF7GOCKKX3Oh-07:00:00,134,132,0.6023999999999999
RmCIDxJQKwF7GOCKKX3Oh-07:00:00,132,130,0.3897
RmCIDxJQKwF7GOCKKX3Oh-07:00:00,130,107,0.7068
RmCIDxJQKwF7GOCKKX3Oh-07:00:00,107,105,0.2687
RmCIDxJQKwF7GOCKKX3Oh-07:00:00,105,102,0.2576
RmCIDxJQKwF7GOCKKX3Oh-07:00:00,102,80,0.45
RmCIDxJQKwF7GOCKKX3Oh-07:00:00,80,78,0.1541
RmCIDxJQKwF7GOCKKX3Oh-07:00:00,78,76,0.4924
RmCIDxJQKwF7GOCKKX3Oh-07:00:00,76,72,0.6402
RmCIDxJQKwF7GOCKKX3Oh-07:00:00,72,70,0.7292000000000001
RmCIDxJQKwF7GOCKKX3Oh-07:00:00,70,68,0.4621
RmCIDxJQKwF7GOCKKX3Oh-07:00:00,68,66,1.4539000000000002
RmCIDxJQKwF7GOCKKX3Oh-07:00:00,66,64,0.7005
RmCIDxJQKwF7GOCKKX3Oh-07:00:00,64,62,0.5337999999999999
RmCIDxJQKwF7GOCKKX3Oh-07:00:00,62,59,0.4254
RmCIDxJQKwF7GOCKKX3Oh-07:00:00,59,55,0.5113
RmCIDxJQKwF7GOCKKX3Oh-07:00:00,55,57,0.8122
RmCIDxJQKwF7GOCKKX3Oh-07:00:00,57,53,0.2134
RmCIDxJQKwF7GOCKKX3Oh-07:00:00,53,51,0.13219999999999998
RmCIDxJQKwF7GOCKKX3Oh-07:00:00,51,49,0.1767
RpKdfStaPAyjOjNE_OGG9-07:00:00,442,135,4.0396
Rr5VrNghCMV3A0qeyJoVf-07:00:00,422,354,10.6205
Rr5VrNghCMV3A0qeyJoVf-07:00:00,354,318,5.7779
Rr5VrNghCMV3A0qeyJoVf-07:00:00,318,311,0.9449
Rr5VrNghCMV3A0qeyJoVf-07:00:00,311,309,1.105
Rr5VrNghCMV3A0qeyJoVf-07:00:00,309,314,1.7931
Rr5VrNghCMV3A0qeyJoVf-07:00:00,314,290,0.4736
Rr5VrNghCMV3A0qeyJoVf-07:00:00,290,260,2.6819
S0va0RZjlnA1UM5ngCuy9-07:00:00,279,273,0.6869
S0va0RZjlnA1UM5ngCuy9-07:00:00,273,295,1.1683
S0va0RZjlnA1UM5ngCuy9-07:00:00,295,304,0.8733
TIF4utcDqnWmdbkuyp9Dq-07:00:00,294,316,0.7139
TIF4utcDqnWmdbkuyp9Dq-07:00:00,316,290,0.4026
TWnfYDX6BkJirORXmg2hv-07:00:00,334,323,1.2766
TufBf34AgKUOdqfLpoq9_-07:00:00,322,340,0.3311
TufBf34AgKUOdqfLpoq9_-07:00:00,340,343,1.3815
TufBf34AgKUOdqfLpoq9_-07:00:00,343,345,1.4385999999999999
TufBf34AgKUOdqfLpoq9_-07:00:00,345,329,1.7002000000000002
TufBf34AgKUOdqfLpoq9_-07:00:00,329,297,2.1541
TufBf34AgKUOdqfLpoq9_-07:00:00,297,299,0.26489999999999997
TufBf34AgKUOdqfLpoq9_-07:00:00,299,303,0.2211
Tv3p8704smtFY_z3ZHnnb-07:00:00,195,192,0.418
Tv3p8704smtFY_z3ZHnnb-07:00:00,192,197,0.3822
Tv3p8704smtFY_z3ZHnnb-07:00:00,197,199,0.5368999999999999
Tv3p8704smtFY_z3ZHnnb-07:00:00,199,224,0.18059999999999998
Tv3p8704smtFY_z3ZHnnb-07:00:00,224,226,0.663
Tv3p8704smtFY_z3ZHnnb-07:00:00,226,230,0.3495
Tv3p8704smtFY_z3ZHnnb-07:00:00,230,242,0.6684
Tv3p8704smtFY_z3ZHnnb-07:00:00,242,244,1.0674000000000001
Tv3p8704smtFY_z3ZHnnb-07:00:00,244,246,0.5815
Tv3p8704smtFY_z3ZHnnb-07:00:00,246,240,0.4061
Tv3p8704smtFY_z3ZHnnb-07:00:00,240,236,1.0509000000000002
Tv3p8704smtFY_z3ZHnnb-07:00:00,236,238,0.6514
Tv3p8704smtFY_z3ZHnnb-07:00:00,238,234,0.5454
Tv3p8704smtFY_z3ZHnnb-07:00:00,234,232,0.6236
Tv3p8704smtFY_z3ZHnnb-07:00:00,232,221,0.8332999999999999
Tv3p8704smtFY_z3ZHnnb-07:00:00,221,219,1.4167
Tv3p8704smtFY_z3ZHnnb-07:00:00,219,215,0.4038
Tv3p8704smtFY_z3ZHnnb-07:00:00,215,213,0.32380000000000003
Tv3p8704smtFY_z3ZHnnb-07:00:00,213,257,1.2114
U5q_TMc5BJ7jtZPVBLLIC-07:00:00,362,444,1.3347
U_QqLo01UyKjXo_inGS9s-07:00:00,360,400,1.5132
U_QqLo01UyKjXo_inGS9s-07:00:00,400,363,1.1622999999999999
U_QqLo01UyKjXo_inGS9s-07:00:00,363,10,20.0472
U_QqLo01UyKjXo_inGS9s-07:00:00,10,7,0.6347999999999999
U_QqLo01UyKjXo_inGS9s-07:00:00,7,8,0.5522
U_QqLo01UyKjXo_inGS9s-07:00:00,8,9,0.31989999999999996
U_QqLo01UyKjXo_inGS9s-07:00:00,9,11,0.4017
U_QqLo01UyKjXo_inGS9s-07:00:00,11,16,0.4737
WWP7DCP2cjGJxPZSN68Y2-07:00:00,278,279,0.7136
WWP7DCP2cjGJxPZSN68Y2-07:00:00,279,273,0.6869
WWP7DCP2cjGJxPZSN68Y2-07:00:00,273,295,1.1683
WWP7DCP2cjGJxPZSN68Y2-07:00:00,295,304,0.8733
WWP7DCP2cjGJxPZSN68Y2-07:00:00,304,301,0.5203
WWP7DCP2cjGJxPZSN68Y2-07:00:00,301,298,0.2056
WWP7DCP2cjGJxPZSN68Y2-07:00:00,298,296,0.25980000000000003
WWP7DCP2cjGJxPZSN68Y2-07:00:00,296,328,1.1256
WWP7DCP2cjGJxPZSN68Y2-07:00:00,328,346,1.6962000000000002
WWP7DCP2cjGJxPZSN68Y2-07:00:00,346,433,2.4631999999999996
WWP7DCP2cjGJxPZSN68Y2-07:00:00,433,429,1.7124000000000001
WWP7DCP2cjGJxPZSN68Y2-07:00:00,429,424,1.5221
WWP7DCP2cjGJxPZSN68Y2-07:00:00,424,405,1.0839
WWP7DCP2cjGJxPZSN68Y2-07:00:00,405,407,0.45380000000000004
WWP7DCP2cjGJxPZSN68Y2-07:00:00,407,409,0.8402000000000001
WWP7DCP2cjGJxPZSN68Y2-07:00:00,409,402,0.74
WWP7DCP2cjGJxPZSN68Y2-07:00:00,402,359,0.8399
WZZbrVYSieTbnoHnb0AaQ-07:00:00,447,280,1.849
WZZbrVYSieTbnoHnb0AaQ-07:00:00,280,262,1.4775999999999998
Wq0wtD2-ddsT-JtVfCc3g-07:00:00,351,338,1.6838
Wq0wtD2-ddsT-JtVfCc3g-07:00:00,338,343,1.918
Wq0wtD2-ddsT-JtVfCc3g-07:00:00,343,345,1.4385999999999999
Wq0wtD2-ddsT-JtVfCc3g-07:00:00,345,329,1.7002000000000002
Wq0wtD2-ddsT-JtVfCc3g-07:00:00,329,297,2.1541
Wq0wtD2-ddsT-JtVfCc3g-07:00:00,297,299,0.26489999999999997
Wq0wtD2-ddsT-JtVfCc3g-07:00:00,299,302,0.2028
Wq0wtD2-ddsT-JtVfCc3g-07:00:00,302,305,0.5254
Wq0wtD2-ddsT-JtVfCc3g-07:00:00,305,271,2.1837
Wq0wtD2-ddsT-JtVfCc3g-07:00:00,271,447,0.3783
Wq0wtD2-ddsT-JtVfCc3g-07:00:00,447,143,1.0916
Wq0wtD2-ddsT-JtVfCc3g-07:00:00,143,145,0.4119
Wq0wtD2-ddsT-JtVfCc3g-07:00:00,145,141,0.4165
Wq0wtD2-ddsT-JtVfCc3g-07:00:00,141,139,0.4532
Wq0wtD2-ddsT-JtVfCc3g-07:00:00,139,137,0.2762
YBp1JQ-cSPCXIHQQ34CmD-07:00:00,15,6,2.4697
YBp1JQ-cSPCXIHQQ34CmD-07:00:00,6,169,26.8977
YBp1JQ-cSPCXIHQQ34CmD-07:00:00,169,172,0.5572999999999999
YBp1JQ-cSPCXIHQQ34CmD-07:00:00,172,174,0.8135
YBp1JQ-cSPCXIHQQ34CmD-07:00:00,174,331,2.5596
YBp1JQ-cSPCXIHQQ34CmD-07:00:00,331,333,1.4149
YBp1JQ-cSPCXIHQQ34CmD-07:00:00,333,297,3.8587
YBp1JQ-cSPCXIHQQ34CmD-07:00:00,297,299,0.26489999999999997
YBp1JQ-cSPCXIHQQ34CmD-07:00:00,299,302,0.2028
YhJAaZa87Cn-vbr4gAMuB-07:00:00,426,10,20.4196
YhJAaZa87Cn-vbr4gAMuB-07:00:00,10,7,0.6347999999999999
YhJAaZa87Cn-vbr4gAMuB-07:00:00,7,8,0.5522
YhJAaZa87Cn-vbr4gAMuB-07:00:00,8,9,0.31989999999999996
YhJAaZa87Cn-vbr4gAMuB-07:00:00,9,11,0.4017
Z-51SkRkO5YyfPeYNTS-n-07:00:00,56,54,0.8118
Z-51SkRkO5YyfPeYNTS-n-07:00:00,54,58,0.5091
Z-51SkRkO5YyfPeYNTS-n-07:00:00,58,61,0.427
Z-51SkRkO5YyfPeYNTS-n-07:00:00,61,63,0.5276000000000001
Z-51SkRkO5YyfPeYNTS-n-07:00:00,63,65,0.8733
Z-51SkRkO5YyfPeYNTS-n-07:00:00,65,67,1.4719
Z-51SkRkO5YyfPeYNTS-n-07:00:00,67,69,0.4659
Z-51SkRkO5YyfPeYNTS-n-07:00:00,69,71,0.7252000000000001
Z-51SkRkO5YyfPeYNTS-n-07:00:00,71,75,0.6437
Z-51SkRkO5YyfPeYNTS-n-07:00:00,75,77,1.1933
Z-51SkRkO5YyfPeYNTS-n-07:00:00,77,79,0.1374
Z-51SkRkO5YyfPeYNTS-n-07:00:00,79,103,0.48469999999999996
Z-51SkRkO5YyfPeYNTS-n-07:00:00,103,104,0.25739999999999996
Z-51SkRkO5YyfPeYNTS-n-07:00:00,104,106,0.2861
Z-51SkRkO5YyfPeYNTS-n-07:00:00,106,129,0.7074
Z-51SkRkO5YyfPeYNTS-n-07:00:00,129,131,0.39030000000000004
Z-51SkRkO5YyfPeYNTS-n-07:00:00,131,133,0.5953999999999999
Z-51SkRkO5YyfPeYNTS-n-07:00:00,133,203,0.1971
Z-51SkRkO5YyfPeYNTS-n-07:00:00,203,205,0.4565
Z-51SkRkO5YyfPeYNTS-n-07:00:00,205,207,0.4342
Z-51SkRkO5YyfPeYNTS-n-07:00:00,207,209,4.8508000000000004
Z-51SkRkO5YyfPeYNTS-n-07:00:00,209,211,2.274
Z-51SkRkO5YyfPeYNTS-n-07:00:00,211,214,1.0021
Z-51SkRkO5YyfPeYNTS-n-07:00:00,214,218,2.1185
Z-51SkRkO5YyfPeYNTS-n-07:00:00,218,220,1.4105
Z-51SkRkO5YyfPeYNTS-n-07:00:00,220,231,0.8179
Z-51SkRkO5YyfPeYNTS-n-07:00:00,231,233,0.6058
Z-51SkRkO5YyfPeYNTS-n-07:00:00,233,237,0.5404
Z-51SkRkO5YyfPeYNTS-n-07:00:00,237,235,0.5197999999999999
Z-51SkRkO5YyfPeYNTS-n-07:00:00,235,239,1.0317
Z-51SkRkO5YyfPeYNTS-n-07:00:00,239,245,0.42710000000000004
Z-51SkRkO5YyfPeYNTS-n-07:00:00,245,243,0.5841000000000001
Z-51SkRkO5YyfPeYNTS-n-07:00:00,243,241,1.0479
Z-51SkRkO5YyfPeYNTS-n-07:00:00,241,229,0.6613
Z-51SkRkO5YyfPeYNTS-n-07:00:00,229,225,0.3481
Z-51SkRkO5YyfPeYNTS-n-07:00:00,225,223,0.6788
Z-51SkRkO5YyfPeYNTS-n-07:00:00,223,198,0.1936
Z-51SkRkO5YyfPeYNTS-n-07:00:00,198,196,0.5163
Z-51SkRkO5YyfPeYNTS-n-07:00:00,196,193,0.38089999999999996
Z-51SkRkO5YyfPeYNTS-n-07:00:00,193,194,0.3493
Z-51SkRkO5YyfPeYNTS-n-07:00:00,194,186,0.5193
Z-51SkRkO5YyfPeYNTS-n-07:00:00,186,184,0.2174
Z-51SkRkO5YyfPeYNTS-n-07:00:00,184,183,0.29719999999999996
Z-51SkRkO5YyfPeYNTS-n-07:00:00,183,165,0.8052
Z-51SkRkO5YyfPeYNTS-n-07:00:00,165,164,0.2356
Z-51SkRkO5YyfPeYNTS-n-07:00:00,164,162,0.435
Z-51SkRkO5YyfPeYNTS-n-07:00:00,162,160,0.168
Z-51SkRkO5YyfPeYNTS-n-07:00:00,160,158,0.18830000000000002
Z-51SkRkO5YyfPeYNTS-n-07:00:00,158,157,0.1158
ZBtB-FXg8HG9MZ8swYNuQ-07:00:00,326,321,0.7621
ZBtB-FXg8HG9MZ8swYNuQ-07:00:00,321,337,0.8311000000000001
ZBtB-FXg8HG9MZ8swYNuQ-07:00:00,337,433,1.8855
ZBtB-FXg8HG9MZ8swYNuQ-07:00:00,433,429,1.7124000000000001
ZBtB-FXg8HG9MZ8swYNuQ-07:00:00,429,428,2.3773
ZBtB-FXg8HG9MZ8swYNuQ-07:00:00,428,386,14.165299999999998
ZBtB-FXg8HG9MZ8swYNuQ-07:00:00,386,383,1.2539
ZBtB-FXg8HG9MZ8swYNuQ-07:00:00,383,381,1.2789000000000001
ZBtB-FXg8HG9MZ8swYNuQ-07:00:00,381,377,0.842
ZBtB-FXg8HG9MZ8swYNuQ-07:00:00,377,375,0.3201
ZBtB-FXg8HG9MZ8swYNuQ-07:00:00,375,46,1.0375999999999999
ZBtB-FXg8HG9MZ8swYNuQ-07:00:00,46,44,0.18819999999999998
ZBtB-FXg8HG9MZ8swYNuQ-07:00:00,44,42,0.11270000000000001
ZBtB-FXg8HG9MZ8swYNuQ-07:00:00,42,40,0.2063
ZBtB-FXg8HG9MZ8swYNuQ-07:00:00,40,34,0.1046
ZBtB-FXg8HG9MZ8swYNuQ-07:00:00,34,39,0.2781
ZBtB-FXg8HG9MZ8swYNuQ-07:00:00,39,30,0.6776
ZBtB-FXg8HG9MZ8swYNuQ-07:00:00,30,28,0.628
ZBtB-FXg8HG9MZ8swYNuQ-07:00:00,28,27,0.2407
ZBtB-FXg8HG9MZ8swYNuQ-07:00:00,27,24,0.7957000000000001
ZBtB-FXg8HG9MZ8swYNuQ-07:00:00,24,22,0.5247999999999999
ZBtB-FXg8HG9MZ8swYNuQ-07:00:00,22,18,0.9352
_npHlyCCY7o0R20RyqvT8-07:00:00,189,192,0.4345
_npHlyCCY7o0R20RyqvT8-07:00:00,192,197,0.3822
_npHlyCCY7o0R20RyqvT8-07:00:00,412,411,1.3033
_npHlyCCY7o0R20RyqvT8-07:00:00,411,413,1.3793
_npHlyCCY7o0R20RyqvT8-07:00:00,413,349,0.7128
_npHlyCCY7o0R20RyqvT8-07:00:00,349,348,0.7187
_npHlyCCY7o0R20RyqvT8-07:00:00,348,322,0.609
_npHlyCCY7o0R20RyqvT8-07:00:00,322,340,0.3311
_npHlyCCY7o0R20RyqvT8-07:00:00,340,318,3.0938000000000003
_npHlyCCY7o0R20RyqvT8-07:00:00,318,311,0.9449
_roD5BmPMzsusHgRuqc29-07:00:00,360,403,1.256
_roD5BmPMzsusHgRuqc29-07:00:00,403,406,1.3409
_roD5BmPMzsusHgRuqc29-07:00:00,406,404,0.4209
_roD5BmPMzsusHgRuqc29-07:00:00,404,423,1.0840999999999998
_roD5BmPMzsusHgRuqc29-07:00:00,423,167,1.8720999999999999
_roD5BmPMzsusHgRuqc29-07:00:00,167,398,2.1321
_roD5BmPMzsusHgRuqc29-07:00:00,398,434,4.1648000000000005
_roD5BmPMzsusHgRuqc29-07:00:00,434,395,5.6513
_roD5BmPMzsusHgRuqc29-07:00:00,395,392,1.7441
_roD5BmPMzsusHgRuqc29-07:00:00,392,390,5.6312
_roD5BmPMzsusHgRuqc29-07:00:00,390,393,4.1959
_xaRNY3_AfOnhpf5yTE3A-07:00:00,98,130,0.8201
_xaRNY3_AfOnhpf5yTE3A-07:00:00,130,131,1.08
_xaRNY3_AfOnhpf5yTE3A-07:00:00,131,133,0.5953999999999999
_xaRNY3_AfOnhpf5yTE3A-07:00:00,133,203,0.1971
_xaRNY3_AfOnhpf5yTE3A-07:00:00,203,205,0.4565
_xaRNY3_AfOnhpf5yTE3A-07:00:00,205,207,0.4342
_xaRNY3_AfOnhpf5yTE3A-07:00:00,207,209,4.8508000000000004
_xaRNY3_AfOnhpf5yTE3A-07:00:00,209,211,2.274
_xaRNY3_AfOnhpf5yTE3A-07:00:00,211,214,1.0021
_xaRNY3_AfOnhpf5yTE3A-07:00:00,214,218,2.1185
_xaRNY3_AfOnhpf5yTE3A-07:00:00,218,220,1.4105
_xaRNY3_AfOnhpf5yTE3A-07:00:00,220,231,0.8179
_xaRNY3_AfOnhpf5yTE3A-07:00:00,231,233,0.6058
_xaRNY3_AfOnhpf5yTE3A-07:00:00,233,237,0.5404
_xaRNY3_AfOnhpf5yTE3A-07:00:00,237,235,0.5197999999999999
_xaRNY3_AfOnhpf5yTE3A-07:00:00,235,239,1.0317
_xaRNY3_AfOnhpf5yTE3A-07:00:00,239,245,0.42710000000000004
_xaRNY3_AfOnhpf5yTE3A-07:00:00,245,243,0.5841000000000001
_xaRNY3_AfOnhpf5yTE3A-07:00:00,243,241,1.0479
_xaRNY3_AfOnhpf5yTE3A-07:00:00,241,229,0.6613
_xaRNY3_AfOnhpf5yTE3A-07:00:00,229,225,0.3481
_xaRNY3_AfOnhpf5yTE3A-07:00:00,225,223,0.6788
_xaRNY3_AfOnhpf5yTE3A-07:00:00,223,198,0.1936
_xaRNY3_AfOnhpf5yTE3A-07:00:00,198,196,0.5163
_xaRNY3_AfOnhpf5yTE3A-07:00:00,196,193,0.38089999999999996
_xaRNY3_AfOnhpf5yTE3A-07:00:00,193,194,0.3493
aL3IoFC8Ob46ci80-r5J_-07:00:00,326,321,0.7621
aL3IoFC8Ob46ci80-r5J_-07:00:00,321,337,0.8311000000000001
bAHUtWeGgy-NzZiHpbdim-07:00:00,269,267,0.0886
bAHUtWeGgy-NzZiHpbdim-07:00:00,267,280,2.0806
bAHUtWeGgy-NzZiHpbdim-07:00:00,280,265,1.1248
bAHUtWeGgy-NzZiHpbdim-07:00:00,265,217,1.908
bAHUtWeGgy-NzZiHpbdim-07:00:00,217,219,0.3344
bAHUtWeGgy-NzZiHpbdim-07:00:00,219,220,1.5192999999999999
bAHUtWeGgy-NzZiHpbdim-07:00:00,220,231,0.8179
bAHUtWeGgy-NzZiHpbdim-07:00:00,231,233,0.6058
bAHUtWeGgy-NzZiHpbdim-07:00:00,233,237,0.5404
bAHUtWeGgy-NzZiHpbdim-07:00:00,237,235,0.5197999999999999
bAHUtWeGgy-NzZiHpbdim-07:00:00,235,239,1.0317
bAHUtWeGgy-NzZiHpbdim-07:00:00,239,245,0.42710000000000004
bAHUtWeGgy-NzZiHpbdim-07:00:00,245,243,0.5841000000000001
bAHUtWeGgy-NzZiHpbdim-07:00:00,243,241,1.0479
bAHUtWeGgy-NzZiHpbdim-07:00:00,241,229,0.6613
bAHUtWeGgy-NzZiHpbdim-07:00:00,229,225,0.3481
bAHUtWeGgy-NzZiHpbdim-07:00:00,225,223,0.6788
bAHUtWeGgy-NzZiHpbdim-07:00:00,223,198,0.1936
bAHUtWeGgy-NzZiHpbdim-07:00:00,198,196,0.5163
bAHUtWeGgy-NzZiHpbdim-07:00:00,196,193,0.38089999999999996
bAHUtWeGgy-NzZiHpbdim-07:00:00,193,194,0.3493
bAHUtWeGgy-NzZiHpbdim-07:00:00,194,186,0.5193
bAHUtWeGgy-NzZiHpbdim-07:00:00,186,184,0.2174
bAHUtWeGgy-NzZiHpbdim-07:00:00,184,183,0.29719999999999996
bAHUtWeGgy-NzZiHpbdim-07:00:00,183,166,0.8597
bSYN2peHxalSinpb8v_ie-07:00:00,425,423,1.5024000000000002
bSYN2peHxalSinpb8v_ie-07:00:00,423,167,1.8720999999999999
bSYN2peHxalSinpb8v_ie-07:00:00,167,169,1.806
bSYN2peHxalSinpb8v_ie-07:00:00,169,172,0.5572999999999999
bSYN2peHxalSinpb8v_ie-07:00:00,172,174,0.8135
bSYN2peHxalSinpb8v_ie-07:00:00,174,331,2.5596
bSYN2peHxalSinpb8v_ie-07:00:00,331,333,1.4149
bSYN2peHxalSinpb8v_ie-07:00:00,333,297,3.8587
bSYN2peHxalSinpb8v_ie-07:00:00,297,299,0.26489999999999997
bSYN2peHxalSinpb8v_ie-07:00:00,299,302,0.2028
bd7828viXdflnfuupm3s6-07:00:00,161,163,0.1743
bd7828viXdflnfuupm3s6-07:00:00,163,164,0.43739999999999996
bd7828viXdflnfuupm3s6-07:00:00,164,165,0.2356
bd7828viXdflnfuupm3s6-07:00:00,165,182,0.7845
bd7828viXdflnfuupm3s6-07:00:00,182,185,0.30469999999999997
bd7828viXdflnfuupm3s6-07:00:00,185,187,0.22569999999999998
bd7828viXdflnfuupm3s6-07:00:00,187,195,0.5315
bd7828viXdflnfuupm3s6-07:00:00,195,192,0.418
bd7828viXdflnfuupm3s6-07:00:00,192,197,0.3822
bd7828viXdflnfuupm3s6-07:00:00,197,199,0.5368999999999999
bd7828viXdflnfuupm3s6-07:00:00,199,224,0.18059999999999998
bd7828viXdflnfuupm3s6-07:00:00,224,226,0.663
bd7828viXdflnfuupm3s6-07:00:00,226,230,0.3495
bd7828viXdflnfuupm3s6-07:00:00,230,242,0.6684
bd7828viXdflnfuupm3s6-07:00:00,242,244,1.0674000000000001
bd7828viXdflnfuupm3s6-07:00:00,244,246,0.5815
bd7828viXdflnfuupm3s6-07:00:00,246,240,0.4061
bd7828viXdflnfuupm3s6-07:00:00,240,236,1.0509000000000002
bd7828viXdflnfuupm3s6-07:00:00,236,238,0.6514
bd7828viXdflnfuupm3s6-07:00:00,238,234,0.5454
bd7828viXdflnfuupm3s6-07:00:00,234,232,0.6236
bd7828viXdflnfuupm3s6-07:00:00,232,221,0.8332999999999999
bd7828viXdflnfuupm3s6-07:00:00,221,219,1.4167
bd7828viXdflnfuupm3s6-07:00:00,219,215,0.4038
bd7828viXdflnfuupm3s6-07:00:00,215,212,0.2994
bd7828viXdflnfuupm3s6-07:00:00,212,210,0.5059
bd7828viXdflnfuupm3s6-07:00:00,210,208,0.499
bd7828viXdflnfuupm3s6-07:00:00,208,206,0.38839999999999997
bd7828viXdflnfuupm3s6-07:00:00,206,204,0.43460000000000004
bd7828viXdflnfuupm3s6-07:00:00,204,134,0.2105
bd7828viXdflnfuupm3s6-07:00:00,134,127,2.7198
bd7828viXdflnfuupm3s6-07:00:00,127,32,0.31239999999999996
bd7828viXdflnfuupm3s6-07:00:00,32,13,0.3778
c1YDpOopAR200ZEPZGL2D-07:00:00,425,424,3.5714
c1YDpOopAR200ZEPZGL2D-07:00:00,424,405,1.0839
c1YDpOopAR200ZEPZGL2D-07:00:00,405,407,0.45380000000000004
c1YDpOopAR200ZEPZGL2D-07:00:00,407,228,1.6787999999999998
c1YDpOopAR200ZEPZGL2D-07:00:00,228,226,0.227
c1YDpOopAR200ZEPZGL2D-07:00:00,226,230,0.3495
cPH8TY_FP2nMGpFWXqpQb-07:00:00,305,271,2.1837
cPH8TY_FP2nMGpFWXqpQb-07:00:00,271,447,0.3783
cPH8TY_FP2nMGpFWXqpQb-07:00:00,447,143,1.0916
cPH8TY_FP2nMGpFWXqpQb-07:00:00,143,145,0.4119
cPH8TY_FP2nMGpFWXqpQb-07:00:00,145,141,0.4165
cPH8TY_FP2nMGpFWXqpQb-07:00:00,141,139,0.4532
cPH8TY_FP2nMGpFWXqpQb-07:00:00,139,137,0.2762
cPH8TY_FP2nMGpFWXqpQb-07:00:00,137,123,0.3487
cPH8TY_FP2nMGpFWXqpQb-07:00:00,123,126,0.3998
cPH8TY_FP2nMGpFWXqpQb-07:00:00,126,86,0.6601
cPH8TY_FP2nMGpFWXqpQb-07:00:00,86,84,1.0589000000000002
cURs_PxThe2b2znIGFxQs-07:00:00,175,181,3.256
d84WDadbu5AjbQpkTV2r4-07:00:00,79,103,0.48469999999999996
d84WDadbu5AjbQpkTV2r4-07:00:00,103,104,0.25739999999999996
d84WDadbu5AjbQpkTV2r4-07:00:00,104,106,0.2861
d84WDadbu5AjbQpkTV2r4-07:00:00,106,129,0.7074
d84WDadbu5AjbQpkTV2r4-07:00:00,129,131,0.39030000000000004
d84WDadbu5AjbQpkTV2r4-07:00:00,131,133,0.5953999999999999
d84WDadbu5AjbQpkTV2r4-07:00:00,133,203,0.1971
d84WDadbu5AjbQpkTV2r4-07:00:00,203,205,0.4565
d84WDadbu5AjbQpkTV2r4-07:00:00,205,207,0.4342
d84WDadbu5AjbQpkTV2r4-07:00:00,207,209,4.8508000000000004
d84WDadbu5AjbQpkTV2r4-07:00:00,209,211,2.274
d84WDadbu5AjbQpkTV2r4-07:00:00,211,214,1.0021
d84WDadbu5AjbQpkTV2r4-07:00:00,214,218,2.1185
d84WDadbu5AjbQpkTV2r4-07:00:00,218,220,1.4105
d84WDadbu5AjbQpkTV2r4-07:00:00,220,231,0.8179
d84WDadbu5AjbQpkTV2r4-07:00:00,231,233,0.6058
d84WDadbu5AjbQpkTV2r4-07:00:00,233,237,0.5404
d84WDadbu5AjbQpkTV2r4-07:00:00,237,235,0.5197999999999999
d84WDadbu5AjbQpkTV2r4-07:00:00,235,239,1.0317
d84WDadbu5AjbQpkTV2r4-07:00:00,239,245,0.42710000000000004
d84WDadbu5AjbQpkTV2r4-07:00:00,245,243,0.5841000000000001
d84WDadbu5AjbQpkTV2r4-07:00:00,243,241,1.0479
d84WDadbu5AjbQpkTV2r4-07:00:00,241,229,0.6613
d84WDadbu5AjbQpkTV2r4-07:00:00,229,225,0.3481
d84WDadbu5AjbQpkTV2r4-07:00:00,225,223,0.6788
d84WDadbu5AjbQpkTV2r4-07:00:00,223,198,0.1936
d84WDadbu5AjbQpkTV2r4-07:00:00,198,196,0.5163
d84WDadbu5AjbQpkTV2r4-07:00:00,196,193,0.38089999999999996
d84WDadbu5AjbQpkTV2r4-07:00:00,193,194,0.3493
d84WDadbu5AjbQpkTV2r4-07:00:00,194,186,0.5193
d84WDadbu5AjbQpkTV2r4-07:00:00,186,184,0.2174
d84WDadbu5AjbQpkTV2r4-07:00:00,184,183,0.29719999999999996
d84WDadbu5AjbQpkTV2r4-07:00:00,183,165,0.8052
d84WDadbu5AjbQpkTV2r4-07:00:00,165,164,0.2356
d84WDadbu5AjbQpkTV2r4-07:00:00,164,162,0.435
d84WDadbu5AjbQpkTV2r4-07:00:00,162,160,0.168
d84WDadbu5AjbQpkTV2r4-07:00:00,160,158,0.18830000000000002
dLkT29EUoWOal9hGBCA4x-07:00:00,41,43,0.1708
dLkT29EUoWOal9hGBCA4x-07:00:00,43,47,0.1822
dLkT29EUoWOal9hGBCA4x-07:00:00,47,376,1.0358
dLkT29EUoWOal9hGBCA4x-07:00:00,376,378,0.3396
dLkT29EUoWOal9hGBCA4x-07:00:00,378,380,0.7793
dLkT29EUoWOal9hGBCA4x-07:00:00,380,384,1.3460999999999999
dLkT29EUoWOal9hGBCA4x-07:00:00,384,428,18.8863
dWfTv7gA4CztWg-ijXkTe-07:00:00,189,191,0.38439999999999996
dWfTv7gA4CztWg-ijXkTe-07:00:00,191,197,0.5078
dWfTv7gA4CztWg-ijXkTe-07:00:00,197,199,0.5368999999999999
dWfTv7gA4CztWg-ijXkTe-07:00:00,199,224,0.18059999999999998
dWfTv7gA4CztWg-ijXkTe-07:00:00,224,412,0.393
dWfTv7gA4CztWg-ijXkTe-07:00:00,412,406,1.7675
dWfTv7gA4CztWg-ijXkTe-07:00:00,406,404,0.4209
dWfTv7gA4CztWg-ijXkTe-07:00:00,404,423,1.0840999999999998
dWfTv7gA4CztWg-ijXkTe-07:00:00,423,430,1.7530999999999999
dWfTv7gA4CztWg-ijXkTe-07:00:00,430,431,1.863
dWfTv7gA4CztWg-ijXkTe-07:00:00,431,345,2.3028000000000004
dWfTv7gA4CztWg-ijXkTe-07:00:00,345,329,1.7002000000000002
dWfTv7gA4CztWg-ijXkTe-07:00:00,329,297,2.1541
dWfTv7gA4CztWg-ijXkTe-07:00:00,297,299,0.26489999999999997
dWfTv7gA4CztWg-ijXkTe-07:00:00,299,305,0.7282000000000001
dWfTv7gA4CztWg-ijXkTe-07:00:00,305,307,0.9912000000000001
divI9MoAnOSksgYUNogFE-07:00:00,361,403,1.0455
divI9MoAnOSksgYUNogFE-07:00:00,403,200,0.9773999999999999
divI9MoAnOSksgYUNogFE-07:00:00,200,199,0.32230000000000003
divI9MoAnOSksgYUNogFE-07:00:00,199,224,0.18059999999999998
divI9MoAnOSksgYUNogFE-07:00:00,224,226,0.663
divI9MoAnOSksgYUNogFE-07:00:00,226,230,0.3495
divI9MoAnOSksgYUNogFE-07:00:00,230,242,0.6684
divI9MoAnOSksgYUNogFE-07:00:00,242,244,1.0674000000000001
divI9MoAnOSksgYUNogFE-07:00:00,244,246,0.5815
divI9MoAnOSksgYUNogFE-07:00:00,246,240,0.4061
divI9MoAnOSksgYUNogFE-07:00:00,240,236,1.0509000000000002
divI9MoAnOSksgYUNogFE-07:00:00,236,238,0.6514
divI9MoAnOSksgYUNogFE-07:00:00,238,234,0.5454
divI9MoAnOSksgYUNogFE-07:00:00,234,232,0.6236
divI9MoAnOSksgYUNogFE-07:00:00,232,221,0.8332999999999999
divI9MoAnOSksgYUNogFE-07:00:00,221,219,1.4167
divI9MoAnOSksgYUNogFE-07:00:00,219,215,0.4038
divI9MoAnOSksgYUNogFE-07:00:00,215,212,0.2994
divI9MoAnOSksgYUNogFE-07:00:00,212,210,0.5059
divI9MoAnOSksgYUNogFE-07:00:00,210,208,0.499
divI9MoAnOSksgYUNogFE-07:00:00,208,206,0.38839999999999997
divI9MoAnOSksgYUNogFE-07:00:00,206,204,0.43460000000000004
divI9MoAnOSksgYUNogFE-07:00:00,204,134,0.2105
divI9MoAnOSksgYUNogFE-07:00:00,134,127,2.7198
divI9MoAnOSksgYUNogFE-07:00:00,127,32,0.31239999999999996
divI9MoAnOSksgYUNogFE-07:00:00,32,13,0.3778
divI9MoAnOSksgYUNogFE-07:00:00,13,96,0.2671
divI9MoAnOSksgYUNogFE-07:00:00,96,94,0.275
divI9MoAnOSksgYUNogFE-07:00:00,94,92,0.15519999999999998
divI9MoAnOSksgYUNogFE-07:00:00,92,88,0.1085
divI9MoAnOSksgYUNogFE-07:00:00,88,90,0.1996
divI9MoAnOSksgYUNogFE-07:00:00,90,139,1.1596
divI9MoAnOSksgYUNogFE-07:00:00,139,137,0.2762
divI9MoAnOSksgYUNogFE-07:00:00,137,123,0.3487
divI9MoAnOSksgYUNogFE-07:00:00,123,126,0.3998
divI9MoAnOSksgYUNogFE-07:00:00,126,86,0.6601
divI9MoAnOSksgYUNogFE-07:00:00,86,254,1.8533
e8t7gY08MS-f47GD5XH51-07:00:00,305,271,2.1837
e8t7gY08MS-f47GD5XH51-07:00:00,271,447,0.3783
e8t7gY08MS-f47GD5XH51-07:00:00,447,280,1.849
e8t7gY08MS-f47GD5XH51-07:00:00,280,265,1.1248
e8t7gY08MS-f47GD5XH51-07:00:00,265,262,0.3528
eI4I1CFyBUEYtwzc_6nqC-07:00:00,175,178,2.7484
eVKw5V4GKYTFMFEU2cbKc-07:00:00,190,192,0.1502
eVKw5V4GKYTFMFEU2cbKc-07:00:00,192,197,0.3822
eVKw5V4GKYTFMFEU2cbKc-07:00:00,197,199,0.5368999999999999
eVKw5V4GKYTFMFEU2cbKc-07:00:00,199,224,0.18059999999999998
eVKw5V4GKYTFMFEU2cbKc-07:00:00,224,412,0.393
eVKw5V4GKYTFMFEU2cbKc-07:00:00,412,406,1.7675
eVKw5V4GKYTFMFEU2cbKc-07:00:00,406,404,0.4209
eVKw5V4GKYTFMFEU2cbKc-07:00:00,404,423,1.0840999999999998
eVKw5V4GKYTFMFEU2cbKc-07:00:00,423,168,3.0316
eVKw5V4GKYTFMFEU2cbKc-07:00:00,168,398,2.262
eVKw5V4GKYTFMFEU2cbKc-07:00:00,398,434,4.1648000000000005
eVKw5V4GKYTFMFEU2cbKc-07:00:00,434,395,5.6513
eVKw5V4GKYTFMFEU2cbKc-07:00:00,395,392,1.7441
eVKw5V4GKYTFMFEU2cbKc-07:00:00,392,389,2.8827
eVKw5V4GKYTFMFEU2cbKc-07:00:00,389,251,4.873399999999999
eVKw5V4GKYTFMFEU2cbKc-07:00:00,251,249,0.6545
eVKw5V4GKYTFMFEU2cbKc-07:00:00,249,121,1.514
eVKw5V4GKYTFMFEU2cbKc-07:00:00,121,114,1.0222
eVKw5V4GKYTFMFEU2cbKc-07:00:00,114,119,0.8954
eVKw5V4GKYTFMFEU2cbKc-07:00:00,119,117,2.6672
eZVkbWyfsnRxGOMkDoSfl-07:00:00,397,168,7.7026
eZVkbWyfsnRxGOMkDoSfl-07:00:00,168,424,1.8303
eZVkbWyfsnRxGOMkDoSfl-07:00:00,424,405,1.0839
eZVkbWyfsnRxGOMkDoSfl-07:00:00,405,407,0.45380000000000004
eZVkbWyfsnRxGOMkDoSfl-07:00:00,407,409,0.8402000000000001
eZVkbWyfsnRxGOMkDoSfl-07:00:00,409,402,0.74
eZVkbWyfsnRxGOMkDoSfl-07:00:00,402,359,0.8399
f33WNkS3h2sqBmb32LsDI-07:00:00,300,298,0.2047
f33WNkS3h2sqBmb32LsDI-07:00:00,298,296,0.25980000000000003
f33WNkS3h2sqBmb32LsDI-07:00:00,296,332,3.8487
f33WNkS3h2sqBmb32LsDI-07:00:00,332,330,1.3973
f33WNkS3h2sqBmb32LsDI-07:00:00,330,173,2.5598
f33WNkS3h2sqBmb32LsDI-07:00:00,173,171,0.8202
f33WNkS3h2sqBmb32LsDI-07:00:00,171,170,0.5554
f33WNkS3h2sqBmb32LsDI-07:00:00,170,168,1.2152
f33WNkS3h2sqBmb32LsDI-07:00:00,168,428,2.7259
fZK7Eo97quKfWNkbl9oTR-07:00:00,321,347,0.5464
fZK7Eo97quKfWNkbl9oTR-07:00:00,347,350,0.7327
fZK7Eo97quKfWNkbl9oTR-07:00:00,350,414,0.511
fZK7Eo97quKfWNkbl9oTR-07:00:00,414,410,1.3862
fZK7Eo97quKfWNkbl9oTR-07:00:00,410,200,1.1870999999999998
fZK7Eo97quKfWNkbl9oTR-07:00:00,200,201,0.432
fZK7Eo97quKfWNkbl9oTR-07:00:00,201,190,0.4692
fdkp3odv3VaA2gaEksu3i-07:00:00,120,250,1.5866
fdkp3odv3VaA2gaEksu3i-07:00:00,250,252,0.2969
fdkp3odv3VaA2gaEksu3i-07:00:00,252,390,5.087899999999999
fdkp3odv3VaA2gaEksu3i-07:00:00,390,391,2.8773
fdkp3odv3VaA2gaEksu3i-07:00:00,391,396,1.7769000000000001
fdkp3odv3VaA2gaEksu3i-07:00:00,396,435,5.5149
fdkp3odv3VaA2gaEksu3i-07:00:00,435,399,4.3163
fdkp3odv3VaA2gaEksu3i-07:00:00,399,168,2.2463
fdkp3odv3VaA2gaEksu3i-07:00:00,168,424,1.8303
fdkp3odv3VaA2gaEksu3i-07:00:00,424,405,1.0839
fdkp3odv3VaA2gaEksu3i-07:00:00,405,407,0.45380000000000004
fdkp3odv3VaA2gaEksu3i-07:00:00,407,358,2.411
gNGHM_FUxY2cAKLH9-ILE-07:00:00,216,213,0.6755
gNGHM_FUxY2cAKLH9-ILE-07:00:00,213,257,1.2114
gSfwa8Ce0UZivfHRgFQmi-07:00:00,41,43,0.1708
gSfwa8Ce0UZivfHRgFQmi-07:00:00,43,47,0.1822
gSfwa8Ce0UZivfHRgFQmi-07:00:00,47,376,1.0358
gSfwa8Ce0UZivfHRgFQmi-07:00:00,376,378,0.3396
gSfwa8Ce0UZivfHRgFQmi-07:00:00,378,380,0.7793
gSfwa8Ce0UZivfHRgFQmi-07:00:00,380,384,1.3460999999999999
gSfwa8Ce0UZivfHRgFQmi-07:00:00,384,427,18.283
gSfwa8Ce0UZivfHRgFQmi-07:00:00,427,430,2.5056
gSfwa8Ce0UZivfHRgFQmi-07:00:00,430,431,1.863
gSfwa8Ce0UZivfHRgFQmi-07:00:00,431,344,2.6407
gSfwa8Ce0UZivfHRgFQmi-07:00:00,344,339,1.3802
gSfwa8Ce0UZivfHRgFQmi-07:00:00,339,321,0.43939999999999996
gSfwa8Ce0UZivfHRgFQmi-07:00:00,321,323,1.3594000000000002
gp93eQ2WYNnUOJrA17bFP-07:00:00,192,197,0.3822
gp93eQ2WYNnUOJrA17bFP-07:00:00,197,199,0.5368999999999999
gp93eQ2WYNnUOJrA17bFP-07:00:00,199,224,0.18059999999999998
gp93eQ2WYNnUOJrA17bFP-07:00:00,224,412,0.393
gp93eQ2WYNnUOJrA17bFP-07:00:00,412,411,1.3033
gp93eQ2WYNnUOJrA17bFP-07:00:00,411,413,1.3793
gp93eQ2WYNnUOJrA17bFP-07:00:00,413,349,0.7128
gp93eQ2WYNnUOJrA17bFP-07:00:00,349,348,0.7187
gp93eQ2WYNnUOJrA17bFP-07:00:00,348,320,0.4771
gqntW1mb4ahLW_IHlR39R-07:00:00,189,192,0.4345
gqntW1mb4ahLW_IHlR39R-07:00:00,192,197,0.3822
gqntW1mb4ahLW_IHlR39R-07:00:00,197,199,0.5368999999999999
gqntW1mb4ahLW_IHlR39R-07:00:00,199,224,0.18059999999999998
gqntW1mb4ahLW_IHlR39R-07:00:00,224,412,0.393
gqntW1mb4ahLW_IHlR39R-07:00:00,412,411,1.3033
gqntW1mb4ahLW_IHlR39R-07:00:00,411,413,1.3793
gqntW1mb4ahLW_IHlR39R-07:00:00,413,336,1.3151
hCtxqlnqMmikZr4cnUgjF-07:00:00,29,31,0.4074
hCtxqlnqMmikZr4cnUgjF-07:00:00,31,33,0.6197999999999999
hCtxqlnqMmikZr4cnUgjF-07:00:00,33,38,0.266
hCtxqlnqMmikZr4cnUgjF-07:00:00,38,41,0.231
hCtxqlnqMmikZr4cnUgjF-07:00:00,41,43,0.1708
hCtxqlnqMmikZr4cnUgjF-07:00:00,43,47,0.1822
hCtxqlnqMmikZr4cnUgjF-07:00:00,47,376,1.0358
hCtxqlnqMmikZr4cnUgjF-07:00:00,376,378,0.3396
hCtxqlnqMmikZr4cnUgjF-07:00:00,378,380,0.7793
hCtxqlnqMmikZr4cnUgjF-07:00:00,380,384,1.3460999999999999
hCtxqlnqMmikZr4cnUgjF-07:00:00,384,386,1.0019
hCtxqlnqMmikZr4cnUgjF-07:00:00,386,437,3.7714000000000003
hCtxqlnqMmikZr4cnUgjF-07:00:00,437,370,2.6463
hCtxqlnqMmikZr4cnUgjF-07:00:00,370,368,0.6626000000000001
hCtxqlnqMmikZr4cnUgjF-07:00:00,368,374,1.3796
hCtxqlnqMmikZr4cnUgjF-07:00:00,374,364,0.8306
hCtxqlnqMmikZr4cnUgjF-07:00:00,364,401,1.1207
iGgUl6NwJYqGWhVkUHdiu-07:00:00,48,50,0.1735
iGgUl6NwJYqGWhVkUHdiu-07:00:00,50,52,0.1368
iGgUl6NwJYqGWhVkUHdiu-07:00:00,52,56,0.21569999999999998
iGgUl6NwJYqGWhVkUHdiu-07:00:00,56,54,0.8118
iGgUl6NwJYqGWhVkUHdiu-07:00:00,54,58,0.5091
iGgUl6NwJYqGWhVkUHdiu-07:00:00,58,61,0.427
iGgUl6NwJYqGWhVkUHdiu-07:00:00,61,63,0.5276000000000001
iGgUl6NwJYqGWhVkUHdiu-07:00:00,63,65,0.8733
iGgUl6NwJYqGWhVkUHdiu-07:00:00,65,67,1.4719
iGgUl6NwJYqGWhVkUHdiu-07:00:00,67,69,0.4659
iGgUl6NwJYqGWhVkUHdiu-07:00:00,69,71,0.7252000000000001
iGgUl6NwJYqGWhVkUHdiu-07:00:00,71,75,0.6437
iGgUl6NwJYqGWhVkUHdiu-07:00:00,75,77,1.1933
iGgUl6NwJYqGWhVkUHdiu-07:00:00,77,79,0.1374
iGgUl6NwJYqGWhVkUHdiu-07:00:00,79,103,0.48469999999999996
iGgUl6NwJYqGWhVkUHdiu-07:00:00,103,104,0.25739999999999996
iGgUl6NwJYqGWhVkUHdiu-07:00:00,104,106,0.2861
iGgUl6NwJYqGWhVkUHdiu-07:00:00,106,129,0.7074
iGgUl6NwJYqGWhVkUHdiu-07:00:00,129,131,0.39030000000000004
iGgUl6NwJYqGWhVkUHdiu-07:00:00,131,133,0.5953999999999999
iGgUl6NwJYqGWhVkUHdiu-07:00:00,133,203,0.1971
iGgUl6NwJYqGWhVkUHdiu-07:00:00,203,205,0.4565
iGgUl6NwJYqGWhVkUHdiu-07:00:00,205,207,0.4342
iGgUl6NwJYqGWhVkUHdiu-07:00:00,207,209,4.8508000000000004
iGgUl6NwJYqGWhVkUHdiu-07:00:00,209,211,2.274
iGgUl6NwJYqGWhVkUHdiu-07:00:00,211,214,1.0021
iGgUl6NwJYqGWhVkUHdiu-07:00:00,214,218,2.1185
iGgUl6NwJYqGWhVkUHdiu-07:00:00,218,220,1.4105
iGgUl6NwJYqGWhVkUHdiu-07:00:00,220,231,0.8179
iGgUl6NwJYqGWhVkUHdiu-07:00:00,231,233,0.6058
iGgUl6NwJYqGWhVkUHdiu-07:00:00,233,237,0.5404
iGgUl6NwJYqGWhVkUHdiu-07:00:00,237,235,0.5197999999999999
iGgUl6NwJYqGWhVkUHdiu-07:00:00,235,239,1.0317
iGgUl6NwJYqGWhVkUHdiu-07:00:00,239,245,0.42710000000000004
iGgUl6NwJYqGWhVkUHdiu-07:00:00,245,243,0.5841000000000001
iGgUl6NwJYqGWhVkUHdiu-07:00:00,243,241,1.0479
iGgUl6NwJYqGWhVkUHdiu-07:00:00,241,229,0.6613
iGgUl6NwJYqGWhVkUHdiu-07:00:00,229,225,0.3481
iGgUl6NwJYqGWhVkUHdiu-07:00:00,225,227,0.6194
iGgUl6NwJYqGWhVkUHdiu-07:00:00,227,409,1.1714
iGgUl6NwJYqGWhVkUHdiu-07:00:00,409,402,0.74
iHxp5k-_O7q56ncOSt9aW-07:00:00,359,403,0.9722000000000001
iHxp5k-_O7q56ncOSt9aW-07:00:00,403,406,1.3409
iHxp5k-_O7q56ncOSt9aW-07:00:00,406,404,0.4209
iHxp5k-_O7q56ncOSt9aW-07:00:00,404,423,1.0840999999999998
iHxp5k-_O7q56ncOSt9aW-07:00:00,423,167,1.8720999999999999
iHxp5k-_O7q56ncOSt9aW-07:00:00,167,398,2.1321
iHxp5k-_O7q56ncOSt9aW-07:00:00,398,434,4.1648000000000005
iHxp5k-_O7q56ncOSt9aW-07:00:00,434,395,5.6513
iHxp5k-_O7q56ncOSt9aW-07:00:00,395,392,1.7441
iHxp5k-_O7q56ncOSt9aW-07:00:00,392,389,2.8827
iHxp5k-_O7q56ncOSt9aW-07:00:00,389,251,4.873399999999999
iHxp5k-_O7q56ncOSt9aW-07:00:00,251,249,0.6545
iHxp5k-_O7q56ncOSt9aW-07:00:00,249,121,1.514
iUaEgr0LK4VOSZFkdzur6-07:00:00,282,283,0.6554
iUaEgr0LK4VOSZFkdzur6-07:00:00,283,280,0.7104
iUaEgr0LK4VOSZFkdzur6-07:00:00,280,273,1.1078
iUaEgr0LK4VOSZFkdzur6-07:00:00,273,295,1.1683
iUaEgr0LK4VOSZFkdzur6-07:00:00,295,445,3.3781999999999996
iUaEgr0LK4VOSZFkdzur6-07:00:00,445,319,3.1274
iUaEgr0LK4VOSZFkdzur6-07:00:00,319,353,3.8346999999999998
iUaEgr0LK4VOSZFkdzur6-07:00:00,353,421,4.4833
jUSQ8Z6RmiugCcePQrJNM-07:00:00,273,446,0.4746
jWBg8TvwT24t5ID8oRKxt-07:00:00,280,273,1.1078
jWBg8TvwT24t5ID8oRKxt-07:00:00,273,295,1.1683
jWBg8TvwT24t5ID8oRKxt-07:00:00,295,304,0.8733
kGJ35g79BU1ao8aW7duYA-07:00:00,426,5,45.093300000000006
kGJ35g79BU1ao8aW7duYA-07:00:00,5,4,1.4225
kGJ35g79BU1ao8aW7duYA-07:00:00,4,3,6.716600000000001
kGJ35g79BU1ao8aW7duYA-07:00:00,3,441,0.4963
kGJ35g79BU1ao8aW7duYA-07:00:00,441,1,6.6787
kKR0i-pEBtj87zRv8vRz5-07:00:00,433,429,1.7124000000000001
kKR0i-pEBtj87zRv8vRz5-07:00:00,429,424,1.5221
kKR0i-pEBtj87zRv8vRz5-07:00:00,424,405,1.0839
kKR0i-pEBtj87zRv8vRz5-07:00:00,405,407,0.45380000000000004
kKR0i-pEBtj87zRv8vRz5-07:00:00,407,409,0.8402000000000001
kKR0i-pEBtj87zRv8vRz5-07:00:00,409,402,0.74
kKR0i-pEBtj87zRv8vRz5-07:00:00,402,359,0.8399
keUygmfQjUMNwNeSanmRs-07:00:00,425,424,3.5714
keUygmfQjUMNwNeSanmRs-07:00:00,424,405,1.0839
keUygmfQjUMNwNeSanmRs-07:00:00,405,407,0.45380000000000004
keUygmfQjUMNwNeSanmRs-07:00:00,407,228,1.6787999999999998
keUygmfQjUMNwNeSanmRs-07:00:00,228,230,0.5765
keUygmfQjUMNwNeSanmRs-07:00:00,230,225,1.0824
keUygmfQjUMNwNeSanmRs-07:00:00,225,223,0.6788
keUygmfQjUMNwNeSanmRs-07:00:00,223,198,0.1936
keUygmfQjUMNwNeSanmRs-07:00:00,198,196,0.5163
keUygmfQjUMNwNeSanmRs-07:00:00,196,193,0.38089999999999996
keUygmfQjUMNwNeSanmRs-07:00:00,193,194,0.3493
lMQXKFc6iKvul6yn9yxiz-07:00:00,120,250,1.5866
lMQXKFc6iKvul6yn9yxiz-07:00:00,250,252,0.2969
lMQXKFc6iKvul6yn9yxiz-07:00:00,252,10,5.4435
lMQXKFc6iKvul6yn9yxiz-07:00:00,10,7,0.6347999999999999
lMQXKFc6iKvul6yn9yxiz-07:00:00,7,8,0.5522
lMQXKFc6iKvul6yn9yxiz-07:00:00,8,9,0.31989999999999996
lMQXKFc6iKvul6yn9yxiz-07:00:00,9,11,0.4017
lMQXKFc6iKvul6yn9yxiz-07:00:00,11,12,0.269
mL3nX7_Swe2eUme5B7Ufy-07:00:00,445,319,3.1274
mL3nX7_Swe2eUme5B7Ufy-07:00:00,319,352,3.8666
mL3nX7_Swe2eUme5B7Ufy-07:00:00,352,417,0.5734
mOAyR9hC46n6ORhDBT2l7-07:00:00,443,295,4.586600000000001
nYPyDFvmKgS3bcDV6-0-U-07:00:00,120,250,1.5866
nYPyDFvmKgS3bcDV6-0-U-07:00:00,250,252,0.2969
nYPyDFvmKgS3bcDV6-0-U-07:00:00,252,390,5.087899999999999
nYPyDFvmKgS3bcDV6-0-U-07:00:00,390,391,2.8773
nYPyDFvmKgS3bcDV6-0-U-07:00:00,391,396,1.7769000000000001
nYPyDFvmKgS3bcDV6-0-U-07:00:00,396,435,5.5149
nYPyDFvmKgS3bcDV6-0-U-07:00:00,435,399,4.3163
nYPyDFvmKgS3bcDV6-0-U-07:00:00,399,168,2.2463
nYPyDFvmKgS3bcDV6-0-U-07:00:00,168,428,2.7259
nilFxlyYPYNiAZui3Rdkw-07:00:00,394,396,2.63
nilFxlyYPYNiAZui3Rdkw-07:00:00,396,435,5.5149
nilFxlyYPYNiAZui3Rdkw-07:00:00,435,399,4.3163
nilFxlyYPYNiAZui3Rdkw-07:00:00,399,168,2.2463
nilFxlyYPYNiAZui3Rdkw-07:00:00,168,424,1.8303
nilFxlyYPYNiAZui3Rdkw-07:00:00,424,405,1.0839
nilFxlyYPYNiAZui3Rdkw-07:00:00,405,407,0.45380000000000004
nilFxlyYPYNiAZui3Rdkw-07:00:00,407,409,0.8402000000000001
nilFxlyYPYNiAZui3Rdkw-07:00:00,409,402,0.74
nilFxlyYPYNiAZui3Rdkw-07:00:00,402,359,0.8399
nnllgPNq1yuc-OXURFNAG-07:00:00,309,310,0.5088
nnllgPNq1yuc-OXURFNAG-07:00:00,310,319,1.0909
nnllgPNq1yuc-OXURFNAG-07:00:00,319,339,2.1368
nnllgPNq1yuc-OXURFNAG-07:00:00,339,321,0.43939999999999996
nnllgPNq1yuc-OXURFNAG-07:00:00,321,347,0.5464
nnllgPNq1yuc-OXURFNAG-07:00:00,347,350,0.7327
nnllgPNq1yuc-OXURFNAG-07:00:00,350,414,0.511
nnllgPNq1yuc-OXURFNAG-07:00:00,414,410,1.3862
nnllgPNq1yuc-OXURFNAG-07:00:00,410,228,0.8358
nnllgPNq1yuc-OXURFNAG-07:00:00,228,226,0.227
nnllgPNq1yuc-OXURFNAG-07:00:00,226,230,0.3495
nnllgPNq1yuc-OXURFNAG-07:00:00,230,223,1.7610999999999999
nnllgPNq1yuc-OXURFNAG-07:00:00,223,198,0.1936
nnllgPNq1yuc-OXURFNAG-07:00:00,198,196,0.5163
nnllgPNq1yuc-OXURFNAG-07:00:00,196,193,0.38089999999999996
o1-MNGEnaLwUnghnqO6JK-07:00:00,192,197,0.3822
o1-MNGEnaLwUnghnqO6JK-07:00:00,197,412,1.1105
o1-MNGEnaLwUnghnqO6JK-07:00:00,412,406,1.7675
o1-MNGEnaLwUnghnqO6JK-07:00:00,406,404,0.4209
o1-MNGEnaLwUnghnqO6JK-07:00:00,404,423,1.0840999999999998
o1-MNGEnaLwUnghnqO6JK-07:00:00,423,428,1.3724
o1-MNGEnaLwUnghnqO6JK-07:00:00,428,386,14.165299999999998
o1-MNGEnaLwUnghnqO6JK-07:00:00,386,383,1.2539
o1-MNGEnaLwUnghnqO6JK-07:00:00,383,381,1.2789000000000001
o1-MNGEnaLwUnghnqO6JK-07:00:00,381,377,0.842
o1-MNGEnaLwUnghnqO6JK-07:00:00,377,375,0.3201
o1-MNGEnaLwUnghnqO6JK-07:00:00,375,46,1.0375999999999999
o1-MNGEnaLwUnghnqO6JK-07:00:00,46,44,0.18819999999999998
o1-MNGEnaLwUnghnqO6JK-07:00:00,44,42,0.11270000000000001
o1-MNGEnaLwUnghnqO6JK-07:00:00,42,36,0.8016
o1-MNGEnaLwUnghnqO6JK-07:00:00,36,35,0.3035
o1-MNGEnaLwUnghnqO6JK-07:00:00,35,37,0.388
o1-MNGEnaLwUnghnqO6JK-07:00:00,37,247,0.7114
o9FR1QzxiDSovwQlc0MKb-07:00:00,305,271,2.1837
o9FR1QzxiDSovwQlc0MKb-07:00:00,271,447,0.3783
o9FR1QzxiDSovwQlc0MKb-07:00:00,447,280,1.849
o9FR1QzxiDSovwQlc0MKb-07:00:00,280,265,1.1248
o9FR1QzxiDSovwQlc0MKb-07:00:00,265,262,0.3528
oL-cc2-4cc5VXM7r-ShUc-07:00:00,93,95,0.14980000000000002
oL-cc2-4cc5VXM7r-ShUc-07:00:00,95,97,0.2776
oL-cc2-4cc5VXM7r-ShUc-07:00:00,97,14,0.2774
oL-cc2-4cc5VXM7r-ShUc-07:00:00,14,45,0.373
oL-cc2-4cc5VXM7r-ShUc-07:00:00,45,153,1.1135
oL-cc2-4cc5VXM7r-ShUc-07:00:00,153,255,0.6829
oL-cc2-4cc5VXM7r-ShUc-07:00:00,255,263,1.5275
oL-cc2-4cc5VXM7r-ShUc-07:00:00,263,284,1.616
oL-cc2-4cc5VXM7r-ShUc-07:00:00,284,291,1.1447
oL-cc2-4cc5VXM7r-ShUc-07:00:00,291,341,1.1280999999999999
oL-cc2-4cc5VXM7r-ShUc-07:00:00,341,324,0.7827000000000001
oL-cc2-4cc5VXM7r-ShUc-07:00:00,324,414,1.8157
oL-cc2-4cc5VXM7r-ShUc-07:00:00,414,410,1.3862
oL-cc2-4cc5VXM7r-ShUc-07:00:00,410,402,1.1694
oVe9NWCir7yf4YumOIYpG-07:00:00,412,406,1.7675
oVe9NWCir7yf4YumOIYpG-07:00:00,406,404,0.4209
oVe9NWCir7yf4YumOIYpG-07:00:00,404,423,1.0840999999999998
oVe9NWCir7yf4YumOIYpG-07:00:00,423,428,1.3724
ofLnCLGBqlPSHxiB_6HP7-07:00:00,425,423,1.5024000000000002
ofLnCLGBqlPSHxiB_6HP7-07:00:00,423,430,1.7530999999999999
ofLnCLGBqlPSHxiB_6HP7-07:00:00,430,431,1.863
ofLnCLGBqlPSHxiB_6HP7-07:00:00,431,345,2.3028000000000004
ofLnCLGBqlPSHxiB_6HP7-07:00:00,345,329,1.7002000000000002
ofLnCLGBqlPSHxiB_6HP7-07:00:00,329,297,2.1541
ofLnCLGBqlPSHxiB_6HP7-07:00:00,297,299,0.26489999999999997
ofLnCLGBqlPSHxiB_6HP7-07:00:00,299,302,0.2028
ofLnCLGBqlPSHxiB_6HP7-07:00:00,302,305,0.5254
ofLnCLGBqlPSHxiB_6HP7-07:00:00,305,271,2.1837
ofLnCLGBqlPSHxiB_6HP7-07:00:00,271,270,0.3613
ofLnCLGBqlPSHxiB_6HP7-07:00:00,270,269,0.8543999999999999
ofLnCLGBqlPSHxiB_6HP7-07:00:00,269,267,0.0886
p2LolNMw2UzYkCDS09TaM-07:00:00,400,363,1.1622999999999999
p2LolNMw2UzYkCDS09TaM-07:00:00,363,373,0.8042999999999999
p2LolNMw2UzYkCDS09TaM-07:00:00,373,367,1.3748
p2LolNMw2UzYkCDS09TaM-07:00:00,367,369,0.7151000000000001
p2LolNMw2UzYkCDS09TaM-07:00:00,369,436,2.7395
p2LolNMw2UzYkCDS09TaM-07:00:00,436,388,2.7979000000000003
p2LolNMw2UzYkCDS09TaM-07:00:00,388,387,0.29460000000000003
p2LolNMw2UzYkCDS09TaM-07:00:00,387,385,1.0118
p2LolNMw2UzYkCDS09TaM-07:00:00,385,383,1.0347
p2LolNMw2UzYkCDS09TaM-07:00:00,383,381,1.2789000000000001
p2LolNMw2UzYkCDS09TaM-07:00:00,381,382,2.6628000000000003
pCUExpIx94RHG6BGAhT6a-07:00:00,85,125,0.6105
pCUExpIx94RHG6BGAhT6a-07:00:00,125,124,0.4195
pCUExpIx94RHG6BGAhT6a-07:00:00,124,136,0.3087
pCUExpIx94RHG6BGAhT6a-07:00:00,136,91,0.5353
pCUExpIx94RHG6BGAhT6a-07:00:00,91,89,0.19319999999999998
pCUExpIx94RHG6BGAhT6a-07:00:00,89,93,0.1118
pCUExpIx94RHG6BGAhT6a-07:00:00,93,95,0.14980000000000002
pCUExpIx94RHG6BGAhT6a-07:00:00,95,97,0.2776
pCUExpIx94RHG6BGAhT6a-07:00:00,97,14,0.2774
pCUExpIx94RHG6BGAhT6a-07:00:00,14,45,0.373
pCUExpIx94RHG6BGAhT6a-07:00:00,45,128,0.3035
pCUExpIx94RHG6BGAhT6a-07:00:00,128,130,2.6486
pCUExpIx94RHG6BGAhT6a-07:00:00,130,132,1.3443
pCUExpIx94RHG6BGAhT6a-07:00:00,132,133,2.0650999999999997
pCUExpIx94RHG6BGAhT6a-07:00:00,133,203,0.1971
pCUExpIx94RHG6BGAhT6a-07:00:00,203,205,0.4565
pCUExpIx94RHG6BGAhT6a-07:00:00,205,207,0.4342
pCUExpIx94RHG6BGAhT6a-07:00:00,207,209,4.8508000000000004
pCUExpIx94RHG6BGAhT6a-07:00:00,209,211,2.274
pCUExpIx94RHG6BGAhT6a-07:00:00,211,214,1.0021
pCUExpIx94RHG6BGAhT6a-07:00:00,214,218,2.1185
pCUExpIx94RHG6BGAhT6a-07:00:00,218,220,1.4105
pCUExpIx94RHG6BGAhT6a-07:00:00,220,231,0.8179
pCUExpIx94RHG6BGAhT6a-07:00:00,231,233,0.6058
pCUExpIx94RHG6BGAhT6a-07:00:00,233,237,0.5404
pCUExpIx94RHG6BGAhT6a-07:00:00,237,235,0.5197999999999999
pCUExpIx94RHG6BGAhT6a-07:00:00,235,239,1.0317
pCUExpIx94RHG6BGAhT6a-07:00:00,239,245,0.42710000000000004
pCUExpIx94RHG6BGAhT6a-07:00:00,245,243,0.5841000000000001
pCUExpIx94RHG6BGAhT6a-07:00:00,243,241,1.0479
pCUExpIx94RHG6BGAhT6a-07:00:00,241,229,0.6613
pCUExpIx94RHG6BGAhT6a-07:00:00,229,225,0.3481
pCUExpIx94RHG6BGAhT6a-07:00:00,225,227,0.6194
pCUExpIx94RHG6BGAhT6a-07:00:00,227,409,1.1714
pCUExpIx94RHG6BGAhT6a-07:00:00,409,402,0.74
pCUExpIx94RHG6BGAhT6a-07:00:00,402,359,0.8399
pLOjOa2QgHvzgt6C_kcel-07:00:00,21,124,1.5654000000000001
pLOjOa2QgHvzgt6C_kcel-07:00:00,124,136,0.3087
pLOjOa2QgHvzgt6C_kcel-07:00:00,136,138,0.3266
pLOjOa2QgHvzgt6C_kcel-07:00:00,138,140,0.4485
pLOjOa2QgHvzgt6C_kcel-07:00:00,140,144,0.4026
pLOjOa2QgHvzgt6C_kcel-07:00:00,144,142,0.4775
pLOjOa2QgHvzgt6C_kcel-07:00:00,142,280,1.1122
pLOjOa2QgHvzgt6C_kcel-07:00:00,280,273,1.1078
pLOjOa2QgHvzgt6C_kcel-07:00:00,273,295,1.1683
pLOjOa2QgHvzgt6C_kcel-07:00:00,295,309,2.3857
pLOjOa2QgHvzgt6C_kcel-07:00:00,309,310,0.5088
pLOjOa2QgHvzgt6C_kcel-07:00:00,310,319,1.0909
pLOjOa2QgHvzgt6C_kcel-07:00:00,319,352,3.8666
pLOjOa2QgHvzgt6C_kcel-07:00:00,352,351,0.6412
pQ45GdSgOyF1CMHTWPmrk-07:00:00,384,386,1.0019
pQ45GdSgOyF1CMHTWPmrk-07:00:00,386,437,3.7714000000000003
pQ45GdSgOyF1CMHTWPmrk-07:00:00,437,370,2.6463
pQ45GdSgOyF1CMHTWPmrk-07:00:00,370,368,0.6626000000000001
pQ45GdSgOyF1CMHTWPmrk-07:00:00,368,374,1.3796
pQ45GdSgOyF1CMHTWPmrk-07:00:00,374,364,0.8306
pQ45GdSgOyF1CMHTWPmrk-07:00:00,364,401,1.1207
pvjC2m5XDlTvQWgPayp9C-07:00:00,192,197,0.3822
pvjC2m5XDlTvQWgPayp9C-07:00:00,197,199,0.5368999999999999
pvjC2m5XDlTvQWgPayp9C-07:00:00,199,224,0.18059999999999998
pvjC2m5XDlTvQWgPayp9C-07:00:00,224,412,0.393
pvjC2m5XDlTvQWgPayp9C-07:00:00,412,406,1.7675
pvjC2m5XDlTvQWgPayp9C-07:00:00,406,404,0.4209
pvjC2m5XDlTvQWgPayp9C-07:00:00,404,423,1.0840999999999998
pvjC2m5XDlTvQWgPayp9C-07:00:00,423,428,1.3724
pvjC2m5XDlTvQWgPayp9C-07:00:00,428,10,20.551099999999998
pvjC2m5XDlTvQWgPayp9C-07:00:00,10,7,0.6347999999999999
pvjC2m5XDlTvQWgPayp9C-07:00:00,7,8,0.5522
pvjC2m5XDlTvQWgPayp9C-07:00:00,8,9,0.31989999999999996
pvjC2m5XDlTvQWgPayp9C-07:00:00,9,11,0.4017
pvjC2m5XDlTvQWgPayp9C-07:00:00,11,12,0.269
q5Lba_fHFYAVYTctbEVvL-07:00:00,19,23,1.0216
q5Lba_fHFYAVYTctbEVvL-07:00:00,23,25,0.6137999999999999
q5Lba_fHFYAVYTctbEVvL-07:00:00,25,26,0.523
q5Lba_fHFYAVYTctbEVvL-07:00:00,26,29,0.6597000000000001
q5Lba_fHFYAVYTctbEVvL-07:00:00,29,31,0.4074
q5Lba_fHFYAVYTctbEVvL-07:00:00,31,33,0.6197999999999999
qGoxkcgxJLIYDgVV9cYQ6-07:00:00,362,406,1.8045
qGoxkcgxJLIYDgVV9cYQ6-07:00:00,406,404,0.4209
qGoxkcgxJLIYDgVV9cYQ6-07:00:00,404,423,1.0840999999999998
qGoxkcgxJLIYDgVV9cYQ6-07:00:00,423,430,1.7530999999999999
qGoxkcgxJLIYDgVV9cYQ6-07:00:00,430,431,1.863
qGoxkcgxJLIYDgVV9cYQ6-07:00:00,431,345,2.3028000000000004
qGoxkcgxJLIYDgVV9cYQ6-07:00:00,345,329,1.7002000000000002
qGoxkcgxJLIYDgVV9cYQ6-07:00:00,329,297,2.1541
qGoxkcgxJLIYDgVV9cYQ6-07:00:00,297,299,0.26489999999999997
qGoxkcgxJLIYDgVV9cYQ6-07:00:00,299,302,0.2028
qGoxkcgxJLIYDgVV9cYQ6-07:00:00,302,305,0.5254
qGoxkcgxJLIYDgVV9cYQ6-07:00:00,305,271,2.1837
qGoxkcgxJLIYDgVV9cYQ6-07:00:00,271,447,0.3783
qGoxkcgxJLIYDgVV9cYQ6-07:00:00,447,143,1.0916
qGoxkcgxJLIYDgVV9cYQ6-07:00:00,143,145,0.4119
qGoxkcgxJLIYDgVV9cYQ6-07:00:00,145,141,0.4165
qGoxkcgxJLIYDgVV9cYQ6-07:00:00,141,88,3.0966
qZcHenAJ7pJVpkcbhNg9l-07:00:00,15,6,2.4697
qZcHenAJ7pJVpkcbhNg9l-07:00:00,6,428,26.1214
q_FpxkrHACQ0njq87xh7H-07:00:00,82,83,0.7507999999999999
q_FpxkrHACQ0njq87xh7H-07:00:00,83,85,0.8847
q_FpxkrHACQ0njq87xh7H-07:00:00,85,125,0.6105
q_FpxkrHACQ0njq87xh7H-07:00:00,125,124,0.4195
q_FpxkrHACQ0njq87xh7H-07:00:00,124,136,0.3087
q_FpxkrHACQ0njq87xh7H-07:00:00,136,138,0.3266
q_FpxkrHACQ0njq87xh7H-07:00:00,138,140,0.4485
q_FpxkrHACQ0njq87xh7H-07:00:00,140,144,0.4026
q_FpxkrHACQ0njq87xh7H-07:00:00,144,142,0.4775
q_FpxkrHACQ0njq87xh7H-07:00:00,142,280,1.1122
q_FpxkrHACQ0njq87xh7H-07:00:00,280,274,0.6395
r6ovFR4tIxNGXdkL4UeVE-07:00:00,362,406,1.8045
r6ovFR4tIxNGXdkL4UeVE-07:00:00,406,404,0.4209
r6ovFR4tIxNGXdkL4UeVE-07:00:00,404,423,1.0840999999999998
r6ovFR4tIxNGXdkL4UeVE-07:00:00,423,167,1.8720999999999999
r6ovFR4tIxNGXdkL4UeVE-07:00:00,167,397,6.7366
r7hUDDmUQxs4nQXOpk7pC-07:00:00,15,6,2.4697
r7hUDDmUQxs4nQXOpk7pC-07:00:00,6,427,25.518099999999997
r7hUDDmUQxs4nQXOpk7pC-07:00:00,427,424,1.7785
r7hUDDmUQxs4nQXOpk7pC-07:00:00,424,405,1.0839
r7hUDDmUQxs4nQXOpk7pC-07:00:00,405,407,0.45380000000000004
r7hUDDmUQxs4nQXOpk7pC-07:00:00,407,228,1.6787999999999998
r7hUDDmUQxs4nQXOpk7pC-07:00:00,228,226,0.227
r7hUDDmUQxs4nQXOpk7pC-07:00:00,226,230,0.3495
r7hUDDmUQxs4nQXOpk7pC-07:00:00,230,242,0.6684
r7hUDDmUQxs4nQXOpk7pC-07:00:00,242,244,1.0674000000000001
r7hUDDmUQxs4nQXOpk7pC-07:00:00,244,246,0.5815
r7hUDDmUQxs4nQXOpk7pC-07:00:00,246,240,0.4061
r7hUDDmUQxs4nQXOpk7pC-07:00:00,240,326,2.3758000000000004
rz-CFcB9J3xy60VYWjZAn-07:00:00,344,338,2.7142
rz-CFcB9J3xy60VYWjZAn-07:00:00,338,335,1.0876
rz-CFcB9J3xy60VYWjZAn-07:00:00,335,350,0.8337
rz-CFcB9J3xy60VYWjZAn-07:00:00,350,414,0.511
rz-CFcB9J3xy60VYWjZAn-07:00:00,414,410,1.3862
rz-CFcB9J3xy60VYWjZAn-07:00:00,410,200,1.1870999999999998
rz-CFcB9J3xy60VYWjZAn-07:00:00,200,201,0.432
rz-CFcB9J3xy60VYWjZAn-07:00:00,201,190,0.4692
rz-CFcB9J3xy60VYWjZAn-07:00:00,190,188,0.3827
t2ZpJUKX5uFrXD9bfRgqq-07:00:00,15,6,2.4697
t2ZpJUKX5uFrXD9bfRgqq-07:00:00,6,364,21.131700000000002
t2ZpJUKX5uFrXD9bfRgqq-07:00:00,364,401,1.1207
t2ZpJUKX5uFrXD9bfRgqq-07:00:00,401,358,1.4197
t3fihouAmNU32d_e7msfe-07:00:00,54,58,0.5091
t3fihouAmNU32d_e7msfe-07:00:00,58,61,0.427
t3fihouAmNU32d_e7msfe-07:00:00,61,63,0.5276000000000001
t3fihouAmNU32d_e7msfe-07:00:00,63,65,0.8733
t3fihouAmNU32d_e7msfe-07:00:00,65,67,1.4719
t3fihouAmNU32d_e7msfe-07:00:00,67,69,0.4659
t3fihouAmNU32d_e7msfe-07:00:00,71,75,0.6437
t3fihouAmNU32d_e7msfe-07:00:00,75,77,1.1933
t3fihouAmNU32d_e7msfe-07:00:00,77,79,0.1374
t3fihouAmNU32d_e7msfe-07:00:00,79,103,0.48469999999999996
t3fihouAmNU32d_e7msfe-07:00:00,103,104,0.25739999999999996
t3fihouAmNU32d_e7msfe-07:00:00,104,106,0.2861
t3fihouAmNU32d_e7msfe-07:00:00,106,129,0.7074
t3fihouAmNU32d_e7msfe-07:00:00,129,131,0.39030000000000004
t3fihouAmNU32d_e7msfe-07:00:00,131,133,0.5953999999999999
t3fihouAmNU32d_e7msfe-07:00:00,133,203,0.1971
t3fihouAmNU32d_e7msfe-07:00:00,203,205,0.4565
t3fihouAmNU32d_e7msfe-07:00:00,205,207,0.4342
t3fihouAmNU32d_e7msfe-07:00:00,207,209,4.8508000000000004
t3fihouAmNU32d_e7msfe-07:00:00,209,211,2.274
t3fihouAmNU32d_e7msfe-07:00:00,211,214,1.0021
t3fihouAmNU32d_e7msfe-07:00:00,214,218,2.1185
t3fihouAmNU32d_e7msfe-07:00:00,218,220,1.4105
t3fihouAmNU32d_e7msfe-07:00:00,220,231,0.8179
t3fihouAmNU32d_e7msfe-07:00:00,231,233,0.6058
t3fihouAmNU32d_e7msfe-07:00:00,233,237,0.5404
t3fihouAmNU32d_e7msfe-07:00:00,237,235,0.5197999999999999
t3fihouAmNU32d_e7msfe-07:00:00,235,239,1.0317
t3fihouAmNU32d_e7msfe-07:00:00,239,245,0.42710000000000004
t3fihouAmNU32d_e7msfe-07:00:00,245,243,0.5841000000000001
t3fihouAmNU32d_e7msfe-07:00:00,243,241,1.0479
t3fihouAmNU32d_e7msfe-07:00:00,241,229,0.6613
t3fihouAmNU32d_e7msfe-07:00:00,229,225,0.3481
t3fihouAmNU32d_e7msfe-07:00:00,225,223,0.6788
t3fihouAmNU32d_e7msfe-07:00:00,223,198,0.1936
t3fihouAmNU32d_e7msfe-07:00:00,198,196,0.5163
t3fihouAmNU32d_e7msfe-07:00:00,196,190,0.5066
t3fihouAmNU32d_e7msfe-07:00:00,190,202,0.4177
tL1NRyqKwJOCmUECmIQqO-07:00:00,325,342,0.7632000000000001
tL1NRyqKwJOCmUECmIQqO-07:00:00,342,439,1.6122999999999998
tL1NRyqKwJOCmUECmIQqO-07:00:00,439,313,1.5338
tL1NRyqKwJOCmUECmIQqO-07:00:00,313,290,0.7727999999999999
tObSXctDA10XZJ6oW1EYp-07:00:00,161,163,0.1743
tObSXctDA10XZJ6oW1EYp-07:00:00,163,164,0.43739999999999996
tObSXctDA10XZJ6oW1EYp-07:00:00,164,165,0.2356
tObSXctDA10XZJ6oW1EYp-07:00:00,165,182,0.7845
tObSXctDA10XZJ6oW1EYp-07:00:00,182,185,0.30469999999999997
tObSXctDA10XZJ6oW1EYp-07:00:00,185,187,0.22569999999999998
tObSXctDA10XZJ6oW1EYp-07:00:00,187,195,0.5315
tObSXctDA10XZJ6oW1EYp-07:00:00,195,192,0.418
tObSXctDA10XZJ6oW1EYp-07:00:00,192,197,0.3822
tObSXctDA10XZJ6oW1EYp-07:00:00,197,199,0.5368999999999999
tObSXctDA10XZJ6oW1EYp-07:00:00,199,224,0.18059999999999998
tObSXctDA10XZJ6oW1EYp-07:00:00,224,412,0.393
tObSXctDA10XZJ6oW1EYp-07:00:00,412,406,1.7675
tObSXctDA10XZJ6oW1EYp-07:00:00,406,404,0.4209
tObSXctDA10XZJ6oW1EYp-07:00:00,404,423,1.0840999999999998
tObSXctDA10XZJ6oW1EYp-07:00:00,423,428,1.3724
tXwMswYEHusmu2vLfRPR2-07:00:00,260,281,0.43960000000000005
tXwMswYEHusmu2vLfRPR2-07:00:00,281,215,1.4255
tXwMswYEHusmu2vLfRPR2-07:00:00,215,218,2.1195999999999997
tXwMswYEHusmu2vLfRPR2-07:00:00,218,220,1.4105
tXwMswYEHusmu2vLfRPR2-07:00:00,220,231,0.8179
tXwMswYEHusmu2vLfRPR2-07:00:00,231,233,0.6058
tXwMswYEHusmu2vLfRPR2-07:00:00,233,237,0.5404
tXwMswYEHusmu2vLfRPR2-07:00:00,237,235,0.5197999999999999
tXwMswYEHusmu2vLfRPR2-07:00:00,235,239,1.0317
tXwMswYEHusmu2vLfRPR2-07:00:00,239,245,0.42710000000000004
tXwMswYEHusmu2vLfRPR2-07:00:00,245,243,0.5841000000000001
tXwMswYEHusmu2vLfRPR2-07:00:00,243,241,1.0479
tXwMswYEHusmu2vLfRPR2-07:00:00,241,229,0.6613
tXwMswYEHusmu2vLfRPR2-07:00:00,229,225,0.3481
tXwMswYEHusmu2vLfRPR2-07:00:00,225,223,0.6788
tXwMswYEHusmu2vLfRPR2-07:00:00,223,198,0.1936
tXwMswYEHusmu2vLfRPR2-07:00:00,198,196,0.5163
tXwMswYEHusmu2vLfRPR2-07:00:00,196,193,0.38089999999999996
tXwMswYEHusmu2vLfRPR2-07:00:00,193,194,0.3493
tl8ZQbvleCGCbWdgkRkZg-07:00:00,305,271,2.1837
tl8ZQbvleCGCbWdgkRkZg-07:00:00,271,270,0.3613
uE28Zm5OTYg1GLECQDEL0-07:00:00,79,103,0.48469999999999996
uE28Zm5OTYg1GLECQDEL0-07:00:00,103,104,0.25739999999999996
uE28Zm5OTYg1GLECQDEL0-07:00:00,104,106,0.2861
uE28Zm5OTYg1GLECQDEL0-07:00:00,106,129,0.7074
uE28Zm5OTYg1GLECQDEL0-07:00:00,129,131,0.39030000000000004
uE28Zm5OTYg1GLECQDEL0-07:00:00,131,133,0.5953999999999999
uE28Zm5OTYg1GLECQDEL0-07:00:00,133,203,0.1971
uE28Zm5OTYg1GLECQDEL0-07:00:00,203,205,0.4565
uE28Zm5OTYg1GLECQDEL0-07:00:00,205,207,0.4342
uE28Zm5OTYg1GLECQDEL0-07:00:00,207,209,4.8508000000000004
uE28Zm5OTYg1GLECQDEL0-07:00:00,209,211,2.274
uE28Zm5OTYg1GLECQDEL0-07:00:00,211,214,1.0021
uE28Zm5OTYg1GLECQDEL0-07:00:00,214,218,2.1185
uE28Zm5OTYg1GLECQDEL0-07:00:00,218,220,1.4105
uE28Zm5OTYg1GLECQDEL0-07:00:00,220,231,0.8179
uE28Zm5OTYg1GLECQDEL0-07:00:00,231,233,0.6058
uE28Zm5OTYg1GLECQDEL0-07:00:00,233,237,0.5404
uE28Zm5OTYg1GLECQDEL0-07:00:00,237,235,0.5197999999999999
uE28Zm5OTYg1GLECQDEL0-07:00:00,235,239,1.0317
uE28Zm5OTYg1GLECQDEL0-07:00:00,239,245,0.42710000000000004
uE28Zm5OTYg1GLECQDEL0-07:00:00,245,243,0.5841000000000001
uE28Zm5OTYg1GLECQDEL0-07:00:00,243,241,1.0479
uE28Zm5OTYg1GLECQDEL0-07:00:00,241,229,0.6613
uE28Zm5OTYg1GLECQDEL0-07:00:00,229,225,0.3481
uE28Zm5OTYg1GLECQDEL0-07:00:00,225,223,0.6788
uE28Zm5OTYg1GLECQDEL0-07:00:00,223,198,0.1936
uE28Zm5OTYg1GLECQDEL0-07:00:00,198,196,0.5163
uE28Zm5OTYg1GLECQDEL0-07:00:00,196,193,0.38089999999999996
uE28Zm5OTYg1GLECQDEL0-07:00:00,193,194,0.3493
uE28Zm5OTYg1GLECQDEL0-07:00:00,194,186,0.5193
uE28Zm5OTYg1GLECQDEL0-07:00:00,186,184,0.2174
uE28Zm5OTYg1GLECQDEL0-07:00:00,184,183,0.29719999999999996
uOo5ud2_KAT6G_nCjg9oe-07:00:00,419,354,3.7039
uOo5ud2_KAT6G_nCjg9oe-07:00:00,354,317,5.7986
uOo5ud2_KAT6G_nCjg9oe-07:00:00,317,311,0.9531000000000001
uOo5ud2_KAT6G_nCjg9oe-07:00:00,311,308,0.5722
uOo5ud2_KAT6G_nCjg9oe-07:00:00,308,306,1.4418
uRBqBvtxqfFULY3Kyi78n-07:00:00,366,372,0.7952
uRBqBvtxqfFULY3Kyi78n-07:00:00,372,364,2.2093000000000003
udcnz_0kW2tOMy6xB2_Ng-07:00:00,189,191,0.38439999999999996
udcnz_0kW2tOMy6xB2_Ng-07:00:00,191,197,0.5078
udcnz_0kW2tOMy6xB2_Ng-07:00:00,197,199,0.5368999999999999
udcnz_0kW2tOMy6xB2_Ng-07:00:00,199,224,0.18059999999999998
udcnz_0kW2tOMy6xB2_Ng-07:00:00,224,412,0.393
udcnz_0kW2tOMy6xB2_Ng-07:00:00,412,406,1.7675
udcnz_0kW2tOMy6xB2_Ng-07:00:00,406,404,0.4209
udcnz_0kW2tOMy6xB2_Ng-07:00:00,404,423,1.0840999999999998
udcnz_0kW2tOMy6xB2_Ng-07:00:00,423,430,1.7530999999999999
udcnz_0kW2tOMy6xB2_Ng-07:00:00,430,431,1.863
udcnz_0kW2tOMy6xB2_Ng-07:00:00,431,345,2.3028000000000004
udcnz_0kW2tOMy6xB2_Ng-07:00:00,345,329,1.7002000000000002
udcnz_0kW2tOMy6xB2_Ng-07:00:00,329,146,5.7405
udcnz_0kW2tOMy6xB2_Ng-07:00:00,146,148,0.3225
udcnz_0kW2tOMy6xB2_Ng-07:00:00,148,73,10.255
udcnz_0kW2tOMy6xB2_Ng-07:00:00,73,87,3.6755
udcnz_0kW2tOMy6xB2_Ng-07:00:00,87,66,3.0838
udcnz_0kW2tOMy6xB2_Ng-07:00:00,66,64,0.7005
udcnz_0kW2tOMy6xB2_Ng-07:00:00,64,62,0.5337999999999999
udcnz_0kW2tOMy6xB2_Ng-07:00:00,62,59,0.4254
udcnz_0kW2tOMy6xB2_Ng-07:00:00,59,55,0.5113
udcnz_0kW2tOMy6xB2_Ng-07:00:00,55,57,0.8122
udcnz_0kW2tOMy6xB2_Ng-07:00:00,57,53,0.2134
udcnz_0kW2tOMy6xB2_Ng-07:00:00,53,51,0.13219999999999998
v4sHde8sXh63a1CWeshcp-07:00:00,195,192,0.418
v4sHde8sXh63a1CWeshcp-07:00:00,192,197,0.3822
v4sHde8sXh63a1CWeshcp-07:00:00,197,412,1.1105
v4sHde8sXh63a1CWeshcp-07:00:00,412,406,1.7675
v4sHde8sXh63a1CWeshcp-07:00:00,406,404,0.4209
v4sHde8sXh63a1CWeshcp-07:00:00,404,423,1.0840999999999998
v4sHde8sXh63a1CWeshcp-07:00:00,423,428,1.3724
v6Tq-fJZg1OTVvR_yhueB-07:00:00,277,279,0.6935
v6Tq-fJZg1OTVvR_yhueB-07:00:00,279,273,0.6869
v6Tq-fJZg1OTVvR_yhueB-07:00:00,273,295,1.1683
v6Tq-fJZg1OTVvR_yhueB-07:00:00,295,304,0.8733
v6Tq-fJZg1OTVvR_yhueB-07:00:00,304,301,0.5203
v6Tq-fJZg1OTVvR_yhueB-07:00:00,301,298,0.2056
v6Tq-fJZg1OTVvR_yhueB-07:00:00,298,296,0.25980000000000003
v6Tq-fJZg1OTVvR_yhueB-07:00:00,296,332,3.8487
v6Tq-fJZg1OTVvR_yhueB-07:00:00,332,330,1.3973
v6Tq-fJZg1OTVvR_yhueB-07:00:00,330,173,2.5598
v6Tq-fJZg1OTVvR_yhueB-07:00:00,173,171,0.8202
v6Tq-fJZg1OTVvR_yhueB-07:00:00,171,170,0.5554
v6Tq-fJZg1OTVvR_yhueB-07:00:00,170,168,1.2152
v6Tq-fJZg1OTVvR_yhueB-07:00:00,168,428,2.7259
vDSOGaI-kcPGIccVzFiRw-07:00:00,109,111,0.4025
vDSOGaI-kcPGIccVzFiRw-07:00:00,111,113,0.833
vDSOGaI-kcPGIccVzFiRw-07:00:00,113,119,1.5768
vDSOGaI-kcPGIccVzFiRw-07:00:00,119,115,2.843
vDSOGaI-kcPGIccVzFiRw-07:00:00,115,120,1.1259000000000001
vDSOGaI-kcPGIccVzFiRw-07:00:00,120,250,1.5866
vDSOGaI-kcPGIccVzFiRw-07:00:00,250,252,0.2969
vDSOGaI-kcPGIccVzFiRw-07:00:00,252,390,5.087899999999999
vDSOGaI-kcPGIccVzFiRw-07:00:00,390,391,2.8773
vDSOGaI-kcPGIccVzFiRw-07:00:00,391,396,1.7769000000000001
vDSOGaI-kcPGIccVzFiRw-07:00:00,396,435,5.5149
vDSOGaI-kcPGIccVzFiRw-07:00:00,435,399,4.3163
vDSOGaI-kcPGIccVzFiRw-07:00:00,399,168,2.2463
vDSOGaI-kcPGIccVzFiRw-07:00:00,168,424,1.8303
vDSOGaI-kcPGIccVzFiRw-07:00:00,424,405,1.0839
vDSOGaI-kcPGIccVzFiRw-07:00:00,405,407,0.45380000000000004
vDSOGaI-kcPGIccVzFiRw-07:00:00,407,409,0.8402000000000001
vDSOGaI-kcPGIccVzFiRw-07:00:00,409,402,0.74
vDSOGaI-kcPGIccVzFiRw-07:00:00,402,359,0.8399
vGWP0NAWQ2WwsR_DTpmn9-07:00:00,89,93,0.1118
vGWP0NAWQ2WwsR_DTpmn9-07:00:00,93,95,0.14980000000000002
vGWP0NAWQ2WwsR_DTpmn9-07:00:00,95,97,0.2776
vGWP0NAWQ2WwsR_DTpmn9-07:00:00,97,14,0.2774
vGWP0NAWQ2WwsR_DTpmn9-07:00:00,14,45,0.373
vGWP0NAWQ2WwsR_DTpmn9-07:00:00,45,128,0.3035
vGWP0NAWQ2WwsR_DTpmn9-07:00:00,128,133,0.568
vGWP0NAWQ2WwsR_DTpmn9-07:00:00,133,203,0.1971
vGWP0NAWQ2WwsR_DTpmn9-07:00:00,203,205,0.4565
vGWP0NAWQ2WwsR_DTpmn9-07:00:00,205,207,0.4342
vGWP0NAWQ2WwsR_DTpmn9-07:00:00,207,209,4.8508000000000004
vGWP0NAWQ2WwsR_DTpmn9-07:00:00,209,211,2.274
vGWP0NAWQ2WwsR_DTpmn9-07:00:00,211,214,1.0021
vGWP0NAWQ2WwsR_DTpmn9-07:00:00,214,218,2.1185
vGWP0NAWQ2WwsR_DTpmn9-07:00:00,218,220,1.4105
vGWP0NAWQ2WwsR_DTpmn9-07:00:00,220,231,0.8179
vGWP0NAWQ2WwsR_DTpmn9-07:00:00,231,233,0.6058
vGWP0NAWQ2WwsR_DTpmn9-07:00:00,233,237,0.5404
vGWP0NAWQ2WwsR_DTpmn9-07:00:00,237,235,0.5197999999999999
vGWP0NAWQ2WwsR_DTpmn9-07:00:00,235,239,1.0317
vGWP0NAWQ2WwsR_DTpmn9-07:00:00,239,245,0.42710000000000004
vGWP0NAWQ2WwsR_DTpmn9-07:00:00,245,243,0.5841000000000001
vGWP0NAWQ2WwsR_DTpmn9-07:00:00,243,241,1.0479
vGWP0NAWQ2WwsR_DTpmn9-07:00:00,241,229,0.6613
vGWP0NAWQ2WwsR_DTpmn9-07:00:00,229,225,0.3481
vGWP0NAWQ2WwsR_DTpmn9-07:00:00,225,223,0.6788
vGWP0NAWQ2WwsR_DTpmn9-07:00:00,223,198,0.1936
vGWP0NAWQ2WwsR_DTpmn9-07:00:00,198,196,0.5163
vGWP0NAWQ2WwsR_DTpmn9-07:00:00,196,193,0.38089999999999996
vGWP0NAWQ2WwsR_DTpmn9-07:00:00,193,194,0.3493
vGWP0NAWQ2WwsR_DTpmn9-07:00:00,194,186,0.5193
vGWP0NAWQ2WwsR_DTpmn9-07:00:00,186,184,0.2174
vGWP0NAWQ2WwsR_DTpmn9-07:00:00,184,183,0.29719999999999996
vGWP0NAWQ2WwsR_DTpmn9-07:00:00,183,165,0.8052
vGWP0NAWQ2WwsR_DTpmn9-07:00:00,165,164,0.2356
vGWP0NAWQ2WwsR_DTpmn9-07:00:00,164,162,0.435
vGWP0NAWQ2WwsR_DTpmn9-07:00:00,162,160,0.168
vGWP0NAWQ2WwsR_DTpmn9-07:00:00,160,158,0.18830000000000002
vGWP0NAWQ2WwsR_DTpmn9-07:00:00,158,157,0.1158
vGWP0NAWQ2WwsR_DTpmn9-07:00:00,157,156,0.1377
vcRbpsi4jjFjRKF41t1UT-07:00:00,175,147,3.6231999999999998
vt5LHnmnnLuQC-tEARuAL-07:00:00,442,122,3.1315
w6teBIa3rLtCothzEDZKi-07:00:00,176,445,1.4487
wE7GlW3Fb_HPAB66Hhxh1-07:00:00,189,191,0.38439999999999996
wE7GlW3Fb_HPAB66Hhxh1-07:00:00,191,197,0.5078
wE7GlW3Fb_HPAB66Hhxh1-07:00:00,197,199,0.5368999999999999
wE7GlW3Fb_HPAB66Hhxh1-07:00:00,199,224,0.18059999999999998
wE7GlW3Fb_HPAB66Hhxh1-07:00:00,224,226,0.663
wE7GlW3Fb_HPAB66Hhxh1-07:00:00,226,230,0.3495
wE7GlW3Fb_HPAB66Hhxh1-07:00:00,230,242,0.6684
wE7GlW3Fb_HPAB66Hhxh1-07:00:00,242,244,1.0674000000000001
wE7GlW3Fb_HPAB66Hhxh1-07:00:00,244,246,0.5815
wE7GlW3Fb_HPAB66Hhxh1-07:00:00,246,240,0.4061
wE7GlW3Fb_HPAB66Hhxh1-07:00:00,240,236,1.0509000000000002
wE7GlW3Fb_HPAB66Hhxh1-07:00:00,236,238,0.6514
wE7GlW3Fb_HPAB66Hhxh1-07:00:00,238,234,0.5454
wE7GlW3Fb_HPAB66Hhxh1-07:00:00,234,232,0.6236
wE7GlW3Fb_HPAB66Hhxh1-07:00:00,232,285,0.8311000000000001
wE7GlW3Fb_HPAB66Hhxh1-07:00:00,285,287,0.5541
wNQ0rq7CAxb57IWuH3MiT-07:00:00,179,177,1.6455
wNQ0rq7CAxb57IWuH3MiT-07:00:00,177,307,1.4303
wNQ0rq7CAxb57IWuH3MiT-07:00:00,307,294,2.1165
wNQ0rq7CAxb57IWuH3MiT-07:00:00,294,316,0.7139
wNQ0rq7CAxb57IWuH3MiT-07:00:00,316,290,0.4026
wlRSKsJwTRTrfl4QBCwtY-07:00:00,99,13,0.7485
wlRSKsJwTRTrfl4QBCwtY-07:00:00,13,96,0.2671
wlRSKsJwTRTrfl4QBCwtY-07:00:00,96,94,0.275
wlRSKsJwTRTrfl4QBCwtY-07:00:00,94,92,0.15519999999999998
wlRSKsJwTRTrfl4QBCwtY-07:00:00,92,88,0.1085
wlRSKsJwTRTrfl4QBCwtY-07:00:00,88,90,0.1996
wlRSKsJwTRTrfl4QBCwtY-07:00:00,90,138,0.5542999999999999
wlRSKsJwTRTrfl4QBCwtY-07:00:00,138,140,0.4485
wlRSKsJwTRTrfl4QBCwtY-07:00:00,140,144,0.4026
wlRSKsJwTRTrfl4QBCwtY-07:00:00,144,142,0.4775
wlRSKsJwTRTrfl4QBCwtY-07:00:00,142,280,1.1122
wyt-c9kVSmo-uyx4zLFYT-07:00:00,258,209,1.9235
wyt-c9kVSmo-uyx4zLFYT-07:00:00,209,211,2.274
wyt-c9kVSmo-uyx4zLFYT-07:00:00,211,214,1.0021
wyt-c9kVSmo-uyx4zLFYT-07:00:00,214,218,2.1185
wyt-c9kVSmo-uyx4zLFYT-07:00:00,218,220,1.4105
wyt-c9kVSmo-uyx4zLFYT-07:00:00,220,231,0.8179
wyt-c9kVSmo-uyx4zLFYT-07:00:00,231,233,0.6058
wyt-c9kVSmo-uyx4zLFYT-07:00:00,233,237,0.5404
wyt-c9kVSmo-uyx4zLFYT-07:00:00,237,235,0.5197999999999999
wyt-c9kVSmo-uyx4zLFYT-07:00:00,235,239,1.0317
wyt-c9kVSmo-uyx4zLFYT-07:00:00,239,245,0.42710000000000004
wyt-c9kVSmo-uyx4zLFYT-07:00:00,245,243,0.5841000000000001
wyt-c9kVSmo-uyx4zLFYT-07:00:00,243,241,1.0479
wyt-c9kVSmo-uyx4zLFYT-07:00:00,241,229,0.6613
wyt-c9kVSmo-uyx4zLFYT-07:00:00,229,225,0.3481
wyt-c9kVSmo-uyx4zLFYT-07:00:00,225,223,0.6788
wyt-c9kVSmo-uyx4zLFYT-07:00:00,223,198,0.1936
wyt-c9kVSmo-uyx4zLFYT-07:00:00,198,196,0.5163
wyt-c9kVSmo-uyx4zLFYT-07:00:00,196,193,0.38089999999999996
wyt-c9kVSmo-uyx4zLFYT-07:00:00,193,194,0.3493
wzQQv79eeOAEsj4p6t-wx-07:00:00,41,43,0.1708
wzQQv79eeOAEsj4p6t-wx-07:00:00,43,47,0.1822
wzQQv79eeOAEsj4p6t-wx-07:00:00,47,376,1.0358
wzQQv79eeOAEsj4p6t-wx-07:00:00,376,378,0.3396
wzQQv79eeOAEsj4p6t-wx-07:00:00,378,379,0.7517
wzQQv79eeOAEsj4p6t-wx-07:00:00,379,384,1.3767
wzQQv79eeOAEsj4p6t-wx-07:00:00,384,169,18.3487
wzQQv79eeOAEsj4p6t-wx-07:00:00,169,172,0.5572999999999999
wzQQv79eeOAEsj4p6t-wx-07:00:00,172,174,0.8135
wzQQv79eeOAEsj4p6t-wx-07:00:00,174,331,2.5596
wzQQv79eeOAEsj4p6t-wx-07:00:00,331,333,1.4149
wzQQv79eeOAEsj4p6t-wx-07:00:00,333,297,3.8587
wzQQv79eeOAEsj4p6t-wx-07:00:00,297,299,0.26489999999999997
wzQQv79eeOAEsj4p6t-wx-07:00:00,299,302,0.2028
wzQQv79eeOAEsj4p6t-wx-07:00:00,302,305,0.5254
wzQQv79eeOAEsj4p6t-wx-07:00:00,305,271,2.1837
wzQQv79eeOAEsj4p6t-wx-07:00:00,271,270,0.3613
x4ViZBh3xZ7dXQ23JVcoJ-07:00:00,425,424,3.5714
x4ViZBh3xZ7dXQ23JVcoJ-07:00:00,424,405,1.0839
x4ViZBh3xZ7dXQ23JVcoJ-07:00:00,405,407,0.45380000000000004
x4ViZBh3xZ7dXQ23JVcoJ-07:00:00,407,409,0.8402000000000001
x4ViZBh3xZ7dXQ23JVcoJ-07:00:00,409,402,0.74
x4ViZBh3xZ7dXQ23JVcoJ-07:00:00,402,359,0.8399
xDj2dqi2X96UqHuyUcyqS-07:00:00,83,85,0.8847
xDj2dqi2X96UqHuyUcyqS-07:00:00,85,125,0.6105
xDj2dqi2X96UqHuyUcyqS-07:00:00,125,124,0.4195
xDj2dqi2X96UqHuyUcyqS-07:00:00,124,136,0.3087
xDj2dqi2X96UqHuyUcyqS-07:00:00,136,138,0.3266
xDj2dqi2X96UqHuyUcyqS-07:00:00,138,140,0.4485
xDj2dqi2X96UqHuyUcyqS-07:00:00,140,144,0.4026
xDj2dqi2X96UqHuyUcyqS-07:00:00,144,142,0.4775
xDj2dqi2X96UqHuyUcyqS-07:00:00,142,280,1.1122
xDj2dqi2X96UqHuyUcyqS-07:00:00,280,273,1.1078
xDj2dqi2X96UqHuyUcyqS-07:00:00,273,295,1.1683
xDj2dqi2X96UqHuyUcyqS-07:00:00,295,304,0.8733
xb8d2kdOwmERjQmCcjbyQ-07:00:00,360,400,1.5132
xb8d2kdOwmERjQmCcjbyQ-07:00:00,400,363,1.1622999999999999
xb8d2kdOwmERjQmCcjbyQ-07:00:00,363,373,0.8042999999999999
xb8d2kdOwmERjQmCcjbyQ-07:00:00,373,367,1.3748
xb8d2kdOwmERjQmCcjbyQ-07:00:00,367,369,0.7151000000000001
xb8d2kdOwmERjQmCcjbyQ-07:00:00,369,436,2.7395
xb8d2kdOwmERjQmCcjbyQ-07:00:00,436,385,4.2366
xb8d2kdOwmERjQmCcjbyQ-07:00:00,385,383,1.0347
xxgi7P3OGoDShZ0IAQUyL-07:00:00,360,400,1.5132
xxgi7P3OGoDShZ0IAQUyL-07:00:00,400,363,1.1622999999999999
xxgi7P3OGoDShZ0IAQUyL-07:00:00,363,373,0.8042999999999999
xxgi7P3OGoDShZ0IAQUyL-07:00:00,373,367,1.3748
xxgi7P3OGoDShZ0IAQUyL-07:00:00,367,369,0.7151000000000001
xxgi7P3OGoDShZ0IAQUyL-07:00:00,369,436,2.7395
xxgi7P3OGoDShZ0IAQUyL-07:00:00,436,385,4.2366
xxgi7P3OGoDShZ0IAQUyL-07:00:00,385,383,1.0347
xxgi7P3OGoDShZ0IAQUyL-07:00:00,383,381,1.2789000000000001
xxgi7P3OGoDShZ0IAQUyL-07:00:00,381,377,0.842
xxgi7P3OGoDShZ0IAQUyL-07:00:00,377,375,0.3201
xxgi7P3OGoDShZ0IAQUyL-07:00:00,375,46,1.0375999999999999
xxgi7P3OGoDShZ0IAQUyL-07:00:00,46,44,0.18819999999999998
xxgi7P3OGoDShZ0IAQUyL-07:00:00,44,42,0.11270000000000001
xxgi7P3OGoDShZ0IAQUyL-07:00:00,42,40,0.2063
yKUP1GAjkqmvJPLe6dDUV-07:00:00,155,253,0.5752
yKUP1GAjkqmvJPLe6dDUV-07:00:00,253,248,0.35919999999999996
yKUP1GAjkqmvJPLe6dDUV-07:00:00,248,356,0.6775
yKUP1GAjkqmvJPLe6dDUV-07:00:00,356,357,0.5536
z8pSD1wGRKg4oVh4eC0Iw-07:00:00,289,313,0.7725
z8pSD1wGRKg4oVh4eC0Iw-07:00:00,313,288,1.2546
z8pSD1wGRKg4oVh4eC0Iw-07:00:00,288,291,1.5608
z8pSD1wGRKg4oVh4eC0Iw-07:00:00,291,341,1.1280999999999999
zZPK942_z42ZWwqb9a3ED-07:00:00,41,43,0.1708
zZPK942_z42ZWwqb9a3ED-07:00:00,43,47,0.1822
zZPK942_z42ZWwqb9a3ED-07:00:00,47,376,1.0358
zZPK942_z42ZWwqb9a3ED-07:00:00,376,378,0.3396
zZPK942_z42ZWwqb9a3ED-07:00:00,378,380,0.7793
zZPK942_z42ZWwqb9a3ED-07:00:00,380,384,1.3460999999999999
zZPK942_z42ZWwqb9a3ED-07:00:00,384,386,1.0019
zZPK942_z42ZWwqb9a3ED-07:00:00,386,437,3.7714000000000003
zZPK942_z42ZWwqb9a3ED-07:00:00,437,370,2.6463
zZPK942_z42ZWwqb9a3ED-07:00:00,370,368,0.6626000000000001
zZPK942_z42ZWwqb9a3ED-07:00:00,368,374,1.3796
zZPK942_z42ZWwqb9a3ED-07:00:00,374,364,0.8306
zZPK942_z42ZWwqb9a3ED-07:00:00,364,401,1.1207
zZjzzNbMESUGofW2jqGDZ-07:00:00,225,227,0.6194
zZjzzNbMESUGofW2jqGDZ-07:00:00,227,406,1.7070999999999998
zZjzzNbMESUGofW2jqGDZ-07:00:00,406,404,0.4209
zZjzzNbMESUGofW2jqGDZ-07:00:00,404,423,1.0840999999999998
zZjzzNbMESUGofW2jqGDZ-07:00:00,423,428,1.3724
zivMUtHDofqSlzEUoK8F0-07:00:00,427,167,2.6554
zivMUtHDofqSlzEUoK8F0-07:00:00,167,169,1.806
zivMUtHDofqSlzEUoK8F0-07:00:00,169,172,0.5572999999999999
zivMUtHDofqSlzEUoK8F0-07:00:00,172,174,0.8135
zivMUtHDofqSlzEUoK8F0-07:00:00,174,331,2.5596
zivMUtHDofqSlzEUoK8F0-07:00:00,331,333,1.4149
zivMUtHDofqSlzEUoK8F0-07:00:00,333,297,3.8587
zivMUtHDofqSlzEUoK8F0-07:00:00,297,299,0.26489999999999997
zivMUtHDofqSlzEUoK8F0-07:00:00,299,302,0.2028
zivMUtHDofqSlzEUoK8F0-07:00:00,302,305,0.5254
zivMUtHDofqSlzEUoK8F0-07:00:00,305,271,2.1837
zivMUtHDofqSlzEUoK8F0-07:00:00,271,447,0.3783
zivMUtHDofqSlzEUoK8F0-07:00:00,447,143,1.0916
zivMUtHDofqSlzEUoK8F0-07:00:00,143,145,0.4119
zivMUtHDofqSlzEUoK8F0-07:00:00,145,141,0.4165
zivMUtHDofqSlzEUoK8F0-07:00:00,141,139,0.4532
zivMUtHDofqSlzEUoK8F0-07:00:00,139,137,0.2762
zivMUtHDofqSlzEUoK8F0-07:00:00,137,91,0.9717
zivMUtHDofqSlzEUoK8F0-07:00:00,91,89,0.19319999999999998
zivMUtHDofqSlzEUoK8F0-07:00:00,89,93,0.1118
zivMUtHDofqSlzEUoK8F0-07:00:00,93,95,0.14980000000000002
zivMUtHDofqSlzEUoK8F0-07:00:00,95,97,0.2776
zivMUtHDofqSlzEUoK8F0-07:00:00,97,14,0.2774
zivMUtHDofqSlzEUoK8F0-07:00:00,14,154,0.6273
zivMUtHDofqSlzEUoK8F0-07:00:00,154,98,0.5385
znJ4UDxPXmPvAbkcg1zot-07:00:00,15,6,2.4697
znJ4UDxPXmPvAbkcg1zot-07:00:00,6,427,25.518099999999997
znJ4UDxPXmPvAbkcg1zot-07:00:00,427,424,1.7785
znJ4UDxPXmPvAbkcg1zot-07:00:00,424,405,1.0839
znJ4UDxPXmPvAbkcg1zot-07:00:00,405,407,0.45380000000000004
znJ4UDxPXmPvAbkcg1zot-07:00:00,407,228,1.6787999999999998
znJ4UDxPXmPvAbkcg1zot-07:00:00,228,226,0.227
znJ4UDxPXmPvAbkcg1zot-07:00:00,226,230,0.3495
znJ4UDxPXmPvAbkcg1zot-07:00:00,230,223,1.7610999999999999
znJ4UDxPXmPvAbkcg1zot-07:00:00,223,198,0.1936
znJ4UDxPXmPvAbkcg1zot-07:00:00,198,196,0.5163
znJ4UDxPXmPvAbkcg1zot-07:00:00,196,190,0.5066
zu8jTrRbozlA63gSOD4cA-07:00:00,405,407,0.45380000000000004
zu8jTrRbozlA63gSOD4cA-07:00:00,407,228,1.6787999999999998
zu8jTrRbozlA63gSOD4cA-07:00:00,228,226,0.227
zu8jTrRbozlA63gSOD4cA-07:00:00,226,230,0.3495
zu8jTrRbozlA63gSOD4cA-07:00:00,230,223,1.7610999999999999
zu8jTrRbozlA63gSOD4cA-07:00:00,223,198,0.1936
zu8jTrRbozlA63gSOD4cA-07:00:00,198,196,0.5163
zu8jTrRbozlA63gSOD4cA-07:00:00,196,193,0.38089999999999996
zu8jTrRbozlA63gSOD4cA-07:00:00,193,194,0.3493
zu8jTrRbozlA63gSOD4cA-07:00:00,194,186,0.5193
zu8jTrRbozlA63gSOD4cA-07:00:00,186,184,0.2174
zu8jTrRbozlA63gSOD4cA-07:00:00,184,183,0.29719999999999996
zu8jTrRbozlA63gSOD4cA-07:00:00,183,165,0.8052
zu8jTrRbozlA63gSOD4cA-07:00:00,165,164,0.2356
zu8jTrRbozlA63gSOD4cA-07:00:00,164,162,0.435
zu8jTrRbozlA63gSOD4cA-07:00:00,162,160,0.168
zu8jTrRbozlA63gSOD4cA-07:00:00,160,158,0.18830000000000002
